filename,clip,orig_split,new_split
-AresVs-_BO2_2_0_jpg.rf.631a07c4d3d7212c1969692fbad4336b.jpg,-AresVs-_BO2_2,train,train
-AresVs-_BO2_2_100_jpg.rf.4340aeab3ef05c10e625b275d8c4b0a5.jpg,-AresVs-_BO2_2,train,train
-AresVs-_BO2_2_101_jpg.rf.1b876b7f02c7d8e62e87ae5a901b7d07.jpg,-AresVs-_BO2_2,train,train
-AresVs-_BO2_2_102_jpg.rf.167de3dbcd03ba2465bdc02b5dd8aa25.jpg,-AresVs-_BO2_2,train,train
-AresVs-_BO2_2_103_jpg.rf.de0967119b5a89b73d63d2d245f6a26a.jpg,-AresVs-_BO2_2,train,train
-AresVs-_BO2_2_104_jpg.rf.f0714b6b0c74aad8af8a42c181a9b0dd.jpg,-AresVs-_BO2_2,train,train
-AresVs-_BO2_2_105_jpg.rf.2417a5321790d0363b6c267a9c7a7420.jpg,-AresVs-_BO2_2,train,train
-AresVs-_BO2_2_106_jpg.rf.9a4b68d745df09d76b06c146f96ae2f1.jpg,-AresVs-_BO2_2,train,train
-AresVs-_BO2_2_107_jpg.rf.4c6e7af38751cbe382b298edd32f3887.jpg,-AresVs-_BO2_2,valid,train
-AresVs-_BO2_2_108_jpg.rf.9e76fd0d5f4989131083681da1bb6e76.jpg,-AresVs-_BO2_2,valid,train
-AresVs-_BO2_2_109_jpg.rf.fd7ed4ded467f3f62090212b76c35a8f.jpg,-AresVs-_BO2_2,train,train
-AresVs-_BO2_2_10_jpg.rf.9cf916e32968df3c6938ba74795367e1.jpg,-AresVs-_BO2_2,train,train
-AresVs-_BO2_2_110_jpg.rf.20182dbf95fed37627bfb3b374c0e973.jpg,-AresVs-_BO2_2,valid,train
-AresVs-_BO2_2_111_jpg.rf.49054f74144e4223108e9920b60bc8ce.jpg,-AresVs-_BO2_2,train,train
-AresVs-_BO2_2_112_jpg.rf.3e48b83ccc04dde0d7c5dcf72ea557fa.jpg,-AresVs-_BO2_2,train,train
-AresVs-_BO2_2_113_jpg.rf.0f683a4b2a60d097da848530d5899234.jpg,-AresVs-_BO2_2,train,train
-AresVs-_BO2_2_114_jpg.rf.41b8d7638b3b5b6344c1c3889c747931.jpg,-AresVs-_BO2_2,train,train
-AresVs-_BO2_2_115_jpg.rf.63382a888a1a850ee62ac39c340a5c09.jpg,-AresVs-_BO2_2,train,train
-AresVs-_BO2_2_116_jpg.rf.a8a1700827385ec543fb3333d2fa8532.jpg,-AresVs-_BO2_2,train,train
-AresVs-_BO2_2_117_jpg.rf.bae54a20661e2b34479d769b1d4c7c10.jpg,-AresVs-_BO2_2,train,train
-AresVs-_BO2_2_118_jpg.rf.7534bbe9d34089eba63a916eba5c9084.jpg,-AresVs-_BO2_2,train,train
-AresVs-_BO2_2_119_jpg.rf.a1a70f98ff8f91626dad133298b5d1da.jpg,-AresVs-_BO2_2,train,train
-AresVs-_BO2_2_11_jpg.rf.fe3dd59dcadba1310d55a5666edaa45a.jpg,-AresVs-_BO2_2,train,train
-AresVs-_BO2_2_120_jpg.rf.7fde8118663e3f7b315dc49ca1017d9c.jpg,-AresVs-_BO2_2,train,train
-AresVs-_BO2_2_121_jpg.rf.be5db4ddf39124aaab4d2ad7e2f90370.jpg,-AresVs-_BO2_2,train,train
-AresVs-_BO2_2_122_jpg.rf.6e4c810344b32aad51a10e3cda4404a3.jpg,-AresVs-_BO2_2,train,train
-AresVs-_BO2_2_123_jpg.rf.d64a2d008ceedc04537a510658f25110.jpg,-AresVs-_BO2_2,train,train
-AresVs-_BO2_2_124_jpg.rf.c9bcf0616c9b48031d6fec0ac448e5f4.jpg,-AresVs-_BO2_2,train,train
-AresVs-_BO2_2_125_jpg.rf.83477334b1d6300612db421956c72195.jpg,-AresVs-_BO2_2,train,train
-AresVs-_BO2_2_126_jpg.rf.2751c83f2040a8eecb75a9ca6e791abc.jpg,-AresVs-_BO2_2,test,train
-AresVs-_BO2_2_127_jpg.rf.76110ce57e94222b1a6cb7034bb2fc74.jpg,-AresVs-_BO2_2,valid,train
-AresVs-_BO2_2_128_jpg.rf.27d4fc6c26c5cb671c44bbdda55541db.jpg,-AresVs-_BO2_2,train,train
-AresVs-_BO2_2_129_jpg.rf.6ef9bff323c4564706c6f6befab3aff4.jpg,-AresVs-_BO2_2,train,train
-AresVs-_BO2_2_12_jpg.rf.0eba640cadb2fd4b5a860a87e569c8e4.jpg,-AresVs-_BO2_2,train,train
-AresVs-_BO2_2_130_jpg.rf.edfaa8e0128b97b08e2ddb6c512b34c2.jpg,-AresVs-_BO2_2,train,train
-AresVs-_BO2_2_131_jpg.rf.88b9d7d767a0f0dfe7b5e818030a246e.jpg,-AresVs-_BO2_2,train,train
-AresVs-_BO2_2_132_jpg.rf.9bcb74a22ea93a905a65f18345eaf3b9.jpg,-AresVs-_BO2_2,test,train
-AresVs-_BO2_2_133_jpg.rf.e8b6424131fc3e73be2a70e205f2513e.jpg,-AresVs-_BO2_2,train,train
-AresVs-_BO2_2_134_jpg.rf.b815de9d6d5c1c2b8b48c4e5de77f05d.jpg,-AresVs-_BO2_2,train,train
-AresVs-_BO2_2_135_jpg.rf.a526680217c08ee4244be530c7987bbb.jpg,-AresVs-_BO2_2,valid,train
-AresVs-_BO2_2_136_jpg.rf.5cc604a0483e292278e12ec1481a1fad.jpg,-AresVs-_BO2_2,train,train
-AresVs-_BO2_2_137_jpg.rf.f76ce3900b5051a207100ab3d30d7cbc.jpg,-AresVs-_BO2_2,train,train
-AresVs-_BO2_2_138_jpg.rf.6fc33d8acc542f29fac2ff096d70b763.jpg,-AresVs-_BO2_2,train,train
-AresVs-_BO2_2_139_jpg.rf.4e3f79c4b22e762b32ee61ab7808d5c8.jpg,-AresVs-_BO2_2,train,train
-AresVs-_BO2_2_13_jpg.rf.8b7b0dbb2d8bf844093b8642302b6692.jpg,-AresVs-_BO2_2,valid,train
-AresVs-_BO2_2_140_jpg.rf.8edfda5864da382ce1dba5b82a03b9b9.jpg,-AresVs-_BO2_2,train,train
-AresVs-_BO2_2_141_jpg.rf.c785e2675ddd879f225e4aae02e5ba68.jpg,-AresVs-_BO2_2,train,train
-AresVs-_BO2_2_142_jpg.rf.5e4a5cbf702166bdd75d28fcd9f8df29.jpg,-AresVs-_BO2_2,train,train
-AresVs-_BO2_2_143_jpg.rf.39f435d81c19bdda720c4c9e824695e3.jpg,-AresVs-_BO2_2,valid,train
-AresVs-_BO2_2_144_jpg.rf.6a874f050df63e55f829058496f691bc.jpg,-AresVs-_BO2_2,train,train
-AresVs-_BO2_2_145_jpg.rf.8a2597178a184767b9eddbdd8e910fcc.jpg,-AresVs-_BO2_2,train,train
-AresVs-_BO2_2_146_jpg.rf.d44f6781b15a97ded4a84d38f60ad793.jpg,-AresVs-_BO2_2,train,train
-AresVs-_BO2_2_147_jpg.rf.556c464adbc518b14cdaa7713b200393.jpg,-AresVs-_BO2_2,train,train
-AresVs-_BO2_2_148_jpg.rf.5b68d1c9b801c5f66a1a62965f4cbc48.jpg,-AresVs-_BO2_2,valid,train
-AresVs-_BO2_2_149_jpg.rf.17980035f50fa56a99f440444e904af7.jpg,-AresVs-_BO2_2,train,train
-AresVs-_BO2_2_14_jpg.rf.4a6c06b810159dc383737f35812926d2.jpg,-AresVs-_BO2_2,train,train
-AresVs-_BO2_2_150_jpg.rf.c951541c0861c4cec50b86565b34ced2.jpg,-AresVs-_BO2_2,train,train
-AresVs-_BO2_2_151_jpg.rf.ce17efbf2d33339fbb7f5d3993a15eb3.jpg,-AresVs-_BO2_2,train,train
-AresVs-_BO2_2_152_jpg.rf.8bb84204f27c1f60e1fdc3dcb8b919a1.jpg,-AresVs-_BO2_2,test,train
-AresVs-_BO2_2_153_jpg.rf.a4400fa076835e641bc4dcb5ff44aebd.jpg,-AresVs-_BO2_2,train,train
-AresVs-_BO2_2_154_jpg.rf.f746a39da97ae2cb89e614060f7667d0.jpg,-AresVs-_BO2_2,train,train
-AresVs-_BO2_2_155_jpg.rf.c6549f8b04ebbeb68c0daa0ca8a52c03.jpg,-AresVs-_BO2_2,test,train
-AresVs-_BO2_2_156_jpg.rf.5de5ea06582414f422dada03cbabf66d.jpg,-AresVs-_BO2_2,train,train
-AresVs-_BO2_2_157_jpg.rf.59a8853383072e3e9698b5ae0fc640ef.jpg,-AresVs-_BO2_2,test,train
-AresVs-_BO2_2_158_jpg.rf.d578182f1c74dfbea054eedc1ec2e6a3.jpg,-AresVs-_BO2_2,train,train
-AresVs-_BO2_2_159_jpg.rf.abc2cdc52851217cb31661c126d58262.jpg,-AresVs-_BO2_2,train,train
-AresVs-_BO2_2_15_jpg.rf.ee6d43af2ccc1260292c3cbb549994e9.jpg,-AresVs-_BO2_2,test,train
-AresVs-_BO2_2_160_jpg.rf.a779c74d0041fe71329e78edb67f57db.jpg,-AresVs-_BO2_2,test,train
-AresVs-_BO2_2_161_jpg.rf.12b7469075d0472fce7d686d5f4ac22b.jpg,-AresVs-_BO2_2,train,train
-AresVs-_BO2_2_162_jpg.rf.acc0a34d24cbff53f7f7309cf81e7358.jpg,-AresVs-_BO2_2,train,train
-AresVs-_BO2_2_163_jpg.rf.3ed342cf2cf955d188cb3e4538658312.jpg,-AresVs-_BO2_2,train,train
-AresVs-_BO2_2_164_jpg.rf.2bd2eec13ce50fdd4b8082084d8859cf.jpg,-AresVs-_BO2_2,train,train
-AresVs-_BO2_2_165_jpg.rf.656ff0c7b4507145b27928c29837860d.jpg,-AresVs-_BO2_2,train,train
-AresVs-_BO2_2_166_jpg.rf.c418f662b63e9a05548e2dd9b3e2e350.jpg,-AresVs-_BO2_2,train,train
-AresVs-_BO2_2_167_jpg.rf.5e40d0e2ca26b3b2a4e31b151ee64d61.jpg,-AresVs-_BO2_2,train,train
-AresVs-_BO2_2_168_jpg.rf.82574ad73563256d86f1a091beb7ebcd.jpg,-AresVs-_BO2_2,train,train
-AresVs-_BO2_2_169_jpg.rf.52ae9175db5ac7d8cb8f6f32fcd616e7.jpg,-AresVs-_BO2_2,train,train
-AresVs-_BO2_2_16_jpg.rf.d6ef12f4f4c643e7e1e3df153815d3bf.jpg,-AresVs-_BO2_2,train,train
-AresVs-_BO2_2_170_jpg.rf.eda2188b3944250ea4d6bc18d1a987fc.jpg,-AresVs-_BO2_2,train,train
-AresVs-_BO2_2_171_jpg.rf.ad2aece661185d79d3206ca7f0096ad5.jpg,-AresVs-_BO2_2,train,train
-AresVs-_BO2_2_172_jpg.rf.a5121d51f70124d85215f3967c20c226.jpg,-AresVs-_BO2_2,train,train
-AresVs-_BO2_2_173_jpg.rf.2362ef990e64b5ab5c4251bc7a4b88ff.jpg,-AresVs-_BO2_2,train,train
-AresVs-_BO2_2_174_jpg.rf.21cf71a93b256679a026eaf423ef16dc.jpg,-AresVs-_BO2_2,train,train
-AresVs-_BO2_2_175_jpg.rf.9aba4fc679668708e806efb62ae54446.jpg,-AresVs-_BO2_2,train,train
-AresVs-_BO2_2_176_jpg.rf.e381a4e6aa6478947cb75d10d15031cd.jpg,-AresVs-_BO2_2,train,train
-AresVs-_BO2_2_177_jpg.rf.d3b1599be0fc5c3dd7c38824557d54ff.jpg,-AresVs-_BO2_2,train,train
-AresVs-_BO2_2_178_jpg.rf.7d1521536fc99aa6a9c5c7d35982f00c.jpg,-AresVs-_BO2_2,valid,train
-AresVs-_BO2_2_179_jpg.rf.7bd6445cb0dd21d742bcb41b718c89d5.jpg,-AresVs-_BO2_2,train,train
-AresVs-_BO2_2_17_jpg.rf.8c7cda5f08f53e6ecb68723167d0b433.jpg,-AresVs-_BO2_2,train,train
-AresVs-_BO2_2_180_jpg.rf.005f0856318d646604b3db61814a261c.jpg,-AresVs-_BO2_2,test,train
-AresVs-_BO2_2_181_jpg.rf.b40bb9d007aa1e276e439aee7f8bfa6d.jpg,-AresVs-_BO2_2,train,train
-AresVs-_BO2_2_182_jpg.rf.5c5140bdd7019bc804ab063934f36524.jpg,-AresVs-_BO2_2,train,train
-AresVs-_BO2_2_183_jpg.rf.84264610c3fa965687842890f44d3c72.jpg,-AresVs-_BO2_2,train,train
-AresVs-_BO2_2_184_jpg.rf.f2d08e52a80c3fa446b8cdcf3a871086.jpg,-AresVs-_BO2_2,train,train
-AresVs-_BO2_2_185_jpg.rf.93fdf35061d05434bb170fd0232a95c6.jpg,-AresVs-_BO2_2,train,train
-AresVs-_BO2_2_186_jpg.rf.cd3bca154299a86b13000ac02ce39f4c.jpg,-AresVs-_BO2_2,test,train
-AresVs-_BO2_2_187_jpg.rf.198b8b8ccc76d9eee693b1d9c482465a.jpg,-AresVs-_BO2_2,train,train
-AresVs-_BO2_2_188_jpg.rf.171bd73d51e49c458f4fb26c350d014a.jpg,-AresVs-_BO2_2,train,train
-AresVs-_BO2_2_189_jpg.rf.44d717b049b7a36ef7d119a3798587cb.jpg,-AresVs-_BO2_2,train,train
-AresVs-_BO2_2_18_jpg.rf.d77b064cebd6264bf888fafa6860dae5.jpg,-AresVs-_BO2_2,train,train
-AresVs-_BO2_2_190_jpg.rf.a6f1d4ef3310f1ae436061cfef16776d.jpg,-AresVs-_BO2_2,valid,train
-AresVs-_BO2_2_191_jpg.rf.60061a4406ce1ee64f5d33ca7eea6f1d.jpg,-AresVs-_BO2_2,train,train
-AresVs-_BO2_2_192_jpg.rf.5566dc05383f2c31b8a8a74db6ee37f2.jpg,-AresVs-_BO2_2,train,train
-AresVs-_BO2_2_193_jpg.rf.63a5803974c59e5f1cb07e12480160a0.jpg,-AresVs-_BO2_2,train,train
-AresVs-_BO2_2_194_jpg.rf.6257f1f64c22d4f5d1be93c79a726025.jpg,-AresVs-_BO2_2,valid,train
-AresVs-_BO2_2_195_jpg.rf.e9ea968c52a39e8c3e00607638a3667f.jpg,-AresVs-_BO2_2,train,train
-AresVs-_BO2_2_196_jpg.rf.6deb3ae1ef83421b60b193f5e3eb0972.jpg,-AresVs-_BO2_2,train,train
-AresVs-_BO2_2_197_jpg.rf.56c979797332c8ed0c91edc083e4ad75.jpg,-AresVs-_BO2_2,train,train
-AresVs-_BO2_2_198_jpg.rf.d59b7be2e735a6cb52c2c51b4ed624c7.jpg,-AresVs-_BO2_2,test,train
-AresVs-_BO2_2_199_jpg.rf.3dea43d4d8fa91c622335d64b938e16a.jpg,-AresVs-_BO2_2,valid,train
-AresVs-_BO2_2_19_jpg.rf.8c2ead1dfa6c4f1627f9ac3f56c28ea1.jpg,-AresVs-_BO2_2,valid,train
-AresVs-_BO2_2_1_jpg.rf.04a55e8de6947b3457cdc999fcff9fd9.jpg,-AresVs-_BO2_2,valid,train
-AresVs-_BO2_2_200_jpg.rf.8ad00f14f94a7f26980f58a788988a50.jpg,-AresVs-_BO2_2,valid,train
-AresVs-_BO2_2_201_jpg.rf.42f035c67badc222d5341b76138db177.jpg,-AresVs-_BO2_2,train,train
-AresVs-_BO2_2_202_jpg.rf.79c495892fe9c6515e60876b40afb2ab.jpg,-AresVs-_BO2_2,train,train
-AresVs-_BO2_2_203_jpg.rf.c3f75e8818d242d6d95f9fa55579b7c8.jpg,-AresVs-_BO2_2,train,train
-AresVs-_BO2_2_204_jpg.rf.fb7ed7f0c4c49a5142b43ab8f0af3a8e.jpg,-AresVs-_BO2_2,valid,train
-AresVs-_BO2_2_205_jpg.rf.a72735a9e245ca38b4059c11d2e69c40.jpg,-AresVs-_BO2_2,valid,train
-AresVs-_BO2_2_206_jpg.rf.af7668e801d949f7997931cb4622b09b.jpg,-AresVs-_BO2_2,valid,train
-AresVs-_BO2_2_207_jpg.rf.e1a3e077eb958d3a6adf53bac39bc79a.jpg,-AresVs-_BO2_2,train,train
-AresVs-_BO2_2_208_jpg.rf.882c8901550a12cbcf8d7910c8d0ad3a.jpg,-AresVs-_BO2_2,train,train
-AresVs-_BO2_2_209_jpg.rf.9e08f88fee84e74e9894ff909a34b563.jpg,-AresVs-_BO2_2,train,train
-AresVs-_BO2_2_20_jpg.rf.69335377f530a6e38058719592636158.jpg,-AresVs-_BO2_2,train,train
-AresVs-_BO2_2_210_jpg.rf.f2157a1a9317fca0b86eda760d01d628.jpg,-AresVs-_BO2_2,train,train
-AresVs-_BO2_2_211_jpg.rf.7d315877ad705421f0c868c317bf5a73.jpg,-AresVs-_BO2_2,train,train
-AresVs-_BO2_2_212_jpg.rf.ec76bc2bca879aff1df8ca727bdfab66.jpg,-AresVs-_BO2_2,train,train
-AresVs-_BO2_2_213_jpg.rf.6e71ef0a145784d4b0f8e5c0f6943beb.jpg,-AresVs-_BO2_2,train,train
-AresVs-_BO2_2_214_jpg.rf.2ac9fdb845e6f551593f77636ac49d47.jpg,-AresVs-_BO2_2,test,train
-AresVs-_BO2_2_215_jpg.rf.69df155daae29f26d04891e07007e09c.jpg,-AresVs-_BO2_2,train,train
-AresVs-_BO2_2_216_jpg.rf.6da3dc5beaa1197637b4862e0f0881f4.jpg,-AresVs-_BO2_2,train,train
-AresVs-_BO2_2_217_jpg.rf.22b534f703833c1457885a9bf3f182a4.jpg,-AresVs-_BO2_2,train,train
-AresVs-_BO2_2_218_jpg.rf.59500e65d5e3586f66e7caa588fe37ba.jpg,-AresVs-_BO2_2,train,train
-AresVs-_BO2_2_219_jpg.rf.4bb408327b6afbac584b1c0a4c0c0453.jpg,-AresVs-_BO2_2,valid,train
-AresVs-_BO2_2_21_jpg.rf.eac5dc820b9331ad07647383b6640a1e.jpg,-AresVs-_BO2_2,train,train
-AresVs-_BO2_2_220_jpg.rf.6a96196a3671310c26ed11466824c890.jpg,-AresVs-_BO2_2,train,train
-AresVs-_BO2_2_221_jpg.rf.a41ec703448496ab75f2b6242e5c370c.jpg,-AresVs-_BO2_2,test,train
-AresVs-_BO2_2_222_jpg.rf.e2070b0feef6da5e2258f64daded8f10.jpg,-AresVs-_BO2_2,train,train
-AresVs-_BO2_2_223_jpg.rf.60dfd2b77f4dc4674ae28a1d070ba2bf.jpg,-AresVs-_BO2_2,train,train
-AresVs-_BO2_2_224_jpg.rf.dbe8421780402b9f7a1177185127dd57.jpg,-AresVs-_BO2_2,valid,train
-AresVs-_BO2_2_225_jpg.rf.249dd70c79504cb62738dd19b5d24637.jpg,-AresVs-_BO2_2,train,train
-AresVs-_BO2_2_226_jpg.rf.4617797eb438c28d27f1c6c5050c65cc.jpg,-AresVs-_BO2_2,valid,train
-AresVs-_BO2_2_227_jpg.rf.f6671ac87509311aeab6f51ef77fdf2d.jpg,-AresVs-_BO2_2,valid,train
-AresVs-_BO2_2_228_jpg.rf.4fdb3fe196124d98d95deb1111eb8ceb.jpg,-AresVs-_BO2_2,train,train
-AresVs-_BO2_2_229_jpg.rf.798af0b0b04e7d12c6f5546325c95d87.jpg,-AresVs-_BO2_2,train,train
-AresVs-_BO2_2_22_jpg.rf.d0b86e01d62c087d337c043c5b7904c5.jpg,-AresVs-_BO2_2,train,train
-AresVs-_BO2_2_230_jpg.rf.059d8d879e8f1131505ee47cc1cf307a.jpg,-AresVs-_BO2_2,valid,train
-AresVs-_BO2_2_231_jpg.rf.493c42f9754703ca4b71ff59f73429ef.jpg,-AresVs-_BO2_2,train,train
-AresVs-_BO2_2_232_jpg.rf.c46c812dd3787949bc9333648d83e485.jpg,-AresVs-_BO2_2,train,train
-AresVs-_BO2_2_233_jpg.rf.82d95cb49b9a17c33c70e5f107de46d0.jpg,-AresVs-_BO2_2,train,train
-AresVs-_BO2_2_234_jpg.rf.d55faab7066f09dfb63dc37cb006b6cf.jpg,-AresVs-_BO2_2,train,train
-AresVs-_BO2_2_235_jpg.rf.d086a49f7ca2445839d7f16b23be0eec.jpg,-AresVs-_BO2_2,test,train
-AresVs-_BO2_2_236_jpg.rf.3d7e29c092477727e866eff563478db6.jpg,-AresVs-_BO2_2,train,train
-AresVs-_BO2_2_237_jpg.rf.12918a2ca33ba1dce0f09f80bb68728f.jpg,-AresVs-_BO2_2,train,train
-AresVs-_BO2_2_238_jpg.rf.f01b33912494549457235c1f11158442.jpg,-AresVs-_BO2_2,test,train
-AresVs-_BO2_2_239_jpg.rf.ae41511f0d2b59a7090accf9f0869029.jpg,-AresVs-_BO2_2,train,train
-AresVs-_BO2_2_23_jpg.rf.540b2a1f3fc989605ed6be26f7e9579a.jpg,-AresVs-_BO2_2,train,train
-AresVs-_BO2_2_240_jpg.rf.dd2645756171e4f1479e468ff91c1f5e.jpg,-AresVs-_BO2_2,valid,train
-AresVs-_BO2_2_241_jpg.rf.b7ceb38c13111443227f18d51c109e80.jpg,-AresVs-_BO2_2,train,train
-AresVs-_BO2_2_242_jpg.rf.f3bff839cfdaadcc4566e37f9f1a91f5.jpg,-AresVs-_BO2_2,train,train
-AresVs-_BO2_2_243_jpg.rf.c26d2dd93a8daf8ddf325a566c9e9595.jpg,-AresVs-_BO2_2,train,train
-AresVs-_BO2_2_244_jpg.rf.fdee945e62be9d75a9fe96f3dc7a82ef.jpg,-AresVs-_BO2_2,valid,train
-AresVs-_BO2_2_245_jpg.rf.8c521c12ea17415af94017b4a66ceea1.jpg,-AresVs-_BO2_2,train,train
-AresVs-_BO2_2_246_jpg.rf.74fcd1a2736231571413fdcf1e9e535d.jpg,-AresVs-_BO2_2,train,train
-AresVs-_BO2_2_247_jpg.rf.cb8d0d010af660f8ea67a4d5ca3bd7d9.jpg,-AresVs-_BO2_2,valid,train
-AresVs-_BO2_2_248_jpg.rf.4d7fc660bc098129d44b6bcaf1473775.jpg,-AresVs-_BO2_2,test,train
-AresVs-_BO2_2_249_jpg.rf.3aa2024a16839ffeb01e1f819ad4fe4d.jpg,-AresVs-_BO2_2,train,train
-AresVs-_BO2_2_24_jpg.rf.d8688cfbb6a32253d72291142976528b.jpg,-AresVs-_BO2_2,train,train
-AresVs-_BO2_2_250_jpg.rf.5aabef63f8e7f3b8ac7d84783129d46f.jpg,-AresVs-_BO2_2,train,train
-AresVs-_BO2_2_251_jpg.rf.86c0687e989c1d265193c7e2302cd72a.jpg,-AresVs-_BO2_2,train,train
-AresVs-_BO2_2_252_jpg.rf.a07c4e0c59410339f6440a932993c8c6.jpg,-AresVs-_BO2_2,train,train
-AresVs-_BO2_2_253_jpg.rf.37cddc37f2e8c01f88c00bf98a56accc.jpg,-AresVs-_BO2_2,test,train
-AresVs-_BO2_2_254_jpg.rf.b5b110fc68a30f72b02076ee8f8ab3ca.jpg,-AresVs-_BO2_2,train,train
-AresVs-_BO2_2_255_jpg.rf.7af8914ad3292cb854cd485b3fa19eb7.jpg,-AresVs-_BO2_2,valid,train
-AresVs-_BO2_2_256_jpg.rf.92542ed418cc021046b2c112be84d9e6.jpg,-AresVs-_BO2_2,test,train
-AresVs-_BO2_2_257_jpg.rf.1183f350eec9ed809fd8f641c2955a39.jpg,-AresVs-_BO2_2,train,train
-AresVs-_BO2_2_258_jpg.rf.4b33107afcf049c0f29655a6c427cfd5.jpg,-AresVs-_BO2_2,train,train
-AresVs-_BO2_2_259_jpg.rf.d8b7b69728e59c5dd60f222fa26d41f4.jpg,-AresVs-_BO2_2,train,train
-AresVs-_BO2_2_25_jpg.rf.1436c5201fb01b225325a764d060a294.jpg,-AresVs-_BO2_2,train,train
-AresVs-_BO2_2_260_jpg.rf.9c36f0b54baf4cea2950f8f55bbfbbef.jpg,-AresVs-_BO2_2,train,train
-AresVs-_BO2_2_261_jpg.rf.d9743751a1f9e0becc5779eb42b8663d.jpg,-AresVs-_BO2_2,valid,train
-AresVs-_BO2_2_262_jpg.rf.a8903e005773e44f656d4341d856ad36.jpg,-AresVs-_BO2_2,valid,train
-AresVs-_BO2_2_263_jpg.rf.ce0cd62f00b8953afcce2cf948be068e.jpg,-AresVs-_BO2_2,train,train
-AresVs-_BO2_2_264_jpg.rf.538a1165d91f53ae6c73b65ef6b9301d.jpg,-AresVs-_BO2_2,train,train
-AresVs-_BO2_2_265_jpg.rf.fdecbc0c30948b64ab604488cbb94d85.jpg,-AresVs-_BO2_2,train,train
-AresVs-_BO2_2_266_jpg.rf.50de18524716ebfa8876c966c8d7f55a.jpg,-AresVs-_BO2_2,valid,train
-AresVs-_BO2_2_267_jpg.rf.286db7f2cba41ddefbe177ea6bad4141.jpg,-AresVs-_BO2_2,valid,train
-AresVs-_BO2_2_268_jpg.rf.a61022fa3792f6e7fc58028eed8db1f6.jpg,-AresVs-_BO2_2,train,train
-AresVs-_BO2_2_269_jpg.rf.ef6ed740e2a6ae26154649873c9fae23.jpg,-AresVs-_BO2_2,train,train
-AresVs-_BO2_2_26_jpg.rf.a4e990b7c4e33b4caeb9638af5898156.jpg,-AresVs-_BO2_2,valid,train
-AresVs-_BO2_2_270_jpg.rf.2d1e6bce8d79db3656fa990869cdc3cd.jpg,-AresVs-_BO2_2,train,train
-AresVs-_BO2_2_271_jpg.rf.15df41f6b1ba811a289a99356389e09a.jpg,-AresVs-_BO2_2,valid,train
-AresVs-_BO2_2_272_jpg.rf.4e8c3dbfa87505449b9c0d5f6b43a40a.jpg,-AresVs-_BO2_2,valid,train
-AresVs-_BO2_2_273_jpg.rf.49c731787e79088f363f8591d1d1766b.jpg,-AresVs-_BO2_2,train,train
-AresVs-_BO2_2_274_jpg.rf.c12493a74a00c253d4c0cf75379a1e45.jpg,-AresVs-_BO2_2,train,train
-AresVs-_BO2_2_275_jpg.rf.6c764db2a22adb65acddf05e22e0089a.jpg,-AresVs-_BO2_2,train,train
-AresVs-_BO2_2_276_jpg.rf.22a11c5abe0aec4a3e8aba6d964d7fb7.jpg,-AresVs-_BO2_2,train,train
-AresVs-_BO2_2_277_jpg.rf.cadcc08d5d7ad09ae3e6a22b3525fd97.jpg,-AresVs-_BO2_2,train,train
-AresVs-_BO2_2_278_jpg.rf.3a57d57f81c4acdceda9080e64e9b86f.jpg,-AresVs-_BO2_2,train,train
-AresVs-_BO2_2_279_jpg.rf.10bcc7899279552355873c54a69daf28.jpg,-AresVs-_BO2_2,train,train
-AresVs-_BO2_2_27_jpg.rf.a7805beb7b5c1a1a212134f2941bc2c0.jpg,-AresVs-_BO2_2,train,train
-AresVs-_BO2_2_280_jpg.rf.332b6fd14aa66bc755fae9043704495c.jpg,-AresVs-_BO2_2,valid,train
-AresVs-_BO2_2_281_jpg.rf.4ae56e6a34f988536ee7a1d1488c5dc1.jpg,-AresVs-_BO2_2,train,train
-AresVs-_BO2_2_282_jpg.rf.ced46dcd62af6ee949ef105042acd592.jpg,-AresVs-_BO2_2,valid,train
-AresVs-_BO2_2_283_jpg.rf.5bab2e6e646c693952f9818a55e6afd1.jpg,-AresVs-_BO2_2,test,train
-AresVs-_BO2_2_284_jpg.rf.4eec077519c37070a4547d7781b11ccf.jpg,-AresVs-_BO2_2,train,train
-AresVs-_BO2_2_285_jpg.rf.6382c3b3baa44b92ee4ee4d269a5d3b8.jpg,-AresVs-_BO2_2,train,train
-AresVs-_BO2_2_286_jpg.rf.da4a17c55f09f2565ad401a3853e1a54.jpg,-AresVs-_BO2_2,train,train
-AresVs-_BO2_2_287_jpg.rf.42788a3ee8e1a9e90b5d9ff271b27df2.jpg,-AresVs-_BO2_2,train,train
-AresVs-_BO2_2_288_jpg.rf.460b30d27fb5f560a43ec6b3071cc8e1.jpg,-AresVs-_BO2_2,train,train
-AresVs-_BO2_2_289_jpg.rf.872fd4d2466940d21c7421db57539cf3.jpg,-AresVs-_BO2_2,train,train
-AresVs-_BO2_2_28_jpg.rf.16e7078eab4eaf2dcd1502608e3b5a3e.jpg,-AresVs-_BO2_2,train,train
-AresVs-_BO2_2_290_jpg.rf.e0361e4088cc6031ff405318dec0d36f.jpg,-AresVs-_BO2_2,test,train
-AresVs-_BO2_2_291_jpg.rf.7203210ebfc797fb281366134dbefbbf.jpg,-AresVs-_BO2_2,train,train
-AresVs-_BO2_2_292_jpg.rf.b283bde048651168d2d6b21748a87d85.jpg,-AresVs-_BO2_2,train,train
-AresVs-_BO2_2_293_jpg.rf.bb5919a72bdd9b40386911d0cd8eabe8.jpg,-AresVs-_BO2_2,train,train
-AresVs-_BO2_2_294_jpg.rf.7205a32c36184ad5e7f6203fa42209a4.jpg,-AresVs-_BO2_2,train,train
-AresVs-_BO2_2_295_jpg.rf.424da3edb0b00d1505b23667bd1bbbf2.jpg,-AresVs-_BO2_2,valid,train
-AresVs-_BO2_2_296_jpg.rf.a4703a903e36df93bebe34cff05f4d19.jpg,-AresVs-_BO2_2,train,train
-AresVs-_BO2_2_297_jpg.rf.b0e15d33ebf9508f489ab4d7acde0bda.jpg,-AresVs-_BO2_2,test,train
-AresVs-_BO2_2_298_jpg.rf.42120d70daaa45608c2331491e605a7b.jpg,-AresVs-_BO2_2,train,train
-AresVs-_BO2_2_299_jpg.rf.5712f0951f2f51a5166cae6a51c765af.jpg,-AresVs-_BO2_2,train,train
-AresVs-_BO2_2_29_jpg.rf.e466a31ef37467e6378b9e30e90e7dde.jpg,-AresVs-_BO2_2,train,train
-AresVs-_BO2_2_2_jpg.rf.d8187ad1b161a8540229d1c8e68080c4.jpg,-AresVs-_BO2_2,test,train
-AresVs-_BO2_2_300_jpg.rf.38d249faa9de1387d47b9d310cb226c6.jpg,-AresVs-_BO2_2,train,train
-AresVs-_BO2_2_301_jpg.rf.41fa924ecac082a11d5c451e78d735c9.jpg,-AresVs-_BO2_2,valid,train
-AresVs-_BO2_2_302_jpg.rf.847ed2faa096d885f6fc2065a665268c.jpg,-AresVs-_BO2_2,train,train
-AresVs-_BO2_2_303_jpg.rf.9ed8a2649e685957d3ab705b63b7ea01.jpg,-AresVs-_BO2_2,train,train
-AresVs-_BO2_2_304_jpg.rf.b23414210d8f95198a00de61e1243463.jpg,-AresVs-_BO2_2,train,train
-AresVs-_BO2_2_305_jpg.rf.a25e7b7b3ca27f6b3ad079a4c9f9a548.jpg,-AresVs-_BO2_2,train,train
-AresVs-_BO2_2_306_jpg.rf.4c850656eb99bb4e7fb2655cca63544b.jpg,-AresVs-_BO2_2,train,train
-AresVs-_BO2_2_307_jpg.rf.723964bf947f33dadf1fcf50286729d2.jpg,-AresVs-_BO2_2,train,train
-AresVs-_BO2_2_308_jpg.rf.756d71a3a9e2a9790f2766e45ede7231.jpg,-AresVs-_BO2_2,train,train
-AresVs-_BO2_2_309_jpg.rf.829e2b5520835a35e7e54f8c50f3f14b.jpg,-AresVs-_BO2_2,train,train
-AresVs-_BO2_2_30_jpg.rf.1988dfbde9f9967e0a0ea0fe14b38359.jpg,-AresVs-_BO2_2,train,train
-AresVs-_BO2_2_310_jpg.rf.f95d0c1402e1cf3dd85648e4b85f00a3.jpg,-AresVs-_BO2_2,valid,train
-AresVs-_BO2_2_311_jpg.rf.c75e18b5f78fa4e31bc3acfa8006f465.jpg,-AresVs-_BO2_2,train,train
-AresVs-_BO2_2_312_jpg.rf.e87fa7baed1cc4ae36afae8a14d5cc88.jpg,-AresVs-_BO2_2,train,train
-AresVs-_BO2_2_313_jpg.rf.5467d1499826a946dfdd42f7cabcbccd.jpg,-AresVs-_BO2_2,test,train
-AresVs-_BO2_2_314_jpg.rf.12ed80e83d9ff2dfc93e2f34c7ae71b9.jpg,-AresVs-_BO2_2,valid,train
-AresVs-_BO2_2_315_jpg.rf.eb99a5e601fa05a2f6eba4a454df592e.jpg,-AresVs-_BO2_2,valid,train
-AresVs-_BO2_2_316_jpg.rf.ea4a82856625407021ae4323c6d97438.jpg,-AresVs-_BO2_2,train,train
-AresVs-_BO2_2_317_jpg.rf.1f1a040088bc6818885e784c86e5849c.jpg,-AresVs-_BO2_2,train,train
-AresVs-_BO2_2_318_jpg.rf.567de92741dd4eb5a7a220fcafec7da8.jpg,-AresVs-_BO2_2,valid,train
-AresVs-_BO2_2_319_jpg.rf.5e5af1e4ab4331fb26c355e47aacaa11.jpg,-AresVs-_BO2_2,train,train
-AresVs-_BO2_2_31_jpg.rf.c98de3835faefd1f934862ff5e8fa411.jpg,-AresVs-_BO2_2,train,train
-AresVs-_BO2_2_320_jpg.rf.921f41b38dc0f58df953f0b11c06d1bd.jpg,-AresVs-_BO2_2,train,train
-AresVs-_BO2_2_321_jpg.rf.a750356e342936d49c0df021fd606fd2.jpg,-AresVs-_BO2_2,train,train
-AresVs-_BO2_2_322_jpg.rf.a012acbac323f757d1608513fa30fc67.jpg,-AresVs-_BO2_2,train,train
-AresVs-_BO2_2_323_jpg.rf.9b072f53ecce761751109de05fc4170d.jpg,-AresVs-_BO2_2,train,train
-AresVs-_BO2_2_324_jpg.rf.6ce4724cdba91ded1b9255dee96cee78.jpg,-AresVs-_BO2_2,train,train
-AresVs-_BO2_2_325_jpg.rf.4d62311564b0ede5400778b5656503ae.jpg,-AresVs-_BO2_2,train,train
-AresVs-_BO2_2_326_jpg.rf.cead72a2007bf68dc6870dcbab94586d.jpg,-AresVs-_BO2_2,train,train
-AresVs-_BO2_2_327_jpg.rf.ff682bb4283e9035301d7646daf4434f.jpg,-AresVs-_BO2_2,valid,train
-AresVs-_BO2_2_328_jpg.rf.e5a829edeb46bc3a7db93edd4a42e288.jpg,-AresVs-_BO2_2,train,train
-AresVs-_BO2_2_329_jpg.rf.b8309efbbb84df4ef58b3395aaea2686.jpg,-AresVs-_BO2_2,train,train
-AresVs-_BO2_2_32_jpg.rf.36a36ccfb34d15e080c2892c79d74d99.jpg,-AresVs-_BO2_2,train,train
-AresVs-_BO2_2_330_jpg.rf.f147629596110c890393d30efeb09d6e.jpg,-AresVs-_BO2_2,train,train
-AresVs-_BO2_2_331_jpg.rf.3e11a6d5173f3c11d62b1d51d18ca7eb.jpg,-AresVs-_BO2_2,train,train
-AresVs-_BO2_2_332_jpg.rf.9331bb27a9f7faaa0795d99abdc40753.jpg,-AresVs-_BO2_2,test,train
-AresVs-_BO2_2_333_jpg.rf.50e868bab299eec844fc437ba6fb91c2.jpg,-AresVs-_BO2_2,valid,train
-AresVs-_BO2_2_334_jpg.rf.e39180039bad112b21ebe46ece3c8388.jpg,-AresVs-_BO2_2,test,train
-AresVs-_BO2_2_335_jpg.rf.18e48caec8e66de7916d192418a4e7b7.jpg,-AresVs-_BO2_2,train,train
-AresVs-_BO2_2_336_jpg.rf.2f062677e3e80fee4196377f0e1413fa.jpg,-AresVs-_BO2_2,valid,train
-AresVs-_BO2_2_337_jpg.rf.7c1d42c612d1e6b6402cdb0b4963b72f.jpg,-AresVs-_BO2_2,train,train
-AresVs-_BO2_2_338_jpg.rf.ff9bef72391d02e101daa324e24c2da0.jpg,-AresVs-_BO2_2,train,train
-AresVs-_BO2_2_339_jpg.rf.2bd04890b4134515f0e90669f8f43ce1.jpg,-AresVs-_BO2_2,train,train
-AresVs-_BO2_2_33_jpg.rf.180ea18d1cd7b35300af6eda68c5f42f.jpg,-AresVs-_BO2_2,valid,train
-AresVs-_BO2_2_340_jpg.rf.6366e2fe525aa7143204b9ef7804c1e1.jpg,-AresVs-_BO2_2,train,train
-AresVs-_BO2_2_341_jpg.rf.2f84748140b4ce71a4b49de975319ad3.jpg,-AresVs-_BO2_2,train,train
-AresVs-_BO2_2_342_jpg.rf.0ae6da75fc415ab68d7f24b87697d618.jpg,-AresVs-_BO2_2,train,train
-AresVs-_BO2_2_343_jpg.rf.490948773780fb0af7712aa62f5e8b52.jpg,-AresVs-_BO2_2,train,train
-AresVs-_BO2_2_344_jpg.rf.2ec182c29fbb9e724241968e771032bb.jpg,-AresVs-_BO2_2,valid,train
-AresVs-_BO2_2_345_jpg.rf.d6e02b6baacb57add5b0005eda824f30.jpg,-AresVs-_BO2_2,valid,train
-AresVs-_BO2_2_346_jpg.rf.aa9cb9edc1b25a79edca2f17554f1863.jpg,-AresVs-_BO2_2,train,train
-AresVs-_BO2_2_347_jpg.rf.ec6f5cf5bb4f4c2ab421c89aa88ff82f.jpg,-AresVs-_BO2_2,train,train
-AresVs-_BO2_2_348_jpg.rf.72168104d405f3d84853efb96f16f6cf.jpg,-AresVs-_BO2_2,train,train
-AresVs-_BO2_2_349_jpg.rf.c9ce1f82d99aef6b7fce92fedc41ddae.jpg,-AresVs-_BO2_2,train,train
-AresVs-_BO2_2_34_jpg.rf.a678a8f85f47f5867dcb4244d366bfa3.jpg,-AresVs-_BO2_2,train,train
-AresVs-_BO2_2_350_jpg.rf.b7fdab15242467b3c523d30280edf704.jpg,-AresVs-_BO2_2,valid,train
-AresVs-_BO2_2_351_jpg.rf.b048a25256fef553d93680519be21845.jpg,-AresVs-_BO2_2,test,train
-AresVs-_BO2_2_352_jpg.rf.4c2a65d502bbbdfdfbcb60812c7b1b50.jpg,-AresVs-_BO2_2,train,train
-AresVs-_BO2_2_353_jpg.rf.1fe3524e152bb16a8f025d689f3309c4.jpg,-AresVs-_BO2_2,train,train
-AresVs-_BO2_2_354_jpg.rf.015c5b3f54c3c883563e6bc6d109332c.jpg,-AresVs-_BO2_2,valid,train
-AresVs-_BO2_2_355_jpg.rf.3ad5b81ea0ccf61961414b4cc3b1a043.jpg,-AresVs-_BO2_2,train,train
-AresVs-_BO2_2_356_jpg.rf.7ba6893c30156fb4f614a897670bb107.jpg,-AresVs-_BO2_2,train,train
-AresVs-_BO2_2_357_jpg.rf.fdd6b9af58f9550d06a822ba90562440.jpg,-AresVs-_BO2_2,test,train
-AresVs-_BO2_2_358_jpg.rf.3afcfde4f8d0d505e2faccaec98dcc39.jpg,-AresVs-_BO2_2,train,train
-AresVs-_BO2_2_359_jpg.rf.2eb13c42d964b209f9ccff4e13ceac7f.jpg,-AresVs-_BO2_2,train,train
-AresVs-_BO2_2_35_jpg.rf.bbc79c2640afe5bd1b79beafc3c355c3.jpg,-AresVs-_BO2_2,valid,train
-AresVs-_BO2_2_360_jpg.rf.4f89bf61c3b6b75aea99c6b60258c1cb.jpg,-AresVs-_BO2_2,valid,train
-AresVs-_BO2_2_361_jpg.rf.178ea0156a741bb8c1478b29e0df443f.jpg,-AresVs-_BO2_2,valid,train
-AresVs-_BO2_2_362_jpg.rf.e9f56b5da31ff03ab2c83677ea77f973.jpg,-AresVs-_BO2_2,train,train
-AresVs-_BO2_2_363_jpg.rf.9e40c4fcb43ae3b2f6995b84a14f2a20.jpg,-AresVs-_BO2_2,train,train
-AresVs-_BO2_2_364_jpg.rf.08036153158c414798e675a1f0bb7cc8.jpg,-AresVs-_BO2_2,valid,train
-AresVs-_BO2_2_365_jpg.rf.31b5da9e5240e5d22c7712f8d07ffd85.jpg,-AresVs-_BO2_2,train,train
-AresVs-_BO2_2_366_jpg.rf.a2052a51c909e5bf39a8624930e4f6b2.jpg,-AresVs-_BO2_2,train,train
-AresVs-_BO2_2_367_jpg.rf.3b8cd3e626546f6d895ead69e1a7ecca.jpg,-AresVs-_BO2_2,train,train
-AresVs-_BO2_2_368_jpg.rf.6b2522ed4990d0314f4743c1756fa343.jpg,-AresVs-_BO2_2,train,train
-AresVs-_BO2_2_369_jpg.rf.939bc88986011b39fa660d30de8c37e3.jpg,-AresVs-_BO2_2,train,train
-AresVs-_BO2_2_36_jpg.rf.a3506a164a01b300fc77f31e3da5dde8.jpg,-AresVs-_BO2_2,train,train
-AresVs-_BO2_2_370_jpg.rf.9e380b19e6ad0b2f3d5a4bcc0592d752.jpg,-AresVs-_BO2_2,train,train
-AresVs-_BO2_2_371_jpg.rf.e2f837c6c793ec4c57a8c61ba4557429.jpg,-AresVs-_BO2_2,train,train
-AresVs-_BO2_2_372_jpg.rf.18559cfc410122b571130d787db068c7.jpg,-AresVs-_BO2_2,train,train
-AresVs-_BO2_2_373_jpg.rf.52acaa609f06dde1dca797c39e78f1c9.jpg,-AresVs-_BO2_2,train,train
-AresVs-_BO2_2_374_jpg.rf.4b06bbda652a610e6cd592d0dabd5478.jpg,-AresVs-_BO2_2,train,train
-AresVs-_BO2_2_375_jpg.rf.4cfafc72d56013c9f4aeca4f0ec974cf.jpg,-AresVs-_BO2_2,train,train
-AresVs-_BO2_2_376_jpg.rf.113c5fb108b54bef77e76ac05971eb75.jpg,-AresVs-_BO2_2,train,train
-AresVs-_BO2_2_377_jpg.rf.78243ab9c9dd3444af76f60a689b0b73.jpg,-AresVs-_BO2_2,train,train
-AresVs-_BO2_2_378_jpg.rf.e1b840524ea18082cf10e38eeadd0162.jpg,-AresVs-_BO2_2,train,train
-AresVs-_BO2_2_379_jpg.rf.2f1fa1436956840bf73d82cdfe852047.jpg,-AresVs-_BO2_2,train,train
-AresVs-_BO2_2_37_jpg.rf.275b05f22f48fecfb1ad4e16f7aca252.jpg,-AresVs-_BO2_2,train,train
-AresVs-_BO2_2_380_jpg.rf.d60c5becdd2d469189ef6271cf92bad2.jpg,-AresVs-_BO2_2,train,train
-AresVs-_BO2_2_381_jpg.rf.2d20f4bfaf95d48b34b0e063d2e29bbd.jpg,-AresVs-_BO2_2,train,train
-AresVs-_BO2_2_382_jpg.rf.aab7183de4b6d5205ef01abd02480d10.jpg,-AresVs-_BO2_2,train,train
-AresVs-_BO2_2_383_jpg.rf.1f195a2a0e15d628fdd0e05f026306cb.jpg,-AresVs-_BO2_2,train,train
-AresVs-_BO2_2_384_jpg.rf.eff98a472f47aa3c82ce5382897738ec.jpg,-AresVs-_BO2_2,valid,train
-AresVs-_BO2_2_385_jpg.rf.18fca34f519f2843abebd1a5d9637c39.jpg,-AresVs-_BO2_2,train,train
-AresVs-_BO2_2_386_jpg.rf.3f028830f7e400fdf9d4a0d225984ec4.jpg,-AresVs-_BO2_2,train,train
-AresVs-_BO2_2_387_jpg.rf.9cf944d3c6473601485ca521347b5ed1.jpg,-AresVs-_BO2_2,valid,train
-AresVs-_BO2_2_388_jpg.rf.984db5878b38fbe56ac5f6143af163be.jpg,-AresVs-_BO2_2,train,train
-AresVs-_BO2_2_389_jpg.rf.8570bc902c486ae88f1d1ab710968909.jpg,-AresVs-_BO2_2,valid,train
-AresVs-_BO2_2_38_jpg.rf.4389fa00367584abde28fecb30d26539.jpg,-AresVs-_BO2_2,valid,train
-AresVs-_BO2_2_390_jpg.rf.78c29abddb4758ae394aab02b4bcfede.jpg,-AresVs-_BO2_2,train,train
-AresVs-_BO2_2_391_jpg.rf.7ee6ecc686fff20b28d18303c5c9d787.jpg,-AresVs-_BO2_2,train,train
-AresVs-_BO2_2_392_jpg.rf.3da0eade3d0006d274fba5317bd8edb9.jpg,-AresVs-_BO2_2,valid,train
-AresVs-_BO2_2_393_jpg.rf.57990816cd268c6a9ded9745403b2f22.jpg,-AresVs-_BO2_2,test,train
-AresVs-_BO2_2_394_jpg.rf.db77fcddee4d468691671baf261b517f.jpg,-AresVs-_BO2_2,valid,train
-AresVs-_BO2_2_395_jpg.rf.b049501b744a85a11a84eea2ebda28a5.jpg,-AresVs-_BO2_2,train,train
-AresVs-_BO2_2_396_jpg.rf.70cfff82aab1bd1d4da53a9d3370f8f3.jpg,-AresVs-_BO2_2,train,train
-AresVs-_BO2_2_397_jpg.rf.7b4a8151dd414a54d9c279b379bd7179.jpg,-AresVs-_BO2_2,train,train
-AresVs-_BO2_2_398_jpg.rf.eda59008ba252a2043525a92ac901f54.jpg,-AresVs-_BO2_2,train,train
-AresVs-_BO2_2_399_jpg.rf.ef81d52d000bed1aeeaed4aec3f3bd4f.jpg,-AresVs-_BO2_2,valid,train
-AresVs-_BO2_2_39_jpg.rf.d81605692a791beed6789d6905f8a6c5.jpg,-AresVs-_BO2_2,train,train
-AresVs-_BO2_2_3_jpg.rf.a58475e44fcd1a18ca49ff52f0327a49.jpg,-AresVs-_BO2_2,train,train
-AresVs-_BO2_2_400_jpg.rf.e430050642774334c6349b4ccfad36cf.jpg,-AresVs-_BO2_2,valid,train
-AresVs-_BO2_2_401_jpg.rf.fcf9c598e08581951f094b38e1066e20.jpg,-AresVs-_BO2_2,train,train
-AresVs-_BO2_2_402_jpg.rf.f4f08d08a4bfa2a35d6aeccf7e7b6090.jpg,-AresVs-_BO2_2,train,train
-AresVs-_BO2_2_403_jpg.rf.ed14c604a35d51adf9e242809dc46bcc.jpg,-AresVs-_BO2_2,train,train
-AresVs-_BO2_2_404_jpg.rf.5bdeebce16e8a7257b5b3a2b61191daf.jpg,-AresVs-_BO2_2,train,train
-AresVs-_BO2_2_405_jpg.rf.2276deca2ac6384faf999d4286a432cf.jpg,-AresVs-_BO2_2,train,train
-AresVs-_BO2_2_406_jpg.rf.61afbb2d6910ee74c15f278b465a0fb2.jpg,-AresVs-_BO2_2,valid,train
-AresVs-_BO2_2_407_jpg.rf.636ed3bc542190ff8cee426e7241f917.jpg,-AresVs-_BO2_2,train,train
-AresVs-_BO2_2_408_jpg.rf.1f38e8b2d612a10afdc235e44c63a4c1.jpg,-AresVs-_BO2_2,train,train
-AresVs-_BO2_2_409_jpg.rf.f5401dc9acbec45fbfed9812623092c1.jpg,-AresVs-_BO2_2,train,train
-AresVs-_BO2_2_40_jpg.rf.17ed6f09374b4666ba88371e716c0adf.jpg,-AresVs-_BO2_2,valid,train
-AresVs-_BO2_2_410_jpg.rf.9b54071324cfaef46ea1b7fc3ab92c21.jpg,-AresVs-_BO2_2,train,train
-AresVs-_BO2_2_411_jpg.rf.9c18b557066850bae0d7b139660f4967.jpg,-AresVs-_BO2_2,train,train
-AresVs-_BO2_2_412_jpg.rf.8182a87289787c088bc5c651e8aca0b8.jpg,-AresVs-_BO2_2,train,train
-AresVs-_BO2_2_413_jpg.rf.bc258f7c8a6a927a2f9f26fe667bd509.jpg,-AresVs-_BO2_2,train,train
-AresVs-_BO2_2_414_jpg.rf.45db2654cbce465a2ea81f685186745e.jpg,-AresVs-_BO2_2,valid,train
-AresVs-_BO2_2_415_jpg.rf.2435c449205f5f4d79de91fa5051388c.jpg,-AresVs-_BO2_2,train,train
-AresVs-_BO2_2_416_jpg.rf.d704fbab8c6cf9ccaa9cad6a12fd1346.jpg,-AresVs-_BO2_2,train,train
-AresVs-_BO2_2_417_jpg.rf.ca8bf86a33493bdcb25a984bf0c115d5.jpg,-AresVs-_BO2_2,train,train
-AresVs-_BO2_2_418_jpg.rf.711ba9325c7a6fb80f622c25c39892b2.jpg,-AresVs-_BO2_2,valid,train
-AresVs-_BO2_2_419_jpg.rf.fd963ec3c8858b9b182a90387c902910.jpg,-AresVs-_BO2_2,train,train
-AresVs-_BO2_2_41_jpg.rf.632d3379d312ef44d47a38df29bd7f1a.jpg,-AresVs-_BO2_2,train,train
-AresVs-_BO2_2_42_jpg.rf.278b4c51a0f804fed6dcd32b6113b036.jpg,-AresVs-_BO2_2,train,train
-AresVs-_BO2_2_43_jpg.rf.49e720f7ac86bf7d4ed7f02570f128d1.jpg,-AresVs-_BO2_2,train,train
-AresVs-_BO2_2_44_jpg.rf.e1ade95a49f28a5f2ef7d6e72579078c.jpg,-AresVs-_BO2_2,train,train
-AresVs-_BO2_2_45_jpg.rf.47820e2481314c0dd2dce667dec4444a.jpg,-AresVs-_BO2_2,train,train
-AresVs-_BO2_2_46_jpg.rf.877523c307ac0a8cdae1141933754a8d.jpg,-AresVs-_BO2_2,train,train
-AresVs-_BO2_2_47_jpg.rf.ae09b8ab05436466962a8e3976c76559.jpg,-AresVs-_BO2_2,train,train
-AresVs-_BO2_2_48_jpg.rf.9b06cddadede79ce7f387f6d1e82c74a.jpg,-AresVs-_BO2_2,valid,train
-AresVs-_BO2_2_49_jpg.rf.f97c67d2260776c9e589053a3aa9788f.jpg,-AresVs-_BO2_2,train,train
-AresVs-_BO2_2_4_jpg.rf.022fc864c60f5ac5c12bdf4778bdcc3c.jpg,-AresVs-_BO2_2,train,train
-AresVs-_BO2_2_50_jpg.rf.e3590b8043f7059a629f00ee28057141.jpg,-AresVs-_BO2_2,train,train
-AresVs-_BO2_2_51_jpg.rf.507ecd43c863a39f21f4a8191e9e03c7.jpg,-AresVs-_BO2_2,test,train
-AresVs-_BO2_2_52_jpg.rf.824932e0a146db68e4d66d50a745722a.jpg,-AresVs-_BO2_2,train,train
-AresVs-_BO2_2_53_jpg.rf.919b7be435a98048b8ac91f42da21dc9.jpg,-AresVs-_BO2_2,test,train
-AresVs-_BO2_2_54_jpg.rf.ea8bb3a864ebb6640d9af6e6c63feaa5.jpg,-AresVs-_BO2_2,valid,train
-AresVs-_BO2_2_55_jpg.rf.8915a069a31386960659a4da2e756cba.jpg,-AresVs-_BO2_2,valid,train
-AresVs-_BO2_2_56_jpg.rf.d30272e9cfa08c60cc672fc6c0cb06b9.jpg,-AresVs-_BO2_2,valid,train
-AresVs-_BO2_2_57_jpg.rf.7e462e8b18afb3678db78a13d0e5fa77.jpg,-AresVs-_BO2_2,valid,train
-AresVs-_BO2_2_58_jpg.rf.be658c1fde9ee18d1879a820f567e4e0.jpg,-AresVs-_BO2_2,train,train
-AresVs-_BO2_2_59_jpg.rf.98f6d86fa3ea79bf50d30784b4cf1bc9.jpg,-AresVs-_BO2_2,train,train
-AresVs-_BO2_2_5_jpg.rf.b1eabd2cf5eef40ebf8f345cb0fe8758.jpg,-AresVs-_BO2_2,train,train
-AresVs-_BO2_2_60_jpg.rf.6d545ac917dd99e6ddecefb2a105b45a.jpg,-AresVs-_BO2_2,train,train
-AresVs-_BO2_2_61_jpg.rf.2f4a3839f4f75047e0cb3293bbfb5bcf.jpg,-AresVs-_BO2_2,train,train
-AresVs-_BO2_2_62_jpg.rf.8a20c86382007610b19379410e08b4f5.jpg,-AresVs-_BO2_2,train,train
-AresVs-_BO2_2_63_jpg.rf.a3883384a47c2bbdb098b55197b028cd.jpg,-AresVs-_BO2_2,test,train
-AresVs-_BO2_2_64_jpg.rf.bd0c2c3bd178a70b967ac51a0fbf48f1.jpg,-AresVs-_BO2_2,train,train
-AresVs-_BO2_2_65_jpg.rf.b59be903b6b2898382de9408bb6c3a10.jpg,-AresVs-_BO2_2,valid,train
-AresVs-_BO2_2_66_jpg.rf.7650aff83d264a6bfb818a4b62b7fdd3.jpg,-AresVs-_BO2_2,train,train
-AresVs-_BO2_2_67_jpg.rf.8e3b89786492d8f4b28f06d65395d95d.jpg,-AresVs-_BO2_2,train,train
-AresVs-_BO2_2_68_jpg.rf.a00467bc767fd3efbffd7d2d15191e7e.jpg,-AresVs-_BO2_2,test,train
-AresVs-_BO2_2_69_jpg.rf.196b6fa6960966cd2e96faf16c8f0bd5.jpg,-AresVs-_BO2_2,train,train
-AresVs-_BO2_2_6_jpg.rf.5e4dde4994d867e41aabb48bfbe34e32.jpg,-AresVs-_BO2_2,train,train
-AresVs-_BO2_2_70_jpg.rf.5367ebd9e8ac278feb0cc6bb845c4f20.jpg,-AresVs-_BO2_2,train,train
-AresVs-_BO2_2_71_jpg.rf.aa77190ef69eab205ac692a4e4c7fb36.jpg,-AresVs-_BO2_2,valid,train
-AresVs-_BO2_2_72_jpg.rf.dd05a5e3d8ff18aebefe5e868c6fdfec.jpg,-AresVs-_BO2_2,train,train
-AresVs-_BO2_2_73_jpg.rf.ce7853606c8d62fab6a4bfd64eef63ef.jpg,-AresVs-_BO2_2,train,train
-AresVs-_BO2_2_74_jpg.rf.3b3f56ad74498156646cb4e2852697b4.jpg,-AresVs-_BO2_2,train,train
-AresVs-_BO2_2_75_jpg.rf.797e44b743bb8c4dea006a09854fb823.jpg,-AresVs-_BO2_2,valid,train
-AresVs-_BO2_2_76_jpg.rf.f6b1ef37dad204c9cd15eb4790b97bfb.jpg,-AresVs-_BO2_2,train,train
-AresVs-_BO2_2_77_jpg.rf.0dc8d046fd4f534d26abc79f71ac8f30.jpg,-AresVs-_BO2_2,train,train
-AresVs-_BO2_2_78_jpg.rf.d7416140575d9491b361123ba8d0cc37.jpg,-AresVs-_BO2_2,train,train
-AresVs-_BO2_2_79_jpg.rf.276c4e488752ae9ae28e403452a74940.jpg,-AresVs-_BO2_2,train,train
-AresVs-_BO2_2_7_jpg.rf.edf4a54bb327173b161feb51c2b99e9f.jpg,-AresVs-_BO2_2,test,train
-AresVs-_BO2_2_80_jpg.rf.c8f77062b4080dae9f9cf48584575d53.jpg,-AresVs-_BO2_2,train,train
-AresVs-_BO2_2_81_jpg.rf.7f6b16295e810665f07799b9a2b39ebc.jpg,-AresVs-_BO2_2,train,train
-AresVs-_BO2_2_82_jpg.rf.5d403d965bf17f79edb7bec0183d1016.jpg,-AresVs-_BO2_2,train,train
-AresVs-_BO2_2_83_jpg.rf.e06a7db33145e8836bdc78c2a273bb45.jpg,-AresVs-_BO2_2,valid,train
-AresVs-_BO2_2_84_jpg.rf.ce6645d1846bb82125e248730f0ccdac.jpg,-AresVs-_BO2_2,test,train
-AresVs-_BO2_2_85_jpg.rf.2bb342dca555fdb97b77cdaf6d839212.jpg,-AresVs-_BO2_2,train,train
-AresVs-_BO2_2_86_jpg.rf.a0fdcdfea22526284988e79de6cd0a50.jpg,-AresVs-_BO2_2,train,train
-AresVs-_BO2_2_87_jpg.rf.762cc3f92b0fc9dc84367e7fff0f8c7f.jpg,-AresVs-_BO2_2,valid,train
-AresVs-_BO2_2_88_jpg.rf.e100cd55a3de30f6290af88eecf1450b.jpg,-AresVs-_BO2_2,train,train
-AresVs-_BO2_2_89_jpg.rf.aa4c4576f8efe4bcb44f5b26be0cbffe.jpg,-AresVs-_BO2_2,valid,train
-AresVs-_BO2_2_8_jpg.rf.a21793c4dcc71bf590731b5821a6dbe0.jpg,-AresVs-_BO2_2,train,train
-AresVs-_BO2_2_90_jpg.rf.593ffcdb914392cf09dea954775b3437.jpg,-AresVs-_BO2_2,test,train
-AresVs-_BO2_2_91_jpg.rf.2a260969edae5464b3323dbcc626e7ac.jpg,-AresVs-_BO2_2,train,train
-AresVs-_BO2_2_92_jpg.rf.6213f6fbf6a1249ba3f18d5f9b8e66ad.jpg,-AresVs-_BO2_2,valid,train
-AresVs-_BO2_2_93_jpg.rf.cd2c9f2a4490e09c722bcec482ffa170.jpg,-AresVs-_BO2_2,train,train
-AresVs-_BO2_2_94_jpg.rf.2205156aefbe3b96f0cede781d02d999.jpg,-AresVs-_BO2_2,train,train
-AresVs-_BO2_2_95_jpg.rf.ea3d7e50110ca0861208f32a8ad5c6eb.jpg,-AresVs-_BO2_2,train,train
-AresVs-_BO2_2_96_jpg.rf.c9521196c360137339175af9c6466b39.jpg,-AresVs-_BO2_2,train,train
-AresVs-_BO2_2_97_jpg.rf.e2a3bfa921d9a596d0642b2db87ec2d3.jpg,-AresVs-_BO2_2,train,train
-AresVs-_BO2_2_98_jpg.rf.c6cd761b3ca052b5fccd72565764c482.jpg,-AresVs-_BO2_2,train,train
-AresVs-_BO2_2_99_jpg.rf.f7e8c50272fc9a0636e0377d78516305.jpg,-AresVs-_BO2_2,train,train
-AresVs-_BO2_2_9_jpg.rf.afe2783fe4904546f111271936881f49.jpg,-AresVs-_BO2_2,train,train
-VsBorn-of-Fire_BO2_1_0_jpg.rf.ac994e3495cdca405e3f08c854604588.jpg,-VsBorn-of-Fire_BO2_1,train,val
-VsBorn-of-Fire_BO2_1_100_jpg.rf.9e8fddee46487e135d1fb7451ac4b14f.jpg,-VsBorn-of-Fire_BO2_1,valid,val
-VsBorn-of-Fire_BO2_1_101_jpg.rf.738c4bbcda2c9b65e9922279ad25a597.jpg,-VsBorn-of-Fire_BO2_1,train,val
-VsBorn-of-Fire_BO2_1_102_jpg.rf.942a74bd6b327f3d26ebb4a61ec48588.jpg,-VsBorn-of-Fire_BO2_1,train,val
-VsBorn-of-Fire_BO2_1_103_jpg.rf.4ab222dfd479a200a5793625d4ae7240.jpg,-VsBorn-of-Fire_BO2_1,train,val
-VsBorn-of-Fire_BO2_1_104_jpg.rf.16a0c4e1b2d06200e940046c36a2c6ab.jpg,-VsBorn-of-Fire_BO2_1,valid,val
-VsBorn-of-Fire_BO2_1_105_jpg.rf.a949eb40875a33ca5b26ebe7225edda6.jpg,-VsBorn-of-Fire_BO2_1,train,val
-VsBorn-of-Fire_BO2_1_106_jpg.rf.3fd2cb7fc94b33515b0cd190077e12f6.jpg,-VsBorn-of-Fire_BO2_1,test,val
-VsBorn-of-Fire_BO2_1_107_jpg.rf.6a5d435fc00a51a2cc6826bd6a83f58d.jpg,-VsBorn-of-Fire_BO2_1,test,val
-VsBorn-of-Fire_BO2_1_108_jpg.rf.eb42bd271873db0e83f11f5c1efb20ad.jpg,-VsBorn-of-Fire_BO2_1,train,val
-VsBorn-of-Fire_BO2_1_109_jpg.rf.b481164f5a185069da63ae7872cf8ece.jpg,-VsBorn-of-Fire_BO2_1,train,val
-VsBorn-of-Fire_BO2_1_10_jpg.rf.2e99b9bc3d6a299c9d4286c4674d0522.jpg,-VsBorn-of-Fire_BO2_1,train,val
-VsBorn-of-Fire_BO2_1_110_jpg.rf.a8cbf3534d6f42a439de6311d0d3f719.jpg,-VsBorn-of-Fire_BO2_1,train,val
-VsBorn-of-Fire_BO2_1_111_jpg.rf.2adbf287e79750d9e209fd2f214dfbe8.jpg,-VsBorn-of-Fire_BO2_1,valid,val
-VsBorn-of-Fire_BO2_1_112_jpg.rf.f41512cad17c10db5b0cd3e86e9fb736.jpg,-VsBorn-of-Fire_BO2_1,test,val
-VsBorn-of-Fire_BO2_1_113_jpg.rf.608b6b10c80af23832e3dae1ecb9dd7b.jpg,-VsBorn-of-Fire_BO2_1,train,val
-VsBorn-of-Fire_BO2_1_114_jpg.rf.b819232de0303a5d6c9f072e3a7bca44.jpg,-VsBorn-of-Fire_BO2_1,valid,val
-VsBorn-of-Fire_BO2_1_115_jpg.rf.6ae0a95a8c75064428636685cdd938f8.jpg,-VsBorn-of-Fire_BO2_1,train,val
-VsBorn-of-Fire_BO2_1_116_jpg.rf.7a097a0a93fc109ace0a4d991821c68f.jpg,-VsBorn-of-Fire_BO2_1,valid,val
-VsBorn-of-Fire_BO2_1_117_jpg.rf.197fbf28cac8a01c9ea93ef019880ef8.jpg,-VsBorn-of-Fire_BO2_1,train,val
-VsBorn-of-Fire_BO2_1_118_jpg.rf.4192da798746e7c118b076360d277329.jpg,-VsBorn-of-Fire_BO2_1,valid,val
-VsBorn-of-Fire_BO2_1_119_jpg.rf.acce19d39b5cbf778a4a435b807ada1d.jpg,-VsBorn-of-Fire_BO2_1,train,val
-VsBorn-of-Fire_BO2_1_11_jpg.rf.7bb6076a2ca384351c9ece7ce132dfd5.jpg,-VsBorn-of-Fire_BO2_1,train,val
-VsBorn-of-Fire_BO2_1_120_jpg.rf.553c0fec89214ede6691f8c2c423f1d2.jpg,-VsBorn-of-Fire_BO2_1,train,val
-VsBorn-of-Fire_BO2_1_121_jpg.rf.86411446dc6ff48171787e529aa68fc9.jpg,-VsBorn-of-Fire_BO2_1,valid,val
-VsBorn-of-Fire_BO2_1_122_jpg.rf.90992f021b4b9717f1eae873d36beb33.jpg,-VsBorn-of-Fire_BO2_1,train,val
-VsBorn-of-Fire_BO2_1_123_jpg.rf.3a2410b611c9a041db632fe1c4d091a7.jpg,-VsBorn-of-Fire_BO2_1,train,val
-VsBorn-of-Fire_BO2_1_124_jpg.rf.b59ff68a1a806e3780d1f7800f351851.jpg,-VsBorn-of-Fire_BO2_1,train,val
-VsBorn-of-Fire_BO2_1_125_jpg.rf.a68dee8de6da7bf2684d98450b678e34.jpg,-VsBorn-of-Fire_BO2_1,train,val
-VsBorn-of-Fire_BO2_1_126_jpg.rf.b67a48148424214794dd51245311ad49.jpg,-VsBorn-of-Fire_BO2_1,train,val
-VsBorn-of-Fire_BO2_1_127_jpg.rf.cac95e7db95c334d81c8feda463f2452.jpg,-VsBorn-of-Fire_BO2_1,valid,val
-VsBorn-of-Fire_BO2_1_128_jpg.rf.073869825f5d77f8527d8d27b6c31ec6.jpg,-VsBorn-of-Fire_BO2_1,train,val
-VsBorn-of-Fire_BO2_1_129_jpg.rf.e8b2160548f45eab586c3a113a005ead.jpg,-VsBorn-of-Fire_BO2_1,train,val
-VsBorn-of-Fire_BO2_1_12_jpg.rf.59ceb43a334f9e20b2f7bc151a334017.jpg,-VsBorn-of-Fire_BO2_1,train,val
-VsBorn-of-Fire_BO2_1_130_jpg.rf.4a5255ab1ff32d4662cc35f319dc7bcb.jpg,-VsBorn-of-Fire_BO2_1,train,val
-VsBorn-of-Fire_BO2_1_131_jpg.rf.c6a35b562c8aff6ea7a6d53584b49d49.jpg,-VsBorn-of-Fire_BO2_1,valid,val
-VsBorn-of-Fire_BO2_1_132_jpg.rf.54ade3ca910307ff70b031bb6b1754de.jpg,-VsBorn-of-Fire_BO2_1,valid,val
-VsBorn-of-Fire_BO2_1_133_jpg.rf.cb25dab2e9a039af5768bf5c2cf9da9e.jpg,-VsBorn-of-Fire_BO2_1,train,val
-VsBorn-of-Fire_BO2_1_134_jpg.rf.621018cd1c0837c382c2f2080792e561.jpg,-VsBorn-of-Fire_BO2_1,train,val
-VsBorn-of-Fire_BO2_1_135_jpg.rf.45cec42e16a2e458e1e6b588b064135a.jpg,-VsBorn-of-Fire_BO2_1,train,val
-VsBorn-of-Fire_BO2_1_136_jpg.rf.e1de15dc2f1a8cda6368bdc5b7947880.jpg,-VsBorn-of-Fire_BO2_1,train,val
-VsBorn-of-Fire_BO2_1_137_jpg.rf.b36879dfbd0577885855b43b8c18fe9a.jpg,-VsBorn-of-Fire_BO2_1,test,val
-VsBorn-of-Fire_BO2_1_138_jpg.rf.d1719c45b1801f9d899beb88c107aba7.jpg,-VsBorn-of-Fire_BO2_1,train,val
-VsBorn-of-Fire_BO2_1_139_jpg.rf.ccada6058a324a36f2f056381a43d735.jpg,-VsBorn-of-Fire_BO2_1,train,val
-VsBorn-of-Fire_BO2_1_13_jpg.rf.5c819b1abd9c7cb0bf4c60e5203b9e57.jpg,-VsBorn-of-Fire_BO2_1,train,val
-VsBorn-of-Fire_BO2_1_140_jpg.rf.6cbb88e8d1e99b24f68b69c87e991d84.jpg,-VsBorn-of-Fire_BO2_1,train,val
-VsBorn-of-Fire_BO2_1_141_jpg.rf.719c6d36651a0c7a2df14d25092c91ec.jpg,-VsBorn-of-Fire_BO2_1,train,val
-VsBorn-of-Fire_BO2_1_142_jpg.rf.933114094304115a2fbe1ef1b63272c6.jpg,-VsBorn-of-Fire_BO2_1,train,val
-VsBorn-of-Fire_BO2_1_143_jpg.rf.03bfb6985ace17d7f6f264802a4738d1.jpg,-VsBorn-of-Fire_BO2_1,train,val
-VsBorn-of-Fire_BO2_1_144_jpg.rf.9611921da2a95a88768165a1038ef3b9.jpg,-VsBorn-of-Fire_BO2_1,train,val
-VsBorn-of-Fire_BO2_1_145_jpg.rf.b517777e35bd450abb3ba8943f2944a6.jpg,-VsBorn-of-Fire_BO2_1,train,val
-VsBorn-of-Fire_BO2_1_146_jpg.rf.89fff8397be63f161b86d387d0373156.jpg,-VsBorn-of-Fire_BO2_1,test,val
-VsBorn-of-Fire_BO2_1_147_jpg.rf.267e0e265f9eeb6d702322cf14f59800.jpg,-VsBorn-of-Fire_BO2_1,train,val
-VsBorn-of-Fire_BO2_1_148_jpg.rf.3480d9d8969305749eb3b97228e546db.jpg,-VsBorn-of-Fire_BO2_1,test,val
-VsBorn-of-Fire_BO2_1_149_jpg.rf.9d5c3fdf8d2fa3f12e7007c651f6e3fe.jpg,-VsBorn-of-Fire_BO2_1,train,val
-VsBorn-of-Fire_BO2_1_14_jpg.rf.bc3a504804183ab9f2b548399def2ea3.jpg,-VsBorn-of-Fire_BO2_1,train,val
-VsBorn-of-Fire_BO2_1_150_jpg.rf.95abf791962ab844c3763cdca0e9d164.jpg,-VsBorn-of-Fire_BO2_1,valid,val
-VsBorn-of-Fire_BO2_1_151_jpg.rf.3a5e3842f91d9a7498d68ab9daa25b37.jpg,-VsBorn-of-Fire_BO2_1,test,val
-VsBorn-of-Fire_BO2_1_152_jpg.rf.835240028e0a0790c21dc4006f78edcf.jpg,-VsBorn-of-Fire_BO2_1,train,val
-VsBorn-of-Fire_BO2_1_153_jpg.rf.981e4a2dc1dda7a42d7458a65c130988.jpg,-VsBorn-of-Fire_BO2_1,train,val
-VsBorn-of-Fire_BO2_1_154_jpg.rf.cde5aeb91c75a2395b5b1ee0c584009a.jpg,-VsBorn-of-Fire_BO2_1,train,val
-VsBorn-of-Fire_BO2_1_155_jpg.rf.2bbd66e74a7f23ae104120aa0539bef6.jpg,-VsBorn-of-Fire_BO2_1,valid,val
-VsBorn-of-Fire_BO2_1_156_jpg.rf.8de58e0e9a099ce6c028ce7d6390cc72.jpg,-VsBorn-of-Fire_BO2_1,train,val
-VsBorn-of-Fire_BO2_1_157_jpg.rf.7b674a87c11c7387348913ab0777d115.jpg,-VsBorn-of-Fire_BO2_1,train,val
-VsBorn-of-Fire_BO2_1_158_jpg.rf.6bcb433029225cee1c64a5983fe04bf5.jpg,-VsBorn-of-Fire_BO2_1,valid,val
-VsBorn-of-Fire_BO2_1_159_jpg.rf.e984519cccc606c81b4fe0872ebe4eef.jpg,-VsBorn-of-Fire_BO2_1,train,val
-VsBorn-of-Fire_BO2_1_15_jpg.rf.5a0b7727ba36123fdacf5dd23489d6b2.jpg,-VsBorn-of-Fire_BO2_1,train,val
-VsBorn-of-Fire_BO2_1_160_jpg.rf.76aef208aba942dd8bc065b700074ad0.jpg,-VsBorn-of-Fire_BO2_1,train,val
-VsBorn-of-Fire_BO2_1_161_jpg.rf.fe870334c8ffa08d3d3b1a8b5838cb3b.jpg,-VsBorn-of-Fire_BO2_1,train,val
-VsBorn-of-Fire_BO2_1_162_jpg.rf.30bcda2f294595748aaec86f42cc698e.jpg,-VsBorn-of-Fire_BO2_1,train,val
-VsBorn-of-Fire_BO2_1_163_jpg.rf.8a8a4a133d1c8b1bde222116ba850e4a.jpg,-VsBorn-of-Fire_BO2_1,valid,val
-VsBorn-of-Fire_BO2_1_164_jpg.rf.ba3d6a978b1ae7a486172b6c031bac66.jpg,-VsBorn-of-Fire_BO2_1,train,val
-VsBorn-of-Fire_BO2_1_165_jpg.rf.468a107d9800aac8d988e2d6c811ea45.jpg,-VsBorn-of-Fire_BO2_1,train,val
-VsBorn-of-Fire_BO2_1_166_jpg.rf.0cd8a42ba0803f19376f90ae5a685131.jpg,-VsBorn-of-Fire_BO2_1,train,val
-VsBorn-of-Fire_BO2_1_167_jpg.rf.11cd489cc76c609e09b2a44233f0863f.jpg,-VsBorn-of-Fire_BO2_1,test,val
-VsBorn-of-Fire_BO2_1_168_jpg.rf.632ea3c9fc7444a7cba68bf929cc23d3.jpg,-VsBorn-of-Fire_BO2_1,train,val
-VsBorn-of-Fire_BO2_1_169_jpg.rf.61af4aab896a38304b9a87301666426e.jpg,-VsBorn-of-Fire_BO2_1,valid,val
-VsBorn-of-Fire_BO2_1_16_jpg.rf.9173594f9f267bd2cd6bd0d3d6f6f1f7.jpg,-VsBorn-of-Fire_BO2_1,train,val
-VsBorn-of-Fire_BO2_1_170_jpg.rf.15feeb8b7b5f08bd8430c24414f345ac.jpg,-VsBorn-of-Fire_BO2_1,train,val
-VsBorn-of-Fire_BO2_1_171_jpg.rf.864a15208e37faed7ddf606139789033.jpg,-VsBorn-of-Fire_BO2_1,train,val
-VsBorn-of-Fire_BO2_1_172_jpg.rf.781cd49b5383fd2472dc34dda93c059b.jpg,-VsBorn-of-Fire_BO2_1,train,val
-VsBorn-of-Fire_BO2_1_173_jpg.rf.16cd341b3d67d62b5aefff2a157dcce1.jpg,-VsBorn-of-Fire_BO2_1,train,val
-VsBorn-of-Fire_BO2_1_174_jpg.rf.b59f8d6895585d438fc8f3e71607b65e.jpg,-VsBorn-of-Fire_BO2_1,train,val
-VsBorn-of-Fire_BO2_1_175_jpg.rf.47f6886cfb483a63cdfdb95fa8712fc3.jpg,-VsBorn-of-Fire_BO2_1,train,val
-VsBorn-of-Fire_BO2_1_176_jpg.rf.c4644cf0db1f7eaa63c36570c5c4a53d.jpg,-VsBorn-of-Fire_BO2_1,train,val
-VsBorn-of-Fire_BO2_1_177_jpg.rf.9c22986426217e3f706e3c53b69c50ef.jpg,-VsBorn-of-Fire_BO2_1,train,val
-VsBorn-of-Fire_BO2_1_178_jpg.rf.8ee51030f2ad21bca04e700458977843.jpg,-VsBorn-of-Fire_BO2_1,train,val
-VsBorn-of-Fire_BO2_1_179_jpg.rf.0b587be8e0818fd5b0f7fd819195dcbc.jpg,-VsBorn-of-Fire_BO2_1,train,val
-VsBorn-of-Fire_BO2_1_17_jpg.rf.05c18af21d23a8292ed91cece7e23754.jpg,-VsBorn-of-Fire_BO2_1,train,val
-VsBorn-of-Fire_BO2_1_180_jpg.rf.4cf5df1f7b45d40b02bc0423f2bfdf7e.jpg,-VsBorn-of-Fire_BO2_1,train,val
-VsBorn-of-Fire_BO2_1_181_jpg.rf.6cb72c8a1b4f107733b1eb7fe4f2a2c1.jpg,-VsBorn-of-Fire_BO2_1,train,val
-VsBorn-of-Fire_BO2_1_182_jpg.rf.aab4fd2bf35ab3421f31e75cb6bdfe43.jpg,-VsBorn-of-Fire_BO2_1,valid,val
-VsBorn-of-Fire_BO2_1_183_jpg.rf.8841fc8ddb2647423995ed728af97d01.jpg,-VsBorn-of-Fire_BO2_1,test,val
-VsBorn-of-Fire_BO2_1_184_jpg.rf.1a8599d252c8f4c5bb386c8191e983b8.jpg,-VsBorn-of-Fire_BO2_1,train,val
-VsBorn-of-Fire_BO2_1_185_jpg.rf.a3aaf4266da722e4f9e3e523f507723d.jpg,-VsBorn-of-Fire_BO2_1,train,val
-VsBorn-of-Fire_BO2_1_186_jpg.rf.8f8a2750958368b62a23312a7901e5d7.jpg,-VsBorn-of-Fire_BO2_1,train,val
-VsBorn-of-Fire_BO2_1_187_jpg.rf.126941739ec226ab10a22a7086ceb35c.jpg,-VsBorn-of-Fire_BO2_1,valid,val
-VsBorn-of-Fire_BO2_1_188_jpg.rf.31b0201429d4d9cc5527c39e2f89b201.jpg,-VsBorn-of-Fire_BO2_1,train,val
-VsBorn-of-Fire_BO2_1_189_jpg.rf.9bc631cd22159a273179b8fb2f1dfcc4.jpg,-VsBorn-of-Fire_BO2_1,train,val
-VsBorn-of-Fire_BO2_1_18_jpg.rf.122a32db003812626d5d5b2be12f1e5b.jpg,-VsBorn-of-Fire_BO2_1,valid,val
-VsBorn-of-Fire_BO2_1_190_jpg.rf.c4f7c6065e91fbb94d87b915d01023b8.jpg,-VsBorn-of-Fire_BO2_1,train,val
-VsBorn-of-Fire_BO2_1_191_jpg.rf.8416f4b46cf5520a9944e54cdaa00456.jpg,-VsBorn-of-Fire_BO2_1,train,val
-VsBorn-of-Fire_BO2_1_192_jpg.rf.0c7197b45fbff5786421fdbf05d5c1fc.jpg,-VsBorn-of-Fire_BO2_1,valid,val
-VsBorn-of-Fire_BO2_1_193_jpg.rf.055037875e1fe3190d3f6485ab30650f.jpg,-VsBorn-of-Fire_BO2_1,test,val
-VsBorn-of-Fire_BO2_1_194_jpg.rf.ea920b899275968ce3590023c5aaba07.jpg,-VsBorn-of-Fire_BO2_1,train,val
-VsBorn-of-Fire_BO2_1_195_jpg.rf.4e0c3615606c8235a4e9d2462a1e4ede.jpg,-VsBorn-of-Fire_BO2_1,train,val
-VsBorn-of-Fire_BO2_1_196_jpg.rf.5296cfc106d88c43e835434ec4194a16.jpg,-VsBorn-of-Fire_BO2_1,train,val
-VsBorn-of-Fire_BO2_1_197_jpg.rf.70b71d952d25905d03a92f3eb257b948.jpg,-VsBorn-of-Fire_BO2_1,valid,val
-VsBorn-of-Fire_BO2_1_198_jpg.rf.1a532499d5a4ee2d50da95943b19616e.jpg,-VsBorn-of-Fire_BO2_1,train,val
-VsBorn-of-Fire_BO2_1_199_jpg.rf.7f4c540332a8974f30475b8a48c40658.jpg,-VsBorn-of-Fire_BO2_1,train,val
-VsBorn-of-Fire_BO2_1_19_jpg.rf.bb9ec3d10120fa6cfed8c88fee65a3b1.jpg,-VsBorn-of-Fire_BO2_1,train,val
-VsBorn-of-Fire_BO2_1_1_jpg.rf.1e42565720f22f18aa2ca6c9960c9867.jpg,-VsBorn-of-Fire_BO2_1,train,val
-VsBorn-of-Fire_BO2_1_200_jpg.rf.ad0260e64394cefd147557b25179f865.jpg,-VsBorn-of-Fire_BO2_1,valid,val
-VsBorn-of-Fire_BO2_1_201_jpg.rf.6e41f43091ae1de95ee31afdb2f65dec.jpg,-VsBorn-of-Fire_BO2_1,train,val
-VsBorn-of-Fire_BO2_1_202_jpg.rf.4390ab6d5abb5f3f691b69ef010df4e1.jpg,-VsBorn-of-Fire_BO2_1,train,val
-VsBorn-of-Fire_BO2_1_203_jpg.rf.4c69c7c70ce687c17145e13ba65e335b.jpg,-VsBorn-of-Fire_BO2_1,test,val
-VsBorn-of-Fire_BO2_1_204_jpg.rf.0530ff9cc198a99e146b0c35afb93ba0.jpg,-VsBorn-of-Fire_BO2_1,train,val
-VsBorn-of-Fire_BO2_1_205_jpg.rf.5030fdd02492efeb8938dff5f7571e42.jpg,-VsBorn-of-Fire_BO2_1,train,val
-VsBorn-of-Fire_BO2_1_206_jpg.rf.62ccf150606f557783d49d3cd70af8f3.jpg,-VsBorn-of-Fire_BO2_1,train,val
-VsBorn-of-Fire_BO2_1_207_jpg.rf.3651b9b9918dd4dbe61727c2bd55b464.jpg,-VsBorn-of-Fire_BO2_1,train,val
-VsBorn-of-Fire_BO2_1_208_jpg.rf.3d8ee4280042823e31f7b77fa530c46a.jpg,-VsBorn-of-Fire_BO2_1,train,val
-VsBorn-of-Fire_BO2_1_209_jpg.rf.1494d69479d4fe04c5255de948a2b933.jpg,-VsBorn-of-Fire_BO2_1,valid,val
-VsBorn-of-Fire_BO2_1_20_jpg.rf.fb52cf37944ea14e83d9dac21fa5ade5.jpg,-VsBorn-of-Fire_BO2_1,train,val
-VsBorn-of-Fire_BO2_1_210_jpg.rf.227ab67354094582545cf1e638c47d0f.jpg,-VsBorn-of-Fire_BO2_1,test,val
-VsBorn-of-Fire_BO2_1_211_jpg.rf.fb19f34a06736039ca87c0c2e14269cf.jpg,-VsBorn-of-Fire_BO2_1,train,val
-VsBorn-of-Fire_BO2_1_212_jpg.rf.8bc5b50443ea71366874d40736bbc92a.jpg,-VsBorn-of-Fire_BO2_1,train,val
-VsBorn-of-Fire_BO2_1_213_jpg.rf.c23f602c7d74731021b0ce04b60ea5c3.jpg,-VsBorn-of-Fire_BO2_1,train,val
-VsBorn-of-Fire_BO2_1_214_jpg.rf.27e807e7bd1e00994a38dc24c0e2a5d5.jpg,-VsBorn-of-Fire_BO2_1,train,val
-VsBorn-of-Fire_BO2_1_215_jpg.rf.7a605c8a530c48acc735c908a87dba3f.jpg,-VsBorn-of-Fire_BO2_1,test,val
-VsBorn-of-Fire_BO2_1_216_jpg.rf.7677c5df2e82d4686c250c759666ad88.jpg,-VsBorn-of-Fire_BO2_1,train,val
-VsBorn-of-Fire_BO2_1_217_jpg.rf.ea978bc67418550c26342b8f750a09b7.jpg,-VsBorn-of-Fire_BO2_1,train,val
-VsBorn-of-Fire_BO2_1_218_jpg.rf.2293776d2991e733402ed1ee1c7dc5ab.jpg,-VsBorn-of-Fire_BO2_1,train,val
-VsBorn-of-Fire_BO2_1_219_jpg.rf.244efd06b5ed44a43e946a7da127ab12.jpg,-VsBorn-of-Fire_BO2_1,train,val
-VsBorn-of-Fire_BO2_1_21_jpg.rf.1c8333edd62bd83b3f33cd28c6db606b.jpg,-VsBorn-of-Fire_BO2_1,train,val
-VsBorn-of-Fire_BO2_1_220_jpg.rf.a1826e443993dd8a1ca11563564d1748.jpg,-VsBorn-of-Fire_BO2_1,valid,val
-VsBorn-of-Fire_BO2_1_221_jpg.rf.ad2541f6389fc01e18c083029dd8721c.jpg,-VsBorn-of-Fire_BO2_1,valid,val
-VsBorn-of-Fire_BO2_1_222_jpg.rf.11475a3c277b0cf0bb484d7e8f8d92b9.jpg,-VsBorn-of-Fire_BO2_1,train,val
-VsBorn-of-Fire_BO2_1_223_jpg.rf.9e890be4d0db6433f344bb072027d102.jpg,-VsBorn-of-Fire_BO2_1,train,val
-VsBorn-of-Fire_BO2_1_224_jpg.rf.72d937ec296f2b98f98b634a98561714.jpg,-VsBorn-of-Fire_BO2_1,train,val
-VsBorn-of-Fire_BO2_1_225_jpg.rf.bb12d7738ca9a7b15876fa7bd0e0f6a1.jpg,-VsBorn-of-Fire_BO2_1,train,val
-VsBorn-of-Fire_BO2_1_226_jpg.rf.08185ec74f66a252560a9e053d2b4374.jpg,-VsBorn-of-Fire_BO2_1,valid,val
-VsBorn-of-Fire_BO2_1_227_jpg.rf.25238ce2453e359b3d2e159bc93675d7.jpg,-VsBorn-of-Fire_BO2_1,train,val
-VsBorn-of-Fire_BO2_1_228_jpg.rf.6095448212a66259586e02f5ef3a2703.jpg,-VsBorn-of-Fire_BO2_1,train,val
-VsBorn-of-Fire_BO2_1_229_jpg.rf.bda5345c76a2dea0871ea4da4fb9bede.jpg,-VsBorn-of-Fire_BO2_1,train,val
-VsBorn-of-Fire_BO2_1_22_jpg.rf.df60a6555fd4cfa1a3b45194aacf222d.jpg,-VsBorn-of-Fire_BO2_1,train,val
-VsBorn-of-Fire_BO2_1_230_jpg.rf.3ad45401c1b5aa41195550d1571c4ca4.jpg,-VsBorn-of-Fire_BO2_1,train,val
-VsBorn-of-Fire_BO2_1_231_jpg.rf.dc62545f19069bfcdb4e124d461a833e.jpg,-VsBorn-of-Fire_BO2_1,train,val
-VsBorn-of-Fire_BO2_1_232_jpg.rf.8a87226353e7a3e6f8947f7736e14107.jpg,-VsBorn-of-Fire_BO2_1,train,val
-VsBorn-of-Fire_BO2_1_233_jpg.rf.6acf4c07d7b1445ae2c5b351b0876ea6.jpg,-VsBorn-of-Fire_BO2_1,test,val
-VsBorn-of-Fire_BO2_1_234_jpg.rf.a6c37ba91b471cd0abb0349753625d5a.jpg,-VsBorn-of-Fire_BO2_1,test,val
-VsBorn-of-Fire_BO2_1_235_jpg.rf.032d6efe75e515566b1c94f9123bf32b.jpg,-VsBorn-of-Fire_BO2_1,valid,val
-VsBorn-of-Fire_BO2_1_236_jpg.rf.55b9e5a4bcace1de71566aa54a0cedcc.jpg,-VsBorn-of-Fire_BO2_1,valid,val
-VsBorn-of-Fire_BO2_1_237_jpg.rf.aed4885da019db17b47a5774649c03b5.jpg,-VsBorn-of-Fire_BO2_1,valid,val
-VsBorn-of-Fire_BO2_1_238_jpg.rf.660e555470ff72188080b9afb9a00547.jpg,-VsBorn-of-Fire_BO2_1,train,val
-VsBorn-of-Fire_BO2_1_239_jpg.rf.11dd8e33fdbfd619a0ed573f0ef76491.jpg,-VsBorn-of-Fire_BO2_1,train,val
-VsBorn-of-Fire_BO2_1_23_jpg.rf.647c7608206e300e78306e1092c3fc11.jpg,-VsBorn-of-Fire_BO2_1,valid,val
-VsBorn-of-Fire_BO2_1_240_jpg.rf.0550531c385ad0627373e091b14905c3.jpg,-VsBorn-of-Fire_BO2_1,train,val
-VsBorn-of-Fire_BO2_1_241_jpg.rf.4f3849142f35162101e7b33e34a12a58.jpg,-VsBorn-of-Fire_BO2_1,train,val
-VsBorn-of-Fire_BO2_1_242_jpg.rf.6301543ef26722d50dcec02aa203b4d7.jpg,-VsBorn-of-Fire_BO2_1,test,val
-VsBorn-of-Fire_BO2_1_243_jpg.rf.83dfdb7cd65fd7bb5f787cfb625f6776.jpg,-VsBorn-of-Fire_BO2_1,valid,val
-VsBorn-of-Fire_BO2_1_244_jpg.rf.43e449e4a77d8cd2c7ef33724eb9ebee.jpg,-VsBorn-of-Fire_BO2_1,test,val
-VsBorn-of-Fire_BO2_1_245_jpg.rf.70841a244cdcfba6a0e47fe56dd4676e.jpg,-VsBorn-of-Fire_BO2_1,test,val
-VsBorn-of-Fire_BO2_1_246_jpg.rf.eba4843a803795a56fecb4b0952560a2.jpg,-VsBorn-of-Fire_BO2_1,train,val
-VsBorn-of-Fire_BO2_1_247_jpg.rf.134410b1ebb8a4dfbcd18d3e169f2459.jpg,-VsBorn-of-Fire_BO2_1,test,val
-VsBorn-of-Fire_BO2_1_248_jpg.rf.3e97f61040f403a7e5d4f6a1924b60e6.jpg,-VsBorn-of-Fire_BO2_1,test,val
-VsBorn-of-Fire_BO2_1_249_jpg.rf.d46c7276928ecbd1344bed3d84ddb279.jpg,-VsBorn-of-Fire_BO2_1,valid,val
-VsBorn-of-Fire_BO2_1_24_jpg.rf.6c415af111dd693bdd275fe064533574.jpg,-VsBorn-of-Fire_BO2_1,train,val
-VsBorn-of-Fire_BO2_1_250_jpg.rf.98d0c369f0d694272135b1a13006590b.jpg,-VsBorn-of-Fire_BO2_1,train,val
-VsBorn-of-Fire_BO2_1_251_jpg.rf.78e52e29bc5583b71df8bd7a1a2ad651.jpg,-VsBorn-of-Fire_BO2_1,train,val
-VsBorn-of-Fire_BO2_1_252_jpg.rf.5eae187a9b37c393c81d069dcf565f56.jpg,-VsBorn-of-Fire_BO2_1,train,val
-VsBorn-of-Fire_BO2_1_253_jpg.rf.637e95b5871b84727d009db0c480356a.jpg,-VsBorn-of-Fire_BO2_1,train,val
-VsBorn-of-Fire_BO2_1_254_jpg.rf.7e2e7c073177a7bc56ef7dca8896258d.jpg,-VsBorn-of-Fire_BO2_1,train,val
-VsBorn-of-Fire_BO2_1_255_jpg.rf.c00e534433cba40cc17282363e1b3812.jpg,-VsBorn-of-Fire_BO2_1,train,val
-VsBorn-of-Fire_BO2_1_256_jpg.rf.0781b69367f6e4cee316c57d3b90da6e.jpg,-VsBorn-of-Fire_BO2_1,test,val
-VsBorn-of-Fire_BO2_1_257_jpg.rf.d7b81ce68e22e7dcf2ba78fec0bf560a.jpg,-VsBorn-of-Fire_BO2_1,train,val
-VsBorn-of-Fire_BO2_1_258_jpg.rf.68a05c0610274fd1efc54acb4afc46c1.jpg,-VsBorn-of-Fire_BO2_1,test,val
-VsBorn-of-Fire_BO2_1_259_jpg.rf.4d3e58ae02ad59c053f33cc5ea0a30c6.jpg,-VsBorn-of-Fire_BO2_1,test,val
-VsBorn-of-Fire_BO2_1_25_jpg.rf.bb0ca1b861d4e5f8845e3af7aefb816a.jpg,-VsBorn-of-Fire_BO2_1,test,val
-VsBorn-of-Fire_BO2_1_260_jpg.rf.7384a8df125353061f375be41368b071.jpg,-VsBorn-of-Fire_BO2_1,train,val
-VsBorn-of-Fire_BO2_1_261_jpg.rf.4059ac2240e3452e4cf944761acbb678.jpg,-VsBorn-of-Fire_BO2_1,train,val
-VsBorn-of-Fire_BO2_1_262_jpg.rf.3d5968295b61d75a9fe8d91a522ebd5e.jpg,-VsBorn-of-Fire_BO2_1,train,val
-VsBorn-of-Fire_BO2_1_263_jpg.rf.e50883d894922a7c82687d9fbbb01a69.jpg,-VsBorn-of-Fire_BO2_1,train,val
-VsBorn-of-Fire_BO2_1_264_jpg.rf.da333fc79765aa117d153b3369989a43.jpg,-VsBorn-of-Fire_BO2_1,train,val
-VsBorn-of-Fire_BO2_1_265_jpg.rf.bbabe743c7627a01fcd1997223f51957.jpg,-VsBorn-of-Fire_BO2_1,test,val
-VsBorn-of-Fire_BO2_1_266_jpg.rf.3fc5ead7ce6b32c9a8511b72ff0c5f5e.jpg,-VsBorn-of-Fire_BO2_1,test,val
-VsBorn-of-Fire_BO2_1_267_jpg.rf.ab3ba2f58ac1b6cb6be640fc859864a5.jpg,-VsBorn-of-Fire_BO2_1,train,val
-VsBorn-of-Fire_BO2_1_268_jpg.rf.9e0f2dceaef0ab4c3627e03fdd480f2e.jpg,-VsBorn-of-Fire_BO2_1,valid,val
-VsBorn-of-Fire_BO2_1_269_jpg.rf.df9d540cbc73d5af3251c83deb1d20d6.jpg,-VsBorn-of-Fire_BO2_1,train,val
-VsBorn-of-Fire_BO2_1_26_jpg.rf.80679e6a8d3075f901a16d03bc8c77b5.jpg,-VsBorn-of-Fire_BO2_1,valid,val
-VsBorn-of-Fire_BO2_1_270_jpg.rf.18448c4f672aaa079d1c953ad4c37795.jpg,-VsBorn-of-Fire_BO2_1,test,val
-VsBorn-of-Fire_BO2_1_271_jpg.rf.0a032c1c9df266628ebc4527f36f1e54.jpg,-VsBorn-of-Fire_BO2_1,train,val
-VsBorn-of-Fire_BO2_1_272_jpg.rf.2dd79549d34c2998f7bf7e16fed1241c.jpg,-VsBorn-of-Fire_BO2_1,train,val
-VsBorn-of-Fire_BO2_1_273_jpg.rf.225a19b3c84edbf495d8734f55d016d5.jpg,-VsBorn-of-Fire_BO2_1,test,val
-VsBorn-of-Fire_BO2_1_274_jpg.rf.aa0a94695012424f378a40705100f39b.jpg,-VsBorn-of-Fire_BO2_1,train,val
-VsBorn-of-Fire_BO2_1_275_jpg.rf.55ced278ef3a8431edb4d5797bdb7e71.jpg,-VsBorn-of-Fire_BO2_1,train,val
-VsBorn-of-Fire_BO2_1_276_jpg.rf.99f506b7f50fb9a8b699b5de4b0e5e21.jpg,-VsBorn-of-Fire_BO2_1,train,val
-VsBorn-of-Fire_BO2_1_277_jpg.rf.2a4a918bf1ecd7fca248bd14cded47c6.jpg,-VsBorn-of-Fire_BO2_1,valid,val
-VsBorn-of-Fire_BO2_1_278_jpg.rf.813f38df785cc1754102021c0e97b67e.jpg,-VsBorn-of-Fire_BO2_1,train,val
-VsBorn-of-Fire_BO2_1_279_jpg.rf.18e3a4ee3683b0327cc97e3736639cbf.jpg,-VsBorn-of-Fire_BO2_1,train,val
-VsBorn-of-Fire_BO2_1_27_jpg.rf.af1ee52ed828cdec5cc0df1052b9618e.jpg,-VsBorn-of-Fire_BO2_1,test,val
-VsBorn-of-Fire_BO2_1_280_jpg.rf.d0be0571414ebcd0a831da9d73e385dc.jpg,-VsBorn-of-Fire_BO2_1,train,val
-VsBorn-of-Fire_BO2_1_281_jpg.rf.d9e85fd3d5671d55a62d5d956ee0a4e2.jpg,-VsBorn-of-Fire_BO2_1,train,val
-VsBorn-of-Fire_BO2_1_282_jpg.rf.1c71b1f789578492ac02625b0e307505.jpg,-VsBorn-of-Fire_BO2_1,train,val
-VsBorn-of-Fire_BO2_1_283_jpg.rf.4089d68f82374b41bbc2688d7fea7d87.jpg,-VsBorn-of-Fire_BO2_1,train,val
-VsBorn-of-Fire_BO2_1_284_jpg.rf.7efbff3df38477f2fa3ab4764dd78f74.jpg,-VsBorn-of-Fire_BO2_1,train,val
-VsBorn-of-Fire_BO2_1_285_jpg.rf.06506a57bc649756e60c1ebd43a4e653.jpg,-VsBorn-of-Fire_BO2_1,train,val
-VsBorn-of-Fire_BO2_1_286_jpg.rf.24503af201d76ca387cb114b3e25b5ad.jpg,-VsBorn-of-Fire_BO2_1,valid,val
-VsBorn-of-Fire_BO2_1_287_jpg.rf.145adfe102bee52626d414fbf15d5a3e.jpg,-VsBorn-of-Fire_BO2_1,train,val
-VsBorn-of-Fire_BO2_1_288_jpg.rf.035f2da0889861bdd9644b3195e18d32.jpg,-VsBorn-of-Fire_BO2_1,train,val
-VsBorn-of-Fire_BO2_1_289_jpg.rf.e50b7bf9e33755d3bd05858d155913b4.jpg,-VsBorn-of-Fire_BO2_1,train,val
-VsBorn-of-Fire_BO2_1_28_jpg.rf.b2c438a5cf1a150b15955770966bebd4.jpg,-VsBorn-of-Fire_BO2_1,valid,val
-VsBorn-of-Fire_BO2_1_290_jpg.rf.a8ff62b5e1c0025fad7010ffe38ac745.jpg,-VsBorn-of-Fire_BO2_1,train,val
-VsBorn-of-Fire_BO2_1_291_jpg.rf.aa8ff394897e2c1975fd885ce9a66736.jpg,-VsBorn-of-Fire_BO2_1,train,val
-VsBorn-of-Fire_BO2_1_292_jpg.rf.d36c42e8cc412389510d259d1a81fb16.jpg,-VsBorn-of-Fire_BO2_1,train,val
-VsBorn-of-Fire_BO2_1_293_jpg.rf.5d9a1c2822f004fd85db44c7be2838f3.jpg,-VsBorn-of-Fire_BO2_1,train,val
-VsBorn-of-Fire_BO2_1_294_jpg.rf.2595943fdf36573adb2e59f6572a692b.jpg,-VsBorn-of-Fire_BO2_1,train,val
-VsBorn-of-Fire_BO2_1_295_jpg.rf.8be6a1c01550d77956fab5d00753f79c.jpg,-VsBorn-of-Fire_BO2_1,train,val
-VsBorn-of-Fire_BO2_1_296_jpg.rf.7346688f8c10dc95afd8da616cdba084.jpg,-VsBorn-of-Fire_BO2_1,train,val
-VsBorn-of-Fire_BO2_1_297_jpg.rf.a2f8572e7a2d43e32fc6dfb29e724d39.jpg,-VsBorn-of-Fire_BO2_1,train,val
-VsBorn-of-Fire_BO2_1_298_jpg.rf.1927f106fb8d9cd2faa4f2e8e7f8568c.jpg,-VsBorn-of-Fire_BO2_1,valid,val
-VsBorn-of-Fire_BO2_1_299_jpg.rf.630583dc02ff67b70ac22f12aa903ed2.jpg,-VsBorn-of-Fire_BO2_1,test,val
-VsBorn-of-Fire_BO2_1_29_jpg.rf.e83d3fdcc2eac01d150d0cd075e28c35.jpg,-VsBorn-of-Fire_BO2_1,train,val
-VsBorn-of-Fire_BO2_1_2_jpg.rf.53eed8782fdb51b1719b41ebbdb85846.jpg,-VsBorn-of-Fire_BO2_1,test,val
-VsBorn-of-Fire_BO2_1_300_jpg.rf.5ce7cfb3299536ea038ff7e15326cb79.jpg,-VsBorn-of-Fire_BO2_1,train,val
-VsBorn-of-Fire_BO2_1_301_jpg.rf.dc09a657bc3aec5b099e4a452b43f3ec.jpg,-VsBorn-of-Fire_BO2_1,valid,val
-VsBorn-of-Fire_BO2_1_302_jpg.rf.bb1390aa26176b4bc7c01b0ce242cc90.jpg,-VsBorn-of-Fire_BO2_1,valid,val
-VsBorn-of-Fire_BO2_1_303_jpg.rf.8143c51ff15d9c564b340cd3dba825e0.jpg,-VsBorn-of-Fire_BO2_1,train,val
-VsBorn-of-Fire_BO2_1_304_jpg.rf.01deefac5f1d82ac1bcf95e1dca5ded9.jpg,-VsBorn-of-Fire_BO2_1,train,val
-VsBorn-of-Fire_BO2_1_305_jpg.rf.6519176525e9fb42d67ca187e1cb35f4.jpg,-VsBorn-of-Fire_BO2_1,train,val
-VsBorn-of-Fire_BO2_1_306_jpg.rf.90655b26e61f71e0387c9ec9af4cf8c7.jpg,-VsBorn-of-Fire_BO2_1,train,val
-VsBorn-of-Fire_BO2_1_307_jpg.rf.6dceb4ef696bc8e00508d6b5eec261db.jpg,-VsBorn-of-Fire_BO2_1,train,val
-VsBorn-of-Fire_BO2_1_308_jpg.rf.9d6d56acd6fa4d9f6985d8d30a4ff2ad.jpg,-VsBorn-of-Fire_BO2_1,train,val
-VsBorn-of-Fire_BO2_1_309_jpg.rf.8a06f34665211c19e20aa2a44a3d18dc.jpg,-VsBorn-of-Fire_BO2_1,train,val
-VsBorn-of-Fire_BO2_1_30_jpg.rf.1599ac4fb9cdd2a7cba4434a94fb0a3b.jpg,-VsBorn-of-Fire_BO2_1,train,val
-VsBorn-of-Fire_BO2_1_310_jpg.rf.83608d4a7f3a373eaa3f623217d56da1.jpg,-VsBorn-of-Fire_BO2_1,train,val
-VsBorn-of-Fire_BO2_1_311_jpg.rf.96cbb5adaf93f787310694126a66ccc6.jpg,-VsBorn-of-Fire_BO2_1,train,val
-VsBorn-of-Fire_BO2_1_312_jpg.rf.25428d4e2ab16f9e44a921319ea98691.jpg,-VsBorn-of-Fire_BO2_1,train,val
-VsBorn-of-Fire_BO2_1_313_jpg.rf.e497208d68d42346e240b6abb919e8ad.jpg,-VsBorn-of-Fire_BO2_1,train,val
-VsBorn-of-Fire_BO2_1_314_jpg.rf.0854b0adf9c66548b39348745c96c43e.jpg,-VsBorn-of-Fire_BO2_1,test,val
-VsBorn-of-Fire_BO2_1_315_jpg.rf.9feb5a5dff1522f2e28241cbf0e5b3bd.jpg,-VsBorn-of-Fire_BO2_1,train,val
-VsBorn-of-Fire_BO2_1_316_jpg.rf.27f0201abf8af208758c4b30930074cd.jpg,-VsBorn-of-Fire_BO2_1,train,val
-VsBorn-of-Fire_BO2_1_317_jpg.rf.bb8cd477c3c7b5431d5ac975a1cd40df.jpg,-VsBorn-of-Fire_BO2_1,train,val
-VsBorn-of-Fire_BO2_1_318_jpg.rf.6ae1d1bb1379ebd372c712e89b30085c.jpg,-VsBorn-of-Fire_BO2_1,test,val
-VsBorn-of-Fire_BO2_1_319_jpg.rf.0a432a5f2753f07b2033077aee5c672a.jpg,-VsBorn-of-Fire_BO2_1,test,val
-VsBorn-of-Fire_BO2_1_31_jpg.rf.bbddaaab929abfe8a336d1c7c810aed0.jpg,-VsBorn-of-Fire_BO2_1,train,val
-VsBorn-of-Fire_BO2_1_320_jpg.rf.5c7a699a13d643d412930b365bd7eb4d.jpg,-VsBorn-of-Fire_BO2_1,train,val
-VsBorn-of-Fire_BO2_1_321_jpg.rf.38fdf59ae1431bb3a9e70b2a65b51320.jpg,-VsBorn-of-Fire_BO2_1,test,val
-VsBorn-of-Fire_BO2_1_322_jpg.rf.ab4ff1d00396372f599445dbed81d523.jpg,-VsBorn-of-Fire_BO2_1,train,val
-VsBorn-of-Fire_BO2_1_323_jpg.rf.11692d1f3f50b08bf51c5575c542698b.jpg,-VsBorn-of-Fire_BO2_1,train,val
-VsBorn-of-Fire_BO2_1_324_jpg.rf.e956e695dfd14f929660fe0dfa3f305e.jpg,-VsBorn-of-Fire_BO2_1,test,val
-VsBorn-of-Fire_BO2_1_325_jpg.rf.c6dffb2d829a22db37e3ee3add9e2b63.jpg,-VsBorn-of-Fire_BO2_1,train,val
-VsBorn-of-Fire_BO2_1_326_jpg.rf.af6878ee64698ae7ef5c0c3100dc61ca.jpg,-VsBorn-of-Fire_BO2_1,train,val
-VsBorn-of-Fire_BO2_1_327_jpg.rf.7e3053b17f9cf66b778709e1100bd1f5.jpg,-VsBorn-of-Fire_BO2_1,train,val
-VsBorn-of-Fire_BO2_1_328_jpg.rf.89cd095da98e8a7d7dea77d42f694b38.jpg,-VsBorn-of-Fire_BO2_1,train,val
-VsBorn-of-Fire_BO2_1_329_jpg.rf.7641577a4aa205ce2464e8e0c7f255f0.jpg,-VsBorn-of-Fire_BO2_1,valid,val
-VsBorn-of-Fire_BO2_1_32_jpg.rf.77f5cce6685bad17c777dc586f3e2f6e.jpg,-VsBorn-of-Fire_BO2_1,train,val
-VsBorn-of-Fire_BO2_1_330_jpg.rf.095556eaa2e86413aebf17c8d99afc4e.jpg,-VsBorn-of-Fire_BO2_1,train,val
-VsBorn-of-Fire_BO2_1_331_jpg.rf.f48b29169f9e0a6822de16bbf68d463f.jpg,-VsBorn-of-Fire_BO2_1,train,val
-VsBorn-of-Fire_BO2_1_332_jpg.rf.b75ce41cad321ed81d3efd446e1825af.jpg,-VsBorn-of-Fire_BO2_1,train,val
-VsBorn-of-Fire_BO2_1_333_jpg.rf.dbb7d3c277ab0b12e10885843957e249.jpg,-VsBorn-of-Fire_BO2_1,train,val
-VsBorn-of-Fire_BO2_1_334_jpg.rf.c0dd14ce526f37d10bd51aeea29e07f6.jpg,-VsBorn-of-Fire_BO2_1,train,val
-VsBorn-of-Fire_BO2_1_335_jpg.rf.a8629ed1f39b425adcd029496dad6c56.jpg,-VsBorn-of-Fire_BO2_1,valid,val
-VsBorn-of-Fire_BO2_1_336_jpg.rf.e4c1935d6f4f1c03f8977b9ff984442d.jpg,-VsBorn-of-Fire_BO2_1,train,val
-VsBorn-of-Fire_BO2_1_337_jpg.rf.54418886d4c58b90c7ccdd2daeb002c0.jpg,-VsBorn-of-Fire_BO2_1,train,val
-VsBorn-of-Fire_BO2_1_338_jpg.rf.2a589815faacaebba1652373b4e9f604.jpg,-VsBorn-of-Fire_BO2_1,test,val
-VsBorn-of-Fire_BO2_1_339_jpg.rf.8f48c67f812af0a6798a8ee9440b5c22.jpg,-VsBorn-of-Fire_BO2_1,train,val
-VsBorn-of-Fire_BO2_1_33_jpg.rf.8be62050411e21b6db641eecda731b16.jpg,-VsBorn-of-Fire_BO2_1,train,val
-VsBorn-of-Fire_BO2_1_340_jpg.rf.6b7aa40055c8e4f2dcd93fb5bbaf02ef.jpg,-VsBorn-of-Fire_BO2_1,train,val
-VsBorn-of-Fire_BO2_1_341_jpg.rf.4cf6bca7262bdfc7adc664e19fc0c682.jpg,-VsBorn-of-Fire_BO2_1,valid,val
-VsBorn-of-Fire_BO2_1_342_jpg.rf.043f977d093d8a3c6e863b5c0d899b8c.jpg,-VsBorn-of-Fire_BO2_1,train,val
-VsBorn-of-Fire_BO2_1_343_jpg.rf.106a34449b2aa14a293eb962053f4c49.jpg,-VsBorn-of-Fire_BO2_1,train,val
-VsBorn-of-Fire_BO2_1_344_jpg.rf.8d5f28bbe9454d28b662dc98bd1b5c5c.jpg,-VsBorn-of-Fire_BO2_1,train,val
-VsBorn-of-Fire_BO2_1_345_jpg.rf.78430e1c0e18e9a55b756f2c1c99c91e.jpg,-VsBorn-of-Fire_BO2_1,test,val
-VsBorn-of-Fire_BO2_1_346_jpg.rf.7395d4ec20dd2b9a5f1a153301ca23a3.jpg,-VsBorn-of-Fire_BO2_1,train,val
-VsBorn-of-Fire_BO2_1_347_jpg.rf.5ca473b1220c767b0964febe773f949c.jpg,-VsBorn-of-Fire_BO2_1,valid,val
-VsBorn-of-Fire_BO2_1_348_jpg.rf.bb644bf9f81cbec4f20d54eaa019641c.jpg,-VsBorn-of-Fire_BO2_1,train,val
-VsBorn-of-Fire_BO2_1_349_jpg.rf.545f24a3db1bd747ae368f31fe8586e3.jpg,-VsBorn-of-Fire_BO2_1,valid,val
-VsBorn-of-Fire_BO2_1_34_jpg.rf.c2a5f69419ba17f389eff10fe1a2f5c3.jpg,-VsBorn-of-Fire_BO2_1,train,val
-VsBorn-of-Fire_BO2_1_350_jpg.rf.7dc506bc6b96d862a28531bb551a04db.jpg,-VsBorn-of-Fire_BO2_1,train,val
-VsBorn-of-Fire_BO2_1_351_jpg.rf.ad2cf1e2f9bdf8a8bd07407fc706b2b4.jpg,-VsBorn-of-Fire_BO2_1,train,val
-VsBorn-of-Fire_BO2_1_352_jpg.rf.f0566c4d44e9af6c8d52110f9437e5f1.jpg,-VsBorn-of-Fire_BO2_1,train,val
-VsBorn-of-Fire_BO2_1_353_jpg.rf.76822166aa22486332877a6b12b033d8.jpg,-VsBorn-of-Fire_BO2_1,train,val
-VsBorn-of-Fire_BO2_1_354_jpg.rf.37ad8f1840b8c1b1768efb41b3f92cc9.jpg,-VsBorn-of-Fire_BO2_1,train,val
-VsBorn-of-Fire_BO2_1_355_jpg.rf.3ca7acec44de1d52017944cea7cdcc4d.jpg,-VsBorn-of-Fire_BO2_1,train,val
-VsBorn-of-Fire_BO2_1_356_jpg.rf.8ceb5c67ce4fe1fd42d28ccfd6a8df8b.jpg,-VsBorn-of-Fire_BO2_1,train,val
-VsBorn-of-Fire_BO2_1_357_jpg.rf.ff59e85d97a24fb7dde761c38817a1f7.jpg,-VsBorn-of-Fire_BO2_1,train,val
-VsBorn-of-Fire_BO2_1_358_jpg.rf.0bbe661c62b494ef421d822e34975a77.jpg,-VsBorn-of-Fire_BO2_1,train,val
-VsBorn-of-Fire_BO2_1_359_jpg.rf.8fec991b8e8b7a8a019db3655035031f.jpg,-VsBorn-of-Fire_BO2_1,train,val
-VsBorn-of-Fire_BO2_1_35_jpg.rf.1624413893942ec0f699dde2b42b51e8.jpg,-VsBorn-of-Fire_BO2_1,valid,val
-VsBorn-of-Fire_BO2_1_360_jpg.rf.ecee7775eb4f8122ea029f07cfe22ceb.jpg,-VsBorn-of-Fire_BO2_1,train,val
-VsBorn-of-Fire_BO2_1_361_jpg.rf.93a51be193ab4219cc2fcd9c7f480d5b.jpg,-VsBorn-of-Fire_BO2_1,train,val
-VsBorn-of-Fire_BO2_1_362_jpg.rf.9098f4da0d9ccfb6a2db1afd1a6f3adf.jpg,-VsBorn-of-Fire_BO2_1,train,val
-VsBorn-of-Fire_BO2_1_363_jpg.rf.35588fdc733549a89998a83bf867d58b.jpg,-VsBorn-of-Fire_BO2_1,valid,val
-VsBorn-of-Fire_BO2_1_364_jpg.rf.91c8fedb0eb4b7a20f5ce4a7a3570187.jpg,-VsBorn-of-Fire_BO2_1,train,val
-VsBorn-of-Fire_BO2_1_365_jpg.rf.9e72ae3fa584c8e2d4468c22248bc2b0.jpg,-VsBorn-of-Fire_BO2_1,train,val
-VsBorn-of-Fire_BO2_1_366_jpg.rf.f4d4f5b8170cac4b2c65429dd88593db.jpg,-VsBorn-of-Fire_BO2_1,valid,val
-VsBorn-of-Fire_BO2_1_367_jpg.rf.3b1a50a03d71440e588b1304e1ddebd9.jpg,-VsBorn-of-Fire_BO2_1,train,val
-VsBorn-of-Fire_BO2_1_368_jpg.rf.d825772dc923a21c23a0f2c27fb9cd82.jpg,-VsBorn-of-Fire_BO2_1,train,val
-VsBorn-of-Fire_BO2_1_369_jpg.rf.23133f14ca8baf4e1425c6fac8b52043.jpg,-VsBorn-of-Fire_BO2_1,train,val
-VsBorn-of-Fire_BO2_1_36_jpg.rf.3d371d7162ad1a52bfe25f480c628402.jpg,-VsBorn-of-Fire_BO2_1,train,val
-VsBorn-of-Fire_BO2_1_370_jpg.rf.9c7aca58dad05df22e37f8fd47229961.jpg,-VsBorn-of-Fire_BO2_1,train,val
-VsBorn-of-Fire_BO2_1_371_jpg.rf.d8279b2b79565f3639cd61fee0ba82cf.jpg,-VsBorn-of-Fire_BO2_1,valid,val
-VsBorn-of-Fire_BO2_1_372_jpg.rf.dd26cad3e70b1ddf18c2a5b71cf29f81.jpg,-VsBorn-of-Fire_BO2_1,train,val
-VsBorn-of-Fire_BO2_1_373_jpg.rf.0c163d079fcfd78ac41d176af4c6bff5.jpg,-VsBorn-of-Fire_BO2_1,train,val
-VsBorn-of-Fire_BO2_1_374_jpg.rf.0504763f659348b03a43e632d4922534.jpg,-VsBorn-of-Fire_BO2_1,valid,val
-VsBorn-of-Fire_BO2_1_375_jpg.rf.8ab8a346b5cb2973b149eac63a16be10.jpg,-VsBorn-of-Fire_BO2_1,train,val
-VsBorn-of-Fire_BO2_1_376_jpg.rf.3c2d0114cf8b8cfa270249aa9731376a.jpg,-VsBorn-of-Fire_BO2_1,valid,val
-VsBorn-of-Fire_BO2_1_377_jpg.rf.b0030bf79a6832c7d22f556782e60c6a.jpg,-VsBorn-of-Fire_BO2_1,train,val
-VsBorn-of-Fire_BO2_1_378_jpg.rf.aa03f6d60579c4d667af61f88a6627d9.jpg,-VsBorn-of-Fire_BO2_1,train,val
-VsBorn-of-Fire_BO2_1_379_jpg.rf.c4aeedac41d9d351cb4467c1b8a995fc.jpg,-VsBorn-of-Fire_BO2_1,train,val
-VsBorn-of-Fire_BO2_1_37_jpg.rf.c7a10b86cfec9541bd390e34036ba8ea.jpg,-VsBorn-of-Fire_BO2_1,valid,val
-VsBorn-of-Fire_BO2_1_380_jpg.rf.8cbdfd923bc88d39ede04eb90f48644d.jpg,-VsBorn-of-Fire_BO2_1,train,val
-VsBorn-of-Fire_BO2_1_381_jpg.rf.5a818fcf935fc271f28ad262443ec56b.jpg,-VsBorn-of-Fire_BO2_1,test,val
-VsBorn-of-Fire_BO2_1_382_jpg.rf.b7e3ea8c886f0440ca8e133dd932abb5.jpg,-VsBorn-of-Fire_BO2_1,train,val
-VsBorn-of-Fire_BO2_1_383_jpg.rf.11d66db89b4890afa66a11921868328d.jpg,-VsBorn-of-Fire_BO2_1,train,val
-VsBorn-of-Fire_BO2_1_384_jpg.rf.808c29fa0f81ce8ac7afa11bd339fa19.jpg,-VsBorn-of-Fire_BO2_1,train,val
-VsBorn-of-Fire_BO2_1_385_jpg.rf.989bd072c6dfd6fe28b1104f4a77052c.jpg,-VsBorn-of-Fire_BO2_1,train,val
-VsBorn-of-Fire_BO2_1_386_jpg.rf.4985c789c0e689a9ba348b1c988b386e.jpg,-VsBorn-of-Fire_BO2_1,train,val
-VsBorn-of-Fire_BO2_1_387_jpg.rf.406bce9c93f7f1bdc549d01f8e522c8d.jpg,-VsBorn-of-Fire_BO2_1,train,val
-VsBorn-of-Fire_BO2_1_388_jpg.rf.58a526d94b60dd24fb04c7245a264c3f.jpg,-VsBorn-of-Fire_BO2_1,train,val
-VsBorn-of-Fire_BO2_1_389_jpg.rf.56f8223ed23cb6909ef4c5bcf686c083.jpg,-VsBorn-of-Fire_BO2_1,train,val
-VsBorn-of-Fire_BO2_1_38_jpg.rf.e8474861d21ca37454bd8f886243a04f.jpg,-VsBorn-of-Fire_BO2_1,train,val
-VsBorn-of-Fire_BO2_1_390_jpg.rf.5a60c1b1f509536dd31717c2112c67b8.jpg,-VsBorn-of-Fire_BO2_1,valid,val
-VsBorn-of-Fire_BO2_1_391_jpg.rf.d50983f92124234c5aa80a48c3a9d833.jpg,-VsBorn-of-Fire_BO2_1,valid,val
-VsBorn-of-Fire_BO2_1_392_jpg.rf.ddc456946d98120c8d9cf382d5ac4b06.jpg,-VsBorn-of-Fire_BO2_1,train,val
-VsBorn-of-Fire_BO2_1_393_jpg.rf.a7a5c0e313c3da0f95eb5ca36e4a448b.jpg,-VsBorn-of-Fire_BO2_1,valid,val
-VsBorn-of-Fire_BO2_1_394_jpg.rf.693ea31d36ae447309277a1cd18eefe7.jpg,-VsBorn-of-Fire_BO2_1,train,val
-VsBorn-of-Fire_BO2_1_395_jpg.rf.ec5739e20615b370062f2062d71ae563.jpg,-VsBorn-of-Fire_BO2_1,test,val
-VsBorn-of-Fire_BO2_1_396_jpg.rf.3cdbc693055e944d144ace0ca9d237ff.jpg,-VsBorn-of-Fire_BO2_1,test,val
-VsBorn-of-Fire_BO2_1_39_jpg.rf.65d2f5d12ca4da532973ab5f1a5f5ae4.jpg,-VsBorn-of-Fire_BO2_1,train,val
-VsBorn-of-Fire_BO2_1_3_jpg.rf.3e21d0f46d5de0219cfb2ab04dcfb8ce.jpg,-VsBorn-of-Fire_BO2_1,valid,val
-VsBorn-of-Fire_BO2_1_40_jpg.rf.f820ff142bf34d4ef7a71c91962e363b.jpg,-VsBorn-of-Fire_BO2_1,train,val
-VsBorn-of-Fire_BO2_1_41_jpg.rf.4ba96e0e53798fa134c7c873de99c311.jpg,-VsBorn-of-Fire_BO2_1,train,val
-VsBorn-of-Fire_BO2_1_42_jpg.rf.cb1429ab1312a46a42b8ed3823e48dff.jpg,-VsBorn-of-Fire_BO2_1,valid,val
-VsBorn-of-Fire_BO2_1_43_jpg.rf.4b32673a31995c099cad221945a1bfe0.jpg,-VsBorn-of-Fire_BO2_1,train,val
-VsBorn-of-Fire_BO2_1_44_jpg.rf.3f4868a7b7b5dee234f64cbc30862213.jpg,-VsBorn-of-Fire_BO2_1,train,val
-VsBorn-of-Fire_BO2_1_45_jpg.rf.13f1fab4eec734155407a5a9d2ae6e81.jpg,-VsBorn-of-Fire_BO2_1,valid,val
-VsBorn-of-Fire_BO2_1_46_jpg.rf.2dea709a1026f7728989d4d0caae7ef1.jpg,-VsBorn-of-Fire_BO2_1,valid,val
-VsBorn-of-Fire_BO2_1_47_jpg.rf.ece816871fe74fb24033bd2a4f919f55.jpg,-VsBorn-of-Fire_BO2_1,train,val
-VsBorn-of-Fire_BO2_1_48_jpg.rf.07626a13254858875f4a7c149baa845a.jpg,-VsBorn-of-Fire_BO2_1,train,val
-VsBorn-of-Fire_BO2_1_49_jpg.rf.312c084a0bab176bb4c98bf00e3f1f76.jpg,-VsBorn-of-Fire_BO2_1,train,val
-VsBorn-of-Fire_BO2_1_4_jpg.rf.cf7889b47fb9d653656214f057a9b6ed.jpg,-VsBorn-of-Fire_BO2_1,train,val
-VsBorn-of-Fire_BO2_1_50_jpg.rf.916bc8006ba82dfefa9d543c7e570d0a.jpg,-VsBorn-of-Fire_BO2_1,train,val
-VsBorn-of-Fire_BO2_1_51_jpg.rf.1561c17f5b0eb105603306de61124fc6.jpg,-VsBorn-of-Fire_BO2_1,train,val
-VsBorn-of-Fire_BO2_1_52_jpg.rf.6e8a8bc93def3d49b619e290dfe3ee30.jpg,-VsBorn-of-Fire_BO2_1,train,val
-VsBorn-of-Fire_BO2_1_53_jpg.rf.5afe48acb09b28cb8e62d06d64833eb5.jpg,-VsBorn-of-Fire_BO2_1,train,val
-VsBorn-of-Fire_BO2_1_54_jpg.rf.cc57665229c7a48e3d0c812bd071ba63.jpg,-VsBorn-of-Fire_BO2_1,train,val
-VsBorn-of-Fire_BO2_1_55_jpg.rf.347adaaf5957e46d3d2e71ed56a6ef41.jpg,-VsBorn-of-Fire_BO2_1,train,val
-VsBorn-of-Fire_BO2_1_56_jpg.rf.96af04f955866e89b83c64230b512530.jpg,-VsBorn-of-Fire_BO2_1,train,val
-VsBorn-of-Fire_BO2_1_57_jpg.rf.4502d6dd70b9affe25e886f538d37703.jpg,-VsBorn-of-Fire_BO2_1,train,val
-VsBorn-of-Fire_BO2_1_58_jpg.rf.9251dec0a1b7f1ecc6ed6c2d6991fa83.jpg,-VsBorn-of-Fire_BO2_1,train,val
-VsBorn-of-Fire_BO2_1_59_jpg.rf.8997c4d8256dd2336c3770fda7007773.jpg,-VsBorn-of-Fire_BO2_1,train,val
-VsBorn-of-Fire_BO2_1_5_jpg.rf.4b3a9b63530e29ab922af7cd2fdfbe46.jpg,-VsBorn-of-Fire_BO2_1,valid,val
-VsBorn-of-Fire_BO2_1_60_jpg.rf.300ddf24f4494ea1cd5fafe63e6374c1.jpg,-VsBorn-of-Fire_BO2_1,test,val
-VsBorn-of-Fire_BO2_1_61_jpg.rf.f944f94b33473611cffa1cc9f05aa2be.jpg,-VsBorn-of-Fire_BO2_1,valid,val
-VsBorn-of-Fire_BO2_1_62_jpg.rf.ed78698157ac7de1e3b6dcca25b81c44.jpg,-VsBorn-of-Fire_BO2_1,train,val
-VsBorn-of-Fire_BO2_1_63_jpg.rf.332a48d3275d53a5256406655d2e74f7.jpg,-VsBorn-of-Fire_BO2_1,train,val
-VsBorn-of-Fire_BO2_1_64_jpg.rf.233fcad0e348c938dae14d414fe83f2e.jpg,-VsBorn-of-Fire_BO2_1,train,val
-VsBorn-of-Fire_BO2_1_65_jpg.rf.598902070619e9ef259ebbf9cfdc4222.jpg,-VsBorn-of-Fire_BO2_1,train,val
-VsBorn-of-Fire_BO2_1_66_jpg.rf.7a2a769717ad8ab42a40b1926e9379a4.jpg,-VsBorn-of-Fire_BO2_1,train,val
-VsBorn-of-Fire_BO2_1_67_jpg.rf.90d5a5559e75889dfddf34e2a2ec476c.jpg,-VsBorn-of-Fire_BO2_1,train,val
-VsBorn-of-Fire_BO2_1_68_jpg.rf.11856ab4084a19252ec74aeb5a7f33df.jpg,-VsBorn-of-Fire_BO2_1,test,val
-VsBorn-of-Fire_BO2_1_69_jpg.rf.75071b96ec2e5ea5709f77df023c54fc.jpg,-VsBorn-of-Fire_BO2_1,train,val
-VsBorn-of-Fire_BO2_1_6_jpg.rf.21443e6c8b9ad4adf7453a3fdc8a2267.jpg,-VsBorn-of-Fire_BO2_1,valid,val
-VsBorn-of-Fire_BO2_1_70_jpg.rf.53873d3e622f9cc9bc4516a078fb7d6a.jpg,-VsBorn-of-Fire_BO2_1,train,val
-VsBorn-of-Fire_BO2_1_71_jpg.rf.83b9f290c4af71bf7dbbc721fc875c5f.jpg,-VsBorn-of-Fire_BO2_1,train,val
-VsBorn-of-Fire_BO2_1_72_jpg.rf.106666768ad0863f831b23effdd4753b.jpg,-VsBorn-of-Fire_BO2_1,train,val
-VsBorn-of-Fire_BO2_1_73_jpg.rf.587dd05ece7efd8a8492607045b90a5a.jpg,-VsBorn-of-Fire_BO2_1,valid,val
-VsBorn-of-Fire_BO2_1_74_jpg.rf.49b2fa4b0ecfad88884a39a551c31edc.jpg,-VsBorn-of-Fire_BO2_1,train,val
-VsBorn-of-Fire_BO2_1_75_jpg.rf.b7d4f3bd719f30ce748eeca837a04174.jpg,-VsBorn-of-Fire_BO2_1,test,val
-VsBorn-of-Fire_BO2_1_76_jpg.rf.5ccf0303faa46f0a2e01ec811c9570df.jpg,-VsBorn-of-Fire_BO2_1,train,val
-VsBorn-of-Fire_BO2_1_77_jpg.rf.04968d24164e3384c9c945acbae2847d.jpg,-VsBorn-of-Fire_BO2_1,train,val
-VsBorn-of-Fire_BO2_1_78_jpg.rf.927d7854cefdfcd46863362f1571650d.jpg,-VsBorn-of-Fire_BO2_1,train,val
-VsBorn-of-Fire_BO2_1_79_jpg.rf.506cbb6e15de3a7608f6dd8c3d45f6ff.jpg,-VsBorn-of-Fire_BO2_1,train,val
-VsBorn-of-Fire_BO2_1_7_jpg.rf.2fe9cb20967c782274d20f1693f57c32.jpg,-VsBorn-of-Fire_BO2_1,valid,val
-VsBorn-of-Fire_BO2_1_80_jpg.rf.5d486f27af2ae0feac14152dfb231f14.jpg,-VsBorn-of-Fire_BO2_1,train,val
-VsBorn-of-Fire_BO2_1_81_jpg.rf.074d3e1de779ba5499d97ca443475719.jpg,-VsBorn-of-Fire_BO2_1,test,val
-VsBorn-of-Fire_BO2_1_82_jpg.rf.bed911aa569be0fb58d4498232d3ae9c.jpg,-VsBorn-of-Fire_BO2_1,test,val
-VsBorn-of-Fire_BO2_1_83_jpg.rf.f1040e3546eeff7ebbc69a857749d3fb.jpg,-VsBorn-of-Fire_BO2_1,valid,val
-VsBorn-of-Fire_BO2_1_84_jpg.rf.425dd68b1a0f207ed1d15f2117f1b8bb.jpg,-VsBorn-of-Fire_BO2_1,train,val
-VsBorn-of-Fire_BO2_1_85_jpg.rf.cc79dd46cb8060b9bac044964948083b.jpg,-VsBorn-of-Fire_BO2_1,test,val
-VsBorn-of-Fire_BO2_1_86_jpg.rf.db438f74c9a1533b1c707617935f98a0.jpg,-VsBorn-of-Fire_BO2_1,valid,val
-VsBorn-of-Fire_BO2_1_87_jpg.rf.893459f031067dff57b5fd5e938a65fc.jpg,-VsBorn-of-Fire_BO2_1,valid,val
-VsBorn-of-Fire_BO2_1_88_jpg.rf.2bd1e7c20f3e517857ec787c879ed432.jpg,-VsBorn-of-Fire_BO2_1,train,val
-VsBorn-of-Fire_BO2_1_89_jpg.rf.b393dc8994abc806d01a3a2084fc6819.jpg,-VsBorn-of-Fire_BO2_1,train,val
-VsBorn-of-Fire_BO2_1_8_jpg.rf.ce73ed6cf73b6db6d81791705711db83.jpg,-VsBorn-of-Fire_BO2_1,train,val
-VsBorn-of-Fire_BO2_1_90_jpg.rf.30d4b3262b9ede7fd1a69db4d444cea7.jpg,-VsBorn-of-Fire_BO2_1,train,val
-VsBorn-of-Fire_BO2_1_91_jpg.rf.453c3d7f1853ce3734f1a2410e411a25.jpg,-VsBorn-of-Fire_BO2_1,train,val
-VsBorn-of-Fire_BO2_1_92_jpg.rf.2a949c01b6dab7830e78573b357cfc30.jpg,-VsBorn-of-Fire_BO2_1,train,val
-VsBorn-of-Fire_BO2_1_93_jpg.rf.70fc7d3b14ddfb0539e887f7a9d78035.jpg,-VsBorn-of-Fire_BO2_1,train,val
-VsBorn-of-Fire_BO2_1_94_jpg.rf.e13c3af640f28fc941d342e300f776e0.jpg,-VsBorn-of-Fire_BO2_1,train,val
-VsBorn-of-Fire_BO2_1_95_jpg.rf.4a57f43c10809a1a22f861eecd8587bf.jpg,-VsBorn-of-Fire_BO2_1,train,val
-VsBorn-of-Fire_BO2_1_96_jpg.rf.d2fd80c69b8053f8c0898501ca60ebb8.jpg,-VsBorn-of-Fire_BO2_1,train,val
-VsBorn-of-Fire_BO2_1_97_jpg.rf.95993bffa53a4d824926f6126680a9c5.jpg,-VsBorn-of-Fire_BO2_1,train,val
-VsBorn-of-Fire_BO2_1_98_jpg.rf.0f2e6c286130bfa9ab394d3b64753445.jpg,-VsBorn-of-Fire_BO2_1,train,val
-VsBorn-of-Fire_BO2_1_99_jpg.rf.96ce9aa758600c688450e5b24f856f4f.jpg,-VsBorn-of-Fire_BO2_1,train,val
-VsBorn-of-Fire_BO2_1_9_jpg.rf.0178d6bce1cc33e08a27eb6e449c229a.jpg,-VsBorn-of-Fire_BO2_1,train,val
-VsCUBOT_BO2_1_0_jpg.rf.e2e68cca9689ea573c438ae9e3c4e7bf.jpg,-VsCUBOT_BO2_1,train,train
-VsCUBOT_BO2_1_100_jpg.rf.44f0f050a939d8fb50545293f53e4051.jpg,-VsCUBOT_BO2_1,train,train
-VsCUBOT_BO2_1_101_jpg.rf.3d624a1133d917d2f22b1bd3371022df.jpg,-VsCUBOT_BO2_1,valid,train
-VsCUBOT_BO2_1_102_jpg.rf.b4c386d14582d1e5485284ae7d2b600b.jpg,-VsCUBOT_BO2_1,test,train
-VsCUBOT_BO2_1_103_jpg.rf.8b8d09990568f45e57dfc56d715148a1.jpg,-VsCUBOT_BO2_1,valid,train
-VsCUBOT_BO2_1_104_jpg.rf.95ed3f5d4fd6db760aea129ca5625587.jpg,-VsCUBOT_BO2_1,train,train
-VsCUBOT_BO2_1_105_jpg.rf.2f055f491f886fbc9f1f21423987e807.jpg,-VsCUBOT_BO2_1,valid,train
-VsCUBOT_BO2_1_106_jpg.rf.d93f5adcc6a70f61be481a82ca8c8a78.jpg,-VsCUBOT_BO2_1,train,train
-VsCUBOT_BO2_1_107_jpg.rf.64d6f090b8c4be78f30ff068b0b1f74e.jpg,-VsCUBOT_BO2_1,train,train
-VsCUBOT_BO2_1_108_jpg.rf.9bcf64a29fb1e7081cbf6b458771532b.jpg,-VsCUBOT_BO2_1,train,train
-VsCUBOT_BO2_1_109_jpg.rf.92e23161662abaa034e3d5eb0e4a44ec.jpg,-VsCUBOT_BO2_1,valid,train
-VsCUBOT_BO2_1_10_jpg.rf.ee854419764fd34bca20f47e2c441e55.jpg,-VsCUBOT_BO2_1,train,train
-VsCUBOT_BO2_1_110_jpg.rf.9458441b0c04493bf4a1cc3e70b0e855.jpg,-VsCUBOT_BO2_1,valid,train
-VsCUBOT_BO2_1_111_jpg.rf.3d49226b5f72703d59d076b1bcbb362b.jpg,-VsCUBOT_BO2_1,test,train
-VsCUBOT_BO2_1_112_jpg.rf.fb9d29d0e0b557d51e12d651c8d7df2f.jpg,-VsCUBOT_BO2_1,train,train
-VsCUBOT_BO2_1_113_jpg.rf.3ac08703452b94c47cbd909e460e442c.jpg,-VsCUBOT_BO2_1,train,train
-VsCUBOT_BO2_1_114_jpg.rf.e3bf2432ee45c1c5e35b776960bb5279.jpg,-VsCUBOT_BO2_1,test,train
-VsCUBOT_BO2_1_115_jpg.rf.edc59bdeb17a107e18851aab4b637797.jpg,-VsCUBOT_BO2_1,valid,train
-VsCUBOT_BO2_1_116_jpg.rf.ff821cbc9670eb03577066fe193727c4.jpg,-VsCUBOT_BO2_1,train,train
-VsCUBOT_BO2_1_117_jpg.rf.f30c0878f59e82bcc3984aa0209c5ab6.jpg,-VsCUBOT_BO2_1,train,train
-VsCUBOT_BO2_1_118_jpg.rf.7c31b336f04a43aae0b48e455e99a352.jpg,-VsCUBOT_BO2_1,train,train
-VsCUBOT_BO2_1_119_jpg.rf.d73d129131e140bba8864d36a2c49eac.jpg,-VsCUBOT_BO2_1,test,train
-VsCUBOT_BO2_1_11_jpg.rf.17854c58b8964a48f078c7d43c4ddf59.jpg,-VsCUBOT_BO2_1,valid,train
-VsCUBOT_BO2_1_120_jpg.rf.ac612a409400ce1039dc8e0ce5fd496d.jpg,-VsCUBOT_BO2_1,train,train
-VsCUBOT_BO2_1_121_jpg.rf.cfec4f43a3daac571e47f05cc8845388.jpg,-VsCUBOT_BO2_1,valid,train
-VsCUBOT_BO2_1_122_jpg.rf.59250535e1e937136eb2944bc22f171b.jpg,-VsCUBOT_BO2_1,train,train
-VsCUBOT_BO2_1_123_jpg.rf.4cf07f6421a6a7122893cbe210da0903.jpg,-VsCUBOT_BO2_1,train,train
-VsCUBOT_BO2_1_124_jpg.rf.439383adb3183a9dd61b16d02840ad77.jpg,-VsCUBOT_BO2_1,train,train
-VsCUBOT_BO2_1_125_jpg.rf.de6d6c015a3bd81736dca351ab34ca9e.jpg,-VsCUBOT_BO2_1,train,train
-VsCUBOT_BO2_1_126_jpg.rf.3b1402a43166c5ce69dc945f1d37b1a9.jpg,-VsCUBOT_BO2_1,train,train
-VsCUBOT_BO2_1_127_jpg.rf.40867a09d9cbe5279d9850618db1d522.jpg,-VsCUBOT_BO2_1,train,train
-VsCUBOT_BO2_1_128_jpg.rf.ce0034942f4cc8cd4ec4bfa24f9e3967.jpg,-VsCUBOT_BO2_1,valid,train
-VsCUBOT_BO2_1_129_jpg.rf.017b2f13d272cd9e84b7f435c1662867.jpg,-VsCUBOT_BO2_1,valid,train
-VsCUBOT_BO2_1_12_jpg.rf.01c9244a452394480774c103684c9ba0.jpg,-VsCUBOT_BO2_1,valid,train
-VsCUBOT_BO2_1_130_jpg.rf.452980b297456d085c3879d927fb9000.jpg,-VsCUBOT_BO2_1,train,train
-VsCUBOT_BO2_1_131_jpg.rf.fcc3f0350cc454c47c0db038324e75d0.jpg,-VsCUBOT_BO2_1,train,train
-VsCUBOT_BO2_1_132_jpg.rf.e51246c7004e2a67382ac76045775e40.jpg,-VsCUBOT_BO2_1,valid,train
-VsCUBOT_BO2_1_133_jpg.rf.7149f20b097129fd7ddabf0e495bd8cd.jpg,-VsCUBOT_BO2_1,test,train
-VsCUBOT_BO2_1_134_jpg.rf.2ddbc43149ed28a8963d9ae1bca2ea98.jpg,-VsCUBOT_BO2_1,test,train
-VsCUBOT_BO2_1_135_jpg.rf.cdbec08c483f553e5675547ce023f035.jpg,-VsCUBOT_BO2_1,train,train
-VsCUBOT_BO2_1_136_jpg.rf.49354a0fd0a63f3930ef904a41775615.jpg,-VsCUBOT_BO2_1,test,train
-VsCUBOT_BO2_1_137_jpg.rf.8e679ad8b00e0e5510379e7e9461d537.jpg,-VsCUBOT_BO2_1,train,train
-VsCUBOT_BO2_1_138_jpg.rf.bee723b7f754351446a8049e73e9069a.jpg,-VsCUBOT_BO2_1,train,train
-VsCUBOT_BO2_1_139_jpg.rf.e99db9174c722603008fb268acb3e98e.jpg,-VsCUBOT_BO2_1,valid,train
-VsCUBOT_BO2_1_13_jpg.rf.59fa76ff906c82adc6a0bf8b3a75ac2e.jpg,-VsCUBOT_BO2_1,train,train
-VsCUBOT_BO2_1_140_jpg.rf.efdadbe2ee782d8f1129d7877fa66c84.jpg,-VsCUBOT_BO2_1,valid,train
-VsCUBOT_BO2_1_141_jpg.rf.9254c69b6ec33f52aa6db8ab5b9765a2.jpg,-VsCUBOT_BO2_1,train,train
-VsCUBOT_BO2_1_142_jpg.rf.b9beb3698ef6bc7c8cbf962e888d4ca7.jpg,-VsCUBOT_BO2_1,valid,train
-VsCUBOT_BO2_1_143_jpg.rf.d15ff7cfa1f4e9acc9b98a257b0bfdc3.jpg,-VsCUBOT_BO2_1,train,train
-VsCUBOT_BO2_1_144_jpg.rf.294cc3ef2eed274826288c7d7c45b785.jpg,-VsCUBOT_BO2_1,train,train
-VsCUBOT_BO2_1_145_jpg.rf.46049c7b1d59fd58b5e3962e2239729f.jpg,-VsCUBOT_BO2_1,train,train
-VsCUBOT_BO2_1_146_jpg.rf.21edb1eb0ed1dafae6a0811b2c0a7e39.jpg,-VsCUBOT_BO2_1,test,train
-VsCUBOT_BO2_1_147_jpg.rf.df675716a70ba114a4c3646eb5b78826.jpg,-VsCUBOT_BO2_1,test,train
-VsCUBOT_BO2_1_148_jpg.rf.3070c520de34926547cf97ba95e56e42.jpg,-VsCUBOT_BO2_1,train,train
-VsCUBOT_BO2_1_149_jpg.rf.12d486d2fe141441a1ef51280fd8b632.jpg,-VsCUBOT_BO2_1,train,train
-VsCUBOT_BO2_1_14_jpg.rf.9c31a3afbac48fcadc927a66cd48215d.jpg,-VsCUBOT_BO2_1,train,train
-VsCUBOT_BO2_1_150_jpg.rf.3b2db93c36fff9fc6cb859f23ae10fcc.jpg,-VsCUBOT_BO2_1,train,train
-VsCUBOT_BO2_1_151_jpg.rf.bb58b8fb9abb761050959fd6b2a7e035.jpg,-VsCUBOT_BO2_1,test,train
-VsCUBOT_BO2_1_152_jpg.rf.8c02f35305c77d32bc22a3e6f17a6c29.jpg,-VsCUBOT_BO2_1,train,train
-VsCUBOT_BO2_1_153_jpg.rf.2768f25eb3aff6d4fa68e188663cd97d.jpg,-VsCUBOT_BO2_1,train,train
-VsCUBOT_BO2_1_154_jpg.rf.d36730fa559c7caa3ae143b7f58b53f0.jpg,-VsCUBOT_BO2_1,train,train
-VsCUBOT_BO2_1_155_jpg.rf.3b2aa1ad2895e0cf15481d8da34faf09.jpg,-VsCUBOT_BO2_1,train,train
-VsCUBOT_BO2_1_156_jpg.rf.66b4abfcd6070a7fd0196f6644f119c4.jpg,-VsCUBOT_BO2_1,train,train
-VsCUBOT_BO2_1_157_jpg.rf.8c786c0bae8b5dbf3dffe6e2a52818ee.jpg,-VsCUBOT_BO2_1,train,train
-VsCUBOT_BO2_1_158_jpg.rf.f50ce8e5ecedb9df3606d2cf6f1d7af2.jpg,-VsCUBOT_BO2_1,train,train
-VsCUBOT_BO2_1_159_jpg.rf.fac4b872ad31c3bf4fdac582c16ef08e.jpg,-VsCUBOT_BO2_1,test,train
-VsCUBOT_BO2_1_15_jpg.rf.06da16b0573cdfbfff0c52772956bd0b.jpg,-VsCUBOT_BO2_1,test,train
-VsCUBOT_BO2_1_160_jpg.rf.0c5358f91ff31f4187232aa15adefe8e.jpg,-VsCUBOT_BO2_1,train,train
-VsCUBOT_BO2_1_161_jpg.rf.85373578b56eea8134a07282b8ffc6a0.jpg,-VsCUBOT_BO2_1,train,train
-VsCUBOT_BO2_1_162_jpg.rf.8228e772f5b6c43b9c271ce51c5794bb.jpg,-VsCUBOT_BO2_1,valid,train
-VsCUBOT_BO2_1_163_jpg.rf.1c68a33a47f3678f65279c84d4d5dd91.jpg,-VsCUBOT_BO2_1,test,train
-VsCUBOT_BO2_1_164_jpg.rf.9998d6641f1d0b8e2a384601308fd699.jpg,-VsCUBOT_BO2_1,valid,train
-VsCUBOT_BO2_1_165_jpg.rf.f722d1430bf80093d0872f8490bb759c.jpg,-VsCUBOT_BO2_1,valid,train
-VsCUBOT_BO2_1_166_jpg.rf.77c1d79acaf4d8e02a47de1adf0a069a.jpg,-VsCUBOT_BO2_1,valid,train
-VsCUBOT_BO2_1_167_jpg.rf.6d6e03a3ef17189319e22189e35a58b4.jpg,-VsCUBOT_BO2_1,valid,train
-VsCUBOT_BO2_1_168_jpg.rf.4a2a80edc4413a0a3af15e8001417061.jpg,-VsCUBOT_BO2_1,train,train
-VsCUBOT_BO2_1_169_jpg.rf.bc9c671cbd573c3dd53fe69e12aed070.jpg,-VsCUBOT_BO2_1,test,train
-VsCUBOT_BO2_1_16_jpg.rf.75842331c03415ac5284c2fdac9ac9a2.jpg,-VsCUBOT_BO2_1,valid,train
-VsCUBOT_BO2_1_170_jpg.rf.5d44f34c460b8bcb2e508585fe6b55e8.jpg,-VsCUBOT_BO2_1,valid,train
-VsCUBOT_BO2_1_171_jpg.rf.822d6f4a5d5d1aaa2790087c0a7b1cd2.jpg,-VsCUBOT_BO2_1,valid,train
-VsCUBOT_BO2_1_172_jpg.rf.835257e789e38bd7b3732eccf445ca02.jpg,-VsCUBOT_BO2_1,train,train
-VsCUBOT_BO2_1_173_jpg.rf.b0a7a365220a8bf5c40e2d9457519d9f.jpg,-VsCUBOT_BO2_1,train,train
-VsCUBOT_BO2_1_174_jpg.rf.31f38b28e856d7712ea6541619b04051.jpg,-VsCUBOT_BO2_1,train,train
-VsCUBOT_BO2_1_175_jpg.rf.080b65ec3b1d4951904f1ebac2fd44c6.jpg,-VsCUBOT_BO2_1,train,train
-VsCUBOT_BO2_1_176_jpg.rf.8f8b7f440af331a66292f3cdf8439ca2.jpg,-VsCUBOT_BO2_1,train,train
-VsCUBOT_BO2_1_177_jpg.rf.ffea3eaaecde8d9eae7322411f22781f.jpg,-VsCUBOT_BO2_1,valid,train
-VsCUBOT_BO2_1_178_jpg.rf.fa67734fb0be47e749ce69ff273b0f47.jpg,-VsCUBOT_BO2_1,valid,train
-VsCUBOT_BO2_1_179_jpg.rf.d9b93117f2b3ab9e10acec18d2ea7dae.jpg,-VsCUBOT_BO2_1,train,train
-VsCUBOT_BO2_1_17_jpg.rf.5b4af36783bc66c4a2f76e3939e69f90.jpg,-VsCUBOT_BO2_1,train,train
-VsCUBOT_BO2_1_180_jpg.rf.b3b9f4696113bf431c4ac9315d6f8f91.jpg,-VsCUBOT_BO2_1,test,train
-VsCUBOT_BO2_1_181_jpg.rf.6f807aec58c315b3799886298e16789a.jpg,-VsCUBOT_BO2_1,train,train
-VsCUBOT_BO2_1_182_jpg.rf.f9d5de3492c01bb388efbaf3ea9159a4.jpg,-VsCUBOT_BO2_1,test,train
-VsCUBOT_BO2_1_183_jpg.rf.f939719880863983050da0ea12872719.jpg,-VsCUBOT_BO2_1,train,train
-VsCUBOT_BO2_1_184_jpg.rf.ee2daeec87318cb9838de2d838a7da1e.jpg,-VsCUBOT_BO2_1,train,train
-VsCUBOT_BO2_1_185_jpg.rf.ee6dc3f84da8a6697105c79ff6b51a50.jpg,-VsCUBOT_BO2_1,train,train
-VsCUBOT_BO2_1_186_jpg.rf.dd0f9ce4bc567527b0b0bb9b4b336afe.jpg,-VsCUBOT_BO2_1,train,train
-VsCUBOT_BO2_1_187_jpg.rf.e9f0299a6b7181aecae59f88df46dcba.jpg,-VsCUBOT_BO2_1,train,train
-VsCUBOT_BO2_1_188_jpg.rf.b0155b50a2bc8ced0b5558e453554e49.jpg,-VsCUBOT_BO2_1,train,train
-VsCUBOT_BO2_1_189_jpg.rf.a7af4052ebc15778dcb31b922f32e604.jpg,-VsCUBOT_BO2_1,train,train
-VsCUBOT_BO2_1_18_jpg.rf.4c268cf0426a48a7f7561fec21a37fbe.jpg,-VsCUBOT_BO2_1,train,train
-VsCUBOT_BO2_1_190_jpg.rf.9045951a7d2cc90a0615c0ed13b7538d.jpg,-VsCUBOT_BO2_1,valid,train
-VsCUBOT_BO2_1_191_jpg.rf.1cd6428d2b5719c853746de838ade252.jpg,-VsCUBOT_BO2_1,train,train
-VsCUBOT_BO2_1_192_jpg.rf.ea597568b82d0f19267e6786ae56354e.jpg,-VsCUBOT_BO2_1,train,train
-VsCUBOT_BO2_1_193_jpg.rf.630e85d70bd7e67429ca121f7dfb8f1b.jpg,-VsCUBOT_BO2_1,test,train
-VsCUBOT_BO2_1_194_jpg.rf.05ec5d920187f695c0331a72ac7891dc.jpg,-VsCUBOT_BO2_1,train,train
-VsCUBOT_BO2_1_195_jpg.rf.1273f2479daca4756e008a8cfa2129fa.jpg,-VsCUBOT_BO2_1,train,train
-VsCUBOT_BO2_1_196_jpg.rf.0b7eac6067b063d962d6a2242b2b3f67.jpg,-VsCUBOT_BO2_1,test,train
-VsCUBOT_BO2_1_197_jpg.rf.db97900486a06730bad3defd10b5d2a4.jpg,-VsCUBOT_BO2_1,train,train
-VsCUBOT_BO2_1_198_jpg.rf.b6dbb48e2d31f740866c4f20741dd8b6.jpg,-VsCUBOT_BO2_1,train,train
-VsCUBOT_BO2_1_199_jpg.rf.be6b2cad0fcf4c9011df108e705e8483.jpg,-VsCUBOT_BO2_1,train,train
-VsCUBOT_BO2_1_19_jpg.rf.5f5121931f5757ab0cd0e4ff32abc2a3.jpg,-VsCUBOT_BO2_1,train,train
-VsCUBOT_BO2_1_1_jpg.rf.d73c4f3500f284b1d3872334cd6c11ce.jpg,-VsCUBOT_BO2_1,train,train
-VsCUBOT_BO2_1_200_jpg.rf.eb84f7002ba2b12af345b07d860eef24.jpg,-VsCUBOT_BO2_1,valid,train
-VsCUBOT_BO2_1_201_jpg.rf.f5b5919a21fdda96fee6ff1846f800ac.jpg,-VsCUBOT_BO2_1,valid,train
-VsCUBOT_BO2_1_202_jpg.rf.78df9774140a569133ce899903afed43.jpg,-VsCUBOT_BO2_1,valid,train
-VsCUBOT_BO2_1_203_jpg.rf.7c45536c9297c9e16f2aea506a5b8eca.jpg,-VsCUBOT_BO2_1,valid,train
-VsCUBOT_BO2_1_204_jpg.rf.d14bf3a28f427d5e0ddd07d62194106f.jpg,-VsCUBOT_BO2_1,train,train
-VsCUBOT_BO2_1_205_jpg.rf.52ec2b4767b20ea240113b246ec6b90d.jpg,-VsCUBOT_BO2_1,train,train
-VsCUBOT_BO2_1_206_jpg.rf.b6adf7aab57536c1dc7071a553a98992.jpg,-VsCUBOT_BO2_1,train,train
-VsCUBOT_BO2_1_207_jpg.rf.e625276080df6dee45ebb8885a2f1865.jpg,-VsCUBOT_BO2_1,valid,train
-VsCUBOT_BO2_1_208_jpg.rf.947988ae2654b26d9491d8d04978da07.jpg,-VsCUBOT_BO2_1,valid,train
-VsCUBOT_BO2_1_209_jpg.rf.9efa6fe06343362e9e9cce60b6fee9a6.jpg,-VsCUBOT_BO2_1,train,train
-VsCUBOT_BO2_1_20_jpg.rf.8aa31376ad16f1eda69fd1550036f931.jpg,-VsCUBOT_BO2_1,train,train
-VsCUBOT_BO2_1_210_jpg.rf.22a4875291e50bc2bda726ccceed265e.jpg,-VsCUBOT_BO2_1,valid,train
-VsCUBOT_BO2_1_211_jpg.rf.249ceb29c2be9a215c5cef37ab586f84.jpg,-VsCUBOT_BO2_1,train,train
-VsCUBOT_BO2_1_212_jpg.rf.9c0eb4089f4136affcb3460de808dd51.jpg,-VsCUBOT_BO2_1,test,train
-VsCUBOT_BO2_1_213_jpg.rf.243aade40aef848d8101aed1b4f02db3.jpg,-VsCUBOT_BO2_1,train,train
-VsCUBOT_BO2_1_214_jpg.rf.02cbfe48dacdcbb47f6d924c8729b184.jpg,-VsCUBOT_BO2_1,train,train
-VsCUBOT_BO2_1_215_jpg.rf.46115ff83f3d19074ba668cb39bc0902.jpg,-VsCUBOT_BO2_1,train,train
-VsCUBOT_BO2_1_216_jpg.rf.5716eead9e704a0716f63c6299efbb05.jpg,-VsCUBOT_BO2_1,train,train
-VsCUBOT_BO2_1_217_jpg.rf.8a856f2a52c12b2a5547ed5c277d3ebb.jpg,-VsCUBOT_BO2_1,train,train
-VsCUBOT_BO2_1_218_jpg.rf.c4e2e134c5c0f29f0452f9bf23889627.jpg,-VsCUBOT_BO2_1,valid,train
-VsCUBOT_BO2_1_219_jpg.rf.de55fa2fa38156171570b16aafc20b7c.jpg,-VsCUBOT_BO2_1,test,train
-VsCUBOT_BO2_1_21_jpg.rf.8a40636ac52080b19549da02b2def38b.jpg,-VsCUBOT_BO2_1,valid,train
-VsCUBOT_BO2_1_220_jpg.rf.0e45c1d533fe36b19eba464c8746c552.jpg,-VsCUBOT_BO2_1,train,train
-VsCUBOT_BO2_1_221_jpg.rf.2b98d5c4dfc0de7cafa29e6963d50655.jpg,-VsCUBOT_BO2_1,valid,train
-VsCUBOT_BO2_1_222_jpg.rf.57954ae736a140aa2ea42aa5010b8c2b.jpg,-VsCUBOT_BO2_1,valid,train
-VsCUBOT_BO2_1_223_jpg.rf.ba9f8e5816da7f55b60ea1c0485e7277.jpg,-VsCUBOT_BO2_1,valid,train
-VsCUBOT_BO2_1_224_jpg.rf.40483be64dc500c9a33e02d43bd1029d.jpg,-VsCUBOT_BO2_1,train,train
-VsCUBOT_BO2_1_225_jpg.rf.4d61c7b9902f5a5f5d437da97205c317.jpg,-VsCUBOT_BO2_1,train,train
-VsCUBOT_BO2_1_226_jpg.rf.82b9bd636598795102e5ffd7d1f01c89.jpg,-VsCUBOT_BO2_1,train,train
-VsCUBOT_BO2_1_227_jpg.rf.61c7fe0b2a2b7fb62e0574986c145fda.jpg,-VsCUBOT_BO2_1,train,train
-VsCUBOT_BO2_1_228_jpg.rf.c73b58a1b478c6e873217c2ea5325b95.jpg,-VsCUBOT_BO2_1,train,train
-VsCUBOT_BO2_1_229_jpg.rf.c62c656ffdbba48d226f7fac2f45a3ef.jpg,-VsCUBOT_BO2_1,train,train
-VsCUBOT_BO2_1_22_jpg.rf.9e7b21f12c6c77e1c5e28cf9653ae274.jpg,-VsCUBOT_BO2_1,train,train
-VsCUBOT_BO2_1_230_jpg.rf.9705a1bc2c4873f90d6025a2bf2d8eba.jpg,-VsCUBOT_BO2_1,valid,train
-VsCUBOT_BO2_1_231_jpg.rf.72e948c8f7f930dfd47025d23dd61ac1.jpg,-VsCUBOT_BO2_1,train,train
-VsCUBOT_BO2_1_232_jpg.rf.91917ff5fd913b69a1b7be409d630da2.jpg,-VsCUBOT_BO2_1,valid,train
-VsCUBOT_BO2_1_233_jpg.rf.929651b39570146361a611e91ef6b3bc.jpg,-VsCUBOT_BO2_1,train,train
-VsCUBOT_BO2_1_234_jpg.rf.f83ea7a1d50804b1da11f2df5db26d45.jpg,-VsCUBOT_BO2_1,train,train
-VsCUBOT_BO2_1_235_jpg.rf.9f85f6fce8111b904e60407cce10ba26.jpg,-VsCUBOT_BO2_1,test,train
-VsCUBOT_BO2_1_236_jpg.rf.868a5ea5c0b5ff578c264c866b5ea4b2.jpg,-VsCUBOT_BO2_1,train,train
-VsCUBOT_BO2_1_237_jpg.rf.84778326386eff79dbeddcef8f2a5ab1.jpg,-VsCUBOT_BO2_1,valid,train
-VsCUBOT_BO2_1_238_jpg.rf.846b4724075967ccf00352ecd897728e.jpg,-VsCUBOT_BO2_1,test,train
-VsCUBOT_BO2_1_239_jpg.rf.e76a8a1f9ae5413167123d45abd287a7.jpg,-VsCUBOT_BO2_1,test,train
-VsCUBOT_BO2_1_23_jpg.rf.06092a12dbb9fb61f9ae28de59c229cd.jpg,-VsCUBOT_BO2_1,valid,train
-VsCUBOT_BO2_1_240_jpg.rf.d8edcc92539800b73dcd89e12a452238.jpg,-VsCUBOT_BO2_1,train,train
-VsCUBOT_BO2_1_241_jpg.rf.36aa43c145ae0cf4951e6bee5d54881d.jpg,-VsCUBOT_BO2_1,train,train
-VsCUBOT_BO2_1_242_jpg.rf.5dd69c6e75993210ab488f7941d93503.jpg,-VsCUBOT_BO2_1,train,train
-VsCUBOT_BO2_1_243_jpg.rf.fe81e872a939383cba6e9961c0d042dd.jpg,-VsCUBOT_BO2_1,train,train
-VsCUBOT_BO2_1_244_jpg.rf.9611ae5057908e5ab4a8195a2c46cb16.jpg,-VsCUBOT_BO2_1,valid,train
-VsCUBOT_BO2_1_245_jpg.rf.76063099dbe8559d6bf20463304fba15.jpg,-VsCUBOT_BO2_1,train,train
-VsCUBOT_BO2_1_246_jpg.rf.f9bf31ce63d0fd70c5e09d4f2c79a3c1.jpg,-VsCUBOT_BO2_1,train,train
-VsCUBOT_BO2_1_247_jpg.rf.65a2e94b4d9dbd98af0705ebf4195413.jpg,-VsCUBOT_BO2_1,train,train
-VsCUBOT_BO2_1_248_jpg.rf.db48e70e2f240179dd466fdb848b9a39.jpg,-VsCUBOT_BO2_1,train,train
-VsCUBOT_BO2_1_249_jpg.rf.ee850c33b37ee37f7b5fbc00a941ded8.jpg,-VsCUBOT_BO2_1,train,train
-VsCUBOT_BO2_1_24_jpg.rf.a4ae4750f92b38198faac102addd054a.jpg,-VsCUBOT_BO2_1,train,train
-VsCUBOT_BO2_1_250_jpg.rf.c13bda94c24475119f51528a8b942aa0.jpg,-VsCUBOT_BO2_1,test,train
-VsCUBOT_BO2_1_251_jpg.rf.aa55f926e8799cde4d54b596c10f57b3.jpg,-VsCUBOT_BO2_1,train,train
-VsCUBOT_BO2_1_252_jpg.rf.ba9cd33471b04e32ebc286f7bc448b1f.jpg,-VsCUBOT_BO2_1,train,train
-VsCUBOT_BO2_1_253_jpg.rf.dd929011e8943b2b91433869c25def5b.jpg,-VsCUBOT_BO2_1,valid,train
-VsCUBOT_BO2_1_254_jpg.rf.1f79f5e67d3d35d3e6d08b2aecd2b9c8.jpg,-VsCUBOT_BO2_1,train,train
-VsCUBOT_BO2_1_255_jpg.rf.14041ca6d5c6bc819b17a8735e2ed79d.jpg,-VsCUBOT_BO2_1,train,train
-VsCUBOT_BO2_1_256_jpg.rf.c063693a36124809336651c92ab57aa9.jpg,-VsCUBOT_BO2_1,train,train
-VsCUBOT_BO2_1_257_jpg.rf.53af0e5c63942bcea4f9f4e4142d12e0.jpg,-VsCUBOT_BO2_1,train,train
-VsCUBOT_BO2_1_258_jpg.rf.3d67392c5d3731444831aaed382cd91c.jpg,-VsCUBOT_BO2_1,valid,train
-VsCUBOT_BO2_1_259_jpg.rf.93034e4859ef23c662d3c143169e9cf7.jpg,-VsCUBOT_BO2_1,train,train
-VsCUBOT_BO2_1_25_jpg.rf.cbb2612abe4f6799aac81c6de5067dfe.jpg,-VsCUBOT_BO2_1,valid,train
-VsCUBOT_BO2_1_260_jpg.rf.2e4b9863b0b1e69cd6ad49d292d9ae49.jpg,-VsCUBOT_BO2_1,train,train
-VsCUBOT_BO2_1_261_jpg.rf.14808495dc9124b3304fa8f2c4fdb3de.jpg,-VsCUBOT_BO2_1,valid,train
-VsCUBOT_BO2_1_262_jpg.rf.cd280f779e8c162a592bc5401baf5ea7.jpg,-VsCUBOT_BO2_1,train,train
-VsCUBOT_BO2_1_263_jpg.rf.a937a5b3691211a17b0edcd7454884df.jpg,-VsCUBOT_BO2_1,valid,train
-VsCUBOT_BO2_1_264_jpg.rf.1fc3cffce5b340353e93c2892149b390.jpg,-VsCUBOT_BO2_1,train,train
-VsCUBOT_BO2_1_265_jpg.rf.770315b6f54d88388f1cdcbcb868167b.jpg,-VsCUBOT_BO2_1,test,train
-VsCUBOT_BO2_1_266_jpg.rf.f5603b797e0f9c093fb68765cb1309ee.jpg,-VsCUBOT_BO2_1,test,train
-VsCUBOT_BO2_1_267_jpg.rf.d49bb10fe0e21ad8d9922df9f8a28040.jpg,-VsCUBOT_BO2_1,valid,train
-VsCUBOT_BO2_1_268_jpg.rf.fe63412831d3c41a62f73ed83fe6c7d4.jpg,-VsCUBOT_BO2_1,train,train
-VsCUBOT_BO2_1_269_jpg.rf.b1089e2dea9314524337d36d3303b36f.jpg,-VsCUBOT_BO2_1,train,train
-VsCUBOT_BO2_1_26_jpg.rf.335c7fad9528a891acb6bc7285c4c5b2.jpg,-VsCUBOT_BO2_1,train,train
-VsCUBOT_BO2_1_270_jpg.rf.56a39b75c06b0f580125398e35ba5dc6.jpg,-VsCUBOT_BO2_1,train,train
-VsCUBOT_BO2_1_271_jpg.rf.eab96c2e8e26679f9894965737069846.jpg,-VsCUBOT_BO2_1,train,train
-VsCUBOT_BO2_1_272_jpg.rf.43f9ffaf7fb0f4550d6aee8698e711df.jpg,-VsCUBOT_BO2_1,train,train
-VsCUBOT_BO2_1_273_jpg.rf.477b9474c0335fa5db57895b0dfd164e.jpg,-VsCUBOT_BO2_1,valid,train
-VsCUBOT_BO2_1_274_jpg.rf.63749d5ee0bcc317474823103a5553cc.jpg,-VsCUBOT_BO2_1,train,train
-VsCUBOT_BO2_1_275_jpg.rf.19c2774db25d8bd507b8a332c44b0d2a.jpg,-VsCUBOT_BO2_1,train,train
-VsCUBOT_BO2_1_276_jpg.rf.bb3e7e6319c6e7cfd84a7ee00fe756d7.jpg,-VsCUBOT_BO2_1,train,train
-VsCUBOT_BO2_1_277_jpg.rf.fc776b382559e174248ee07f658176a3.jpg,-VsCUBOT_BO2_1,train,train
-VsCUBOT_BO2_1_278_jpg.rf.d0d64d3fea62045f52f4932b27a287cb.jpg,-VsCUBOT_BO2_1,valid,train
-VsCUBOT_BO2_1_279_jpg.rf.266de89ce5b9891f5e6bde79946d3789.jpg,-VsCUBOT_BO2_1,valid,train
-VsCUBOT_BO2_1_27_jpg.rf.027ba2afea593c1a3ee5b442e4c6322d.jpg,-VsCUBOT_BO2_1,valid,train
-VsCUBOT_BO2_1_280_jpg.rf.b5ae6d04e940f74abd494f25cb79e0f1.jpg,-VsCUBOT_BO2_1,train,train
-VsCUBOT_BO2_1_281_jpg.rf.50e71e94a4547f56ebe646dce4de9829.jpg,-VsCUBOT_BO2_1,test,train
-VsCUBOT_BO2_1_282_jpg.rf.6f8dfa1b3387e81d699e53d32617cb94.jpg,-VsCUBOT_BO2_1,train,train
-VsCUBOT_BO2_1_283_jpg.rf.e3a64b3539ba9e9addbd851249febaba.jpg,-VsCUBOT_BO2_1,train,train
-VsCUBOT_BO2_1_284_jpg.rf.9d65c6476ca635913801ba7be1153578.jpg,-VsCUBOT_BO2_1,train,train
-VsCUBOT_BO2_1_285_jpg.rf.7db65e0b68646cbe8148732c2327f3b3.jpg,-VsCUBOT_BO2_1,train,train
-VsCUBOT_BO2_1_286_jpg.rf.cecd35892420e10cf219b584d52b50fb.jpg,-VsCUBOT_BO2_1,test,train
-VsCUBOT_BO2_1_287_jpg.rf.5afac5892e7472b42b24ef33e0c20432.jpg,-VsCUBOT_BO2_1,train,train
-VsCUBOT_BO2_1_288_jpg.rf.49f9b448994c1204dc96de76838c017f.jpg,-VsCUBOT_BO2_1,valid,train
-VsCUBOT_BO2_1_289_jpg.rf.7cc0347bf0860ee969e08328b7c4a3c3.jpg,-VsCUBOT_BO2_1,train,train
-VsCUBOT_BO2_1_28_jpg.rf.d4c53592000e7cefccab6143c3e0a6dd.jpg,-VsCUBOT_BO2_1,test,train
-VsCUBOT_BO2_1_29_jpg.rf.a3a521d1580f246892aed102962ce005.jpg,-VsCUBOT_BO2_1,valid,train
-VsCUBOT_BO2_1_2_jpg.rf.f997ed5f41a696805ec01e09b5d5c9e6.jpg,-VsCUBOT_BO2_1,train,train
-VsCUBOT_BO2_1_30_jpg.rf.190ad4f0b69b59d13c3033f39530c686.jpg,-VsCUBOT_BO2_1,train,train
-VsCUBOT_BO2_1_31_jpg.rf.9b67e07134cc8fc412804e594beb2692.jpg,-VsCUBOT_BO2_1,train,train
-VsCUBOT_BO2_1_32_jpg.rf.86d0b50036a94ea6445aeac2cdd902e7.jpg,-VsCUBOT_BO2_1,train,train
-VsCUBOT_BO2_1_33_jpg.rf.b30e8ccb01e30248255ebf3ba525a07f.jpg,-VsCUBOT_BO2_1,valid,train
-VsCUBOT_BO2_1_34_jpg.rf.43dc90205930651695ce26c1ea601a7c.jpg,-VsCUBOT_BO2_1,valid,train
-VsCUBOT_BO2_1_35_jpg.rf.dcd05e36084168a1c17ce5f9883ae2b9.jpg,-VsCUBOT_BO2_1,train,train
-VsCUBOT_BO2_1_36_jpg.rf.5a835bd04a518321c290d252217fdd36.jpg,-VsCUBOT_BO2_1,valid,train
-VsCUBOT_BO2_1_37_jpg.rf.72d3f3fc7b774a8712a723b3e743658b.jpg,-VsCUBOT_BO2_1,train,train
-VsCUBOT_BO2_1_38_jpg.rf.9b66164fe48cd156385b002b30a19d1e.jpg,-VsCUBOT_BO2_1,valid,train
-VsCUBOT_BO2_1_39_jpg.rf.911ef3867b4ed3ffe8cfe8d19dda5dc9.jpg,-VsCUBOT_BO2_1,train,train
-VsCUBOT_BO2_1_3_jpg.rf.3d591fbb01315143e56b455408987b0d.jpg,-VsCUBOT_BO2_1,train,train
-VsCUBOT_BO2_1_40_jpg.rf.4514c6bccdd248a0d88e1bace431a578.jpg,-VsCUBOT_BO2_1,valid,train
-VsCUBOT_BO2_1_41_jpg.rf.607629961de29243683041db35bdf000.jpg,-VsCUBOT_BO2_1,train,train
-VsCUBOT_BO2_1_42_jpg.rf.17133c9e79a737bc524360f4043a6b04.jpg,-VsCUBOT_BO2_1,train,train
-VsCUBOT_BO2_1_43_jpg.rf.b44edfbfc16fd58e9daf3c26bf85cb67.jpg,-VsCUBOT_BO2_1,train,train
-VsCUBOT_BO2_1_44_jpg.rf.853d1e358e6f75479f5d0e21d8bef53b.jpg,-VsCUBOT_BO2_1,train,train
-VsCUBOT_BO2_1_45_jpg.rf.05940e02b3083fb13350e47e21f5a38c.jpg,-VsCUBOT_BO2_1,train,train
-VsCUBOT_BO2_1_46_jpg.rf.7eab8c2566d356824dc784f7cd216bbf.jpg,-VsCUBOT_BO2_1,train,train
-VsCUBOT_BO2_1_47_jpg.rf.570215fa8c0a661e5ed3fac9a01bb13d.jpg,-VsCUBOT_BO2_1,train,train
-VsCUBOT_BO2_1_48_jpg.rf.37c2348b648bd36bd9647b16c9287a98.jpg,-VsCUBOT_BO2_1,train,train
-VsCUBOT_BO2_1_49_jpg.rf.41693a4a7a4424ca59844837ba926020.jpg,-VsCUBOT_BO2_1,train,train
-VsCUBOT_BO2_1_4_jpg.rf.9e42cb56f94adce033cb1273b3ca4746.jpg,-VsCUBOT_BO2_1,train,train
-VsCUBOT_BO2_1_50_jpg.rf.10f7af560ea6056e796a7b23f9cb3a61.jpg,-VsCUBOT_BO2_1,train,train
-VsCUBOT_BO2_1_51_jpg.rf.2eaf5854bf97cfd8e841f5289009aa10.jpg,-VsCUBOT_BO2_1,train,train
-VsCUBOT_BO2_1_52_jpg.rf.af8d6ac2f725cca422c455570140309a.jpg,-VsCUBOT_BO2_1,test,train
-VsCUBOT_BO2_1_53_jpg.rf.0a327706f401c79e2eb3214387790424.jpg,-VsCUBOT_BO2_1,valid,train
-VsCUBOT_BO2_1_54_jpg.rf.1f1339756ce1b4a6924891680537e2f7.jpg,-VsCUBOT_BO2_1,train,train
-VsCUBOT_BO2_1_55_jpg.rf.614f16fc3c6d96007f6a93c3b8ed2992.jpg,-VsCUBOT_BO2_1,train,train
-VsCUBOT_BO2_1_56_jpg.rf.f7cbb21184ea89bb9727a75f0cedd8bd.jpg,-VsCUBOT_BO2_1,test,train
-VsCUBOT_BO2_1_57_jpg.rf.1639d6187d5ee077609b2e1f822931b8.jpg,-VsCUBOT_BO2_1,test,train
-VsCUBOT_BO2_1_58_jpg.rf.450f37a25bed71d820bad7739d5596dd.jpg,-VsCUBOT_BO2_1,train,train
-VsCUBOT_BO2_1_59_jpg.rf.9967f81fd8e01a437662457175d6c9d1.jpg,-VsCUBOT_BO2_1,train,train
-VsCUBOT_BO2_1_5_jpg.rf.57a3db530c05e974463134dec13ddefa.jpg,-VsCUBOT_BO2_1,train,train
-VsCUBOT_BO2_1_60_jpg.rf.e1cdc7a6598d6d3a4679859dbf079dbf.jpg,-VsCUBOT_BO2_1,train,train
-VsCUBOT_BO2_1_61_jpg.rf.0ebdf311c28328cdfb9e4ebc4ce3ca31.jpg,-VsCUBOT_BO2_1,valid,train
-VsCUBOT_BO2_1_62_jpg.rf.afd359d1f96aa2aff582ebb79645c5fb.jpg,-VsCUBOT_BO2_1,test,train
-VsCUBOT_BO2_1_63_jpg.rf.96080310e70e95e7fb182afbddd81c96.jpg,-VsCUBOT_BO2_1,valid,train
-VsCUBOT_BO2_1_64_jpg.rf.6be6a0ec91cdf77c6df9863b8b93beca.jpg,-VsCUBOT_BO2_1,valid,train
-VsCUBOT_BO2_1_65_jpg.rf.2ecc0083e5c4ad54bc6d315750dc5711.jpg,-VsCUBOT_BO2_1,train,train
-VsCUBOT_BO2_1_66_jpg.rf.edc56e3d69dc68337ef2df090a54eb2e.jpg,-VsCUBOT_BO2_1,train,train
-VsCUBOT_BO2_1_67_jpg.rf.99daa104695c1712caf5280ec310e31d.jpg,-VsCUBOT_BO2_1,train,train
-VsCUBOT_BO2_1_68_jpg.rf.426e2ad835520af0e4357697cfda1eb7.jpg,-VsCUBOT_BO2_1,valid,train
-VsCUBOT_BO2_1_69_jpg.rf.a11164f4de40648fc4811bcfd1f2a22b.jpg,-VsCUBOT_BO2_1,train,train
-VsCUBOT_BO2_1_6_jpg.rf.5721dfe220f56a906e5f1626494f24ee.jpg,-VsCUBOT_BO2_1,test,train
-VsCUBOT_BO2_1_70_jpg.rf.96621da1db397b0fe0a97a940fc24fa8.jpg,-VsCUBOT_BO2_1,train,train
-VsCUBOT_BO2_1_71_jpg.rf.3690f880cb293f0f52af8f0c9ba7fcd3.jpg,-VsCUBOT_BO2_1,train,train
-VsCUBOT_BO2_1_72_jpg.rf.00a1a41e96c245a249a95531217fe11d.jpg,-VsCUBOT_BO2_1,valid,train
-VsCUBOT_BO2_1_73_jpg.rf.359037da06446c045a1421b4d0632a4a.jpg,-VsCUBOT_BO2_1,train,train
-VsCUBOT_BO2_1_74_jpg.rf.d308c00c5111a0f90d020076825b0396.jpg,-VsCUBOT_BO2_1,train,train
-VsCUBOT_BO2_1_75_jpg.rf.30de1ccbb2c9ec4309d8c2be141dee93.jpg,-VsCUBOT_BO2_1,valid,train
-VsCUBOT_BO2_1_76_jpg.rf.3779943892d76d3a139a3cdc81492942.jpg,-VsCUBOT_BO2_1,train,train
-VsCUBOT_BO2_1_77_jpg.rf.a36f5b1b9c8ef9877bb5222eb5fdb96e.jpg,-VsCUBOT_BO2_1,valid,train
-VsCUBOT_BO2_1_78_jpg.rf.bba2591b332a7daea273e3b900aef4d6.jpg,-VsCUBOT_BO2_1,train,train
-VsCUBOT_BO2_1_79_jpg.rf.ccfb47a21d2d47c30f74a29633837fe6.jpg,-VsCUBOT_BO2_1,valid,train
-VsCUBOT_BO2_1_7_jpg.rf.fcd76719bc58d2efcf3ec6ce8c21ac80.jpg,-VsCUBOT_BO2_1,train,train
-VsCUBOT_BO2_1_80_jpg.rf.5b6d2ef20c7be8a868addff1937ee8eb.jpg,-VsCUBOT_BO2_1,valid,train
-VsCUBOT_BO2_1_81_jpg.rf.2d8a1801181ee5623bbd98a63085b15e.jpg,-VsCUBOT_BO2_1,train,train
-VsCUBOT_BO2_1_82_jpg.rf.31cf41e3af54db6dd587fbd96aa668d2.jpg,-VsCUBOT_BO2_1,train,train
-VsCUBOT_BO2_1_83_jpg.rf.b0aeda0327ac21e74cf9aff109997ef1.jpg,-VsCUBOT_BO2_1,train,train
-VsCUBOT_BO2_1_84_jpg.rf.5cf899b8a6e5c37bf5a766fbd73c5e42.jpg,-VsCUBOT_BO2_1,train,train
-VsCUBOT_BO2_1_85_jpg.rf.69f498a6f95877e51d09bf16042855bd.jpg,-VsCUBOT_BO2_1,train,train
-VsCUBOT_BO2_1_86_jpg.rf.b54695f8725c31448e37b0220872b6c0.jpg,-VsCUBOT_BO2_1,train,train
-VsCUBOT_BO2_1_87_jpg.rf.0fc417ae08898479b378a2b41a6e23a0.jpg,-VsCUBOT_BO2_1,test,train
-VsCUBOT_BO2_1_88_jpg.rf.4b17a671776de09a2ba6b89d2588f499.jpg,-VsCUBOT_BO2_1,valid,train
-VsCUBOT_BO2_1_89_jpg.rf.acf08f60278b4402f17e6d03ee7c0411.jpg,-VsCUBOT_BO2_1,train,train
-VsCUBOT_BO2_1_8_jpg.rf.d6bbeca64efe2c5b0c9e6d3c040e7bba.jpg,-VsCUBOT_BO2_1,train,train
-VsCUBOT_BO2_1_90_jpg.rf.d6f8cf48b9ad812a62d496ef6759103a.jpg,-VsCUBOT_BO2_1,train,train
-VsCUBOT_BO2_1_91_jpg.rf.809bf25590fa86e1c85ae5233c700aa1.jpg,-VsCUBOT_BO2_1,train,train
-VsCUBOT_BO2_1_92_jpg.rf.49d56d291af60dc9f8f94ced1b316dc4.jpg,-VsCUBOT_BO2_1,train,train
-VsCUBOT_BO2_1_93_jpg.rf.73db52593d78c8d3036f1829fa77a553.jpg,-VsCUBOT_BO2_1,train,train
-VsCUBOT_BO2_1_94_jpg.rf.dd94889607956eace5c7510c4215ca36.jpg,-VsCUBOT_BO2_1,test,train
-VsCUBOT_BO2_1_95_jpg.rf.df2882ee3111e6f243350951bcb76f35.jpg,-VsCUBOT_BO2_1,train,train
-VsCUBOT_BO2_1_96_jpg.rf.55bca629739bf65fa4866e94985463a9.jpg,-VsCUBOT_BO2_1,train,train
-VsCUBOT_BO2_1_97_jpg.rf.7d5b758882c6eeb31cfa0884cebbf948.jpg,-VsCUBOT_BO2_1,train,train
-VsCUBOT_BO2_1_98_jpg.rf.c070db1155f74730ef4dcf24699077e6.jpg,-VsCUBOT_BO2_1,train,train
-VsCUBOT_BO2_1_99_jpg.rf.bbaeb2dcc07e20b1fb804facd13f17d2.jpg,-VsCUBOT_BO2_1,train,train
-VsCUBOT_BO2_1_9_jpg.rf.0a79794a5b12da5e69c8010313a59e38.jpg,-VsCUBOT_BO2_1,train,train
-VsHLL_BO2_2_0_jpg.rf.5ff0e3f24e9095a2ce11329aa3ba9ebd.jpg,-VsHLL_BO2_2,train,train
-VsHLL_BO2_2_100_jpg.rf.83700a4e999608950fbb846649520d36.jpg,-VsHLL_BO2_2,train,train
-VsHLL_BO2_2_101_jpg.rf.8d9d164230fe96831b1b91cd5c75c980.jpg,-VsHLL_BO2_2,valid,train
-VsHLL_BO2_2_102_jpg.rf.174ae8aa5d01e23bcac4d53a5ac7df54.jpg,-VsHLL_BO2_2,valid,train
-VsHLL_BO2_2_103_jpg.rf.1295eb2a6e377a15e254253c6c543176.jpg,-VsHLL_BO2_2,train,train
-VsHLL_BO2_2_104_jpg.rf.2c6b5617612c740cbca9d2a00070b9e4.jpg,-VsHLL_BO2_2,train,train
-VsHLL_BO2_2_105_jpg.rf.9ca201f512042d4a311a09c945ec596e.jpg,-VsHLL_BO2_2,valid,train
-VsHLL_BO2_2_106_jpg.rf.beec8b325d008c1e2a4a8d4f719bad40.jpg,-VsHLL_BO2_2,valid,train
-VsHLL_BO2_2_107_jpg.rf.df2d6c1ddd98b598f89d31806ba22420.jpg,-VsHLL_BO2_2,train,train
-VsHLL_BO2_2_108_jpg.rf.1264cd63055843d56e85a0d21b3a5982.jpg,-VsHLL_BO2_2,train,train
-VsHLL_BO2_2_109_jpg.rf.e9d6684e17209cc5216aa9663efbbf9a.jpg,-VsHLL_BO2_2,train,train
-VsHLL_BO2_2_10_jpg.rf.2fbaf34304fba330bdc3a38f1ffdf827.jpg,-VsHLL_BO2_2,train,train
-VsHLL_BO2_2_110_jpg.rf.6782df7678f45f0561f5f856cbe0cda9.jpg,-VsHLL_BO2_2,valid,train
-VsHLL_BO2_2_111_jpg.rf.f94d9c224b9f7cd6bc5066f4dc58e154.jpg,-VsHLL_BO2_2,train,train
-VsHLL_BO2_2_112_jpg.rf.7f770a5af0027a7f6201c4550fd883f8.jpg,-VsHLL_BO2_2,train,train
-VsHLL_BO2_2_113_jpg.rf.efeab7bb725caf3f2fc50c960d512025.jpg,-VsHLL_BO2_2,train,train
-VsHLL_BO2_2_114_jpg.rf.a74a64c38607abfbea7c09bafda733be.jpg,-VsHLL_BO2_2,train,train
-VsHLL_BO2_2_115_jpg.rf.917bcad4c98754528d805300adc470e5.jpg,-VsHLL_BO2_2,test,train
-VsHLL_BO2_2_116_jpg.rf.3494c910462b231957bd3844e303d42d.jpg,-VsHLL_BO2_2,train,train
-VsHLL_BO2_2_117_jpg.rf.de465d6a2d2aac6283e88920bc44405f.jpg,-VsHLL_BO2_2,train,train
-VsHLL_BO2_2_118_jpg.rf.b399696a804f9605966823cf7a3a87f9.jpg,-VsHLL_BO2_2,train,train
-VsHLL_BO2_2_119_jpg.rf.c213fa60f166036144a43595d0a9b8e4.jpg,-VsHLL_BO2_2,valid,train
-VsHLL_BO2_2_11_jpg.rf.5d89186e64dedef452d4dc570cff3f62.jpg,-VsHLL_BO2_2,train,train
-VsHLL_BO2_2_120_jpg.rf.fe86832b7084cb99a53d2d34b0d5760a.jpg,-VsHLL_BO2_2,train,train
-VsHLL_BO2_2_121_jpg.rf.68254e1ccc490244ea6d86933a7b516e.jpg,-VsHLL_BO2_2,train,train
-VsHLL_BO2_2_122_jpg.rf.630343f576078b2eb0c1d38c30b087ae.jpg,-VsHLL_BO2_2,train,train
-VsHLL_BO2_2_123_jpg.rf.b9a87749da413810ce3eb7ddeeac5980.jpg,-VsHLL_BO2_2,train,train
-VsHLL_BO2_2_124_jpg.rf.2dffae4104ac83d83472d5c02a39a986.jpg,-VsHLL_BO2_2,train,train
-VsHLL_BO2_2_125_jpg.rf.8cca30c41a42262de056b6fbf909a4a9.jpg,-VsHLL_BO2_2,valid,train
-VsHLL_BO2_2_126_jpg.rf.1f3683d56a54f5aa864e372b229ae602.jpg,-VsHLL_BO2_2,train,train
-VsHLL_BO2_2_127_jpg.rf.05a2a8f754869665e824c4f759b77f9d.jpg,-VsHLL_BO2_2,train,train
-VsHLL_BO2_2_128_jpg.rf.9a53de3b382a8c6d9a86b4c1e5ee2f1a.jpg,-VsHLL_BO2_2,train,train
-VsHLL_BO2_2_129_jpg.rf.58077a31e05a490f8f5da985bf0bd997.jpg,-VsHLL_BO2_2,train,train
-VsHLL_BO2_2_12_jpg.rf.0e5a4f5bf748d83c08eb71c4180ff92f.jpg,-VsHLL_BO2_2,train,train
-VsHLL_BO2_2_130_jpg.rf.421ade7ceb966fe75e92e214fff9f78b.jpg,-VsHLL_BO2_2,train,train
-VsHLL_BO2_2_131_jpg.rf.b366a88de8f96b0b543de1ef017fb51c.jpg,-VsHLL_BO2_2,valid,train
-VsHLL_BO2_2_132_jpg.rf.e8b2a37e22ba57c81fdc45a04d64e2c5.jpg,-VsHLL_BO2_2,train,train
-VsHLL_BO2_2_133_jpg.rf.d11f47b50125551464d177de595baa07.jpg,-VsHLL_BO2_2,valid,train
-VsHLL_BO2_2_134_jpg.rf.b9c4de159c555353b15d2f2e50af0440.jpg,-VsHLL_BO2_2,valid,train
-VsHLL_BO2_2_135_jpg.rf.72ae3e09a78a48a2bc9a18cbdb283cf2.jpg,-VsHLL_BO2_2,valid,train
-VsHLL_BO2_2_136_jpg.rf.13dd2c6d7d115cb3bf6506e2be0313d8.jpg,-VsHLL_BO2_2,train,train
-VsHLL_BO2_2_137_jpg.rf.d0621700a7ef1d3279c5cfdc727b2f95.jpg,-VsHLL_BO2_2,train,train
-VsHLL_BO2_2_138_jpg.rf.af491240f839245315e7260ea9f060af.jpg,-VsHLL_BO2_2,train,train
-VsHLL_BO2_2_139_jpg.rf.e033c3f4c109585363696757f73ce9b6.jpg,-VsHLL_BO2_2,test,train
-VsHLL_BO2_2_13_jpg.rf.a4ae3253659a460a022f3f3f7feff2ac.jpg,-VsHLL_BO2_2,train,train
-VsHLL_BO2_2_140_jpg.rf.dad6a55e69b33da940059cb9c73a1978.jpg,-VsHLL_BO2_2,valid,train
-VsHLL_BO2_2_141_jpg.rf.fc63681680fd0f06189bda4bf67a7f34.jpg,-VsHLL_BO2_2,valid,train
-VsHLL_BO2_2_142_jpg.rf.4f22940e77cdea1363572374d9f1735d.jpg,-VsHLL_BO2_2,train,train
-VsHLL_BO2_2_143_jpg.rf.a69db09129a45096eefbc10c14e6461e.jpg,-VsHLL_BO2_2,train,train
-VsHLL_BO2_2_144_jpg.rf.a26337dc938d697375fc8205aba9f032.jpg,-VsHLL_BO2_2,train,train
-VsHLL_BO2_2_145_jpg.rf.2963ce122b7fc22d64f26ab398279231.jpg,-VsHLL_BO2_2,train,train
-VsHLL_BO2_2_146_jpg.rf.2827f2a802decb6f6c320938dd46ce57.jpg,-VsHLL_BO2_2,valid,train
-VsHLL_BO2_2_147_jpg.rf.424d11bcef38617a41593107477f5a76.jpg,-VsHLL_BO2_2,valid,train
-VsHLL_BO2_2_148_jpg.rf.e58ddbabba043be975c3e2388fc9341d.jpg,-VsHLL_BO2_2,valid,train
-VsHLL_BO2_2_149_jpg.rf.9e74ea76f69955517601ac8d4d065886.jpg,-VsHLL_BO2_2,train,train
-VsHLL_BO2_2_14_jpg.rf.f1b75ae41732ba077e859e51a707f5b6.jpg,-VsHLL_BO2_2,train,train
-VsHLL_BO2_2_150_jpg.rf.1cfa308fe5e80b75c94251b1977bab88.jpg,-VsHLL_BO2_2,train,train
-VsHLL_BO2_2_151_jpg.rf.b5ec24da07bbafa04e031e8e3f3acc56.jpg,-VsHLL_BO2_2,train,train
-VsHLL_BO2_2_152_jpg.rf.2203a175f2f2a1a163f533b7f4f16eb1.jpg,-VsHLL_BO2_2,train,train
-VsHLL_BO2_2_153_jpg.rf.52f1e9269e165bbae3fa683a7b91e72a.jpg,-VsHLL_BO2_2,train,train
-VsHLL_BO2_2_154_jpg.rf.06336a94e8a28899c6f1e9344fca29da.jpg,-VsHLL_BO2_2,train,train
-VsHLL_BO2_2_155_jpg.rf.ac14d529ab1be5c8710fc2e31adba70d.jpg,-VsHLL_BO2_2,train,train
-VsHLL_BO2_2_156_jpg.rf.b02a943b48dff4a43ae34a7c6bf7cdec.jpg,-VsHLL_BO2_2,train,train
-VsHLL_BO2_2_157_jpg.rf.94eb7e0e7b1747a6f6b48b656396415c.jpg,-VsHLL_BO2_2,test,train
-VsHLL_BO2_2_158_jpg.rf.a161bb72c017f1eb87e8b7401492b3e0.jpg,-VsHLL_BO2_2,valid,train
-VsHLL_BO2_2_159_jpg.rf.9f413fec5905ca8ba3149c3587e3d6a8.jpg,-VsHLL_BO2_2,test,train
-VsHLL_BO2_2_15_jpg.rf.fa463575fa43359e977ba13ee692f1f9.jpg,-VsHLL_BO2_2,valid,train
-VsHLL_BO2_2_160_jpg.rf.6c2683d6c3043378305a85853b441354.jpg,-VsHLL_BO2_2,train,train
-VsHLL_BO2_2_161_jpg.rf.58b0fa4d1ed966419ea5f3a9d4029436.jpg,-VsHLL_BO2_2,train,train
-VsHLL_BO2_2_162_jpg.rf.b6ea3ba81a3d92cb21a0987dfd19da5f.jpg,-VsHLL_BO2_2,valid,train
-VsHLL_BO2_2_163_jpg.rf.8a7775b289a920f7921f9bc2a0ed8982.jpg,-VsHLL_BO2_2,valid,train
-VsHLL_BO2_2_164_jpg.rf.6681d4e39625ab0d1ab9bf0612e756bd.jpg,-VsHLL_BO2_2,train,train
-VsHLL_BO2_2_165_jpg.rf.db203817da662f737a7265e75938c231.jpg,-VsHLL_BO2_2,train,train
-VsHLL_BO2_2_166_jpg.rf.8a3b4812ed7fb97fc25293d5b78fba78.jpg,-VsHLL_BO2_2,train,train
-VsHLL_BO2_2_167_jpg.rf.b6643720217854320f98cb7a35a0c5ab.jpg,-VsHLL_BO2_2,train,train
-VsHLL_BO2_2_168_jpg.rf.352c3ff84cfe8f70a1fdf629fb2a7ddb.jpg,-VsHLL_BO2_2,train,train
-VsHLL_BO2_2_169_jpg.rf.dc25de202bae5fa3a6b97eba22e8fff8.jpg,-VsHLL_BO2_2,train,train
-VsHLL_BO2_2_16_jpg.rf.f9a73f35fb32d55ecde0b70a89d72891.jpg,-VsHLL_BO2_2,train,train
-VsHLL_BO2_2_170_jpg.rf.99056cfb460492395b8f90e66df87275.jpg,-VsHLL_BO2_2,train,train
-VsHLL_BO2_2_171_jpg.rf.016f4a2d1cb7f709672be1da4c2b76fb.jpg,-VsHLL_BO2_2,train,train
-VsHLL_BO2_2_172_jpg.rf.92587a6efe1cc6067923f4472813b635.jpg,-VsHLL_BO2_2,valid,train
-VsHLL_BO2_2_173_jpg.rf.09ecb97410be635f31a420541f40f1e9.jpg,-VsHLL_BO2_2,train,train
-VsHLL_BO2_2_174_jpg.rf.0172bc75ab930d1459cf930bc1c771cb.jpg,-VsHLL_BO2_2,train,train
-VsHLL_BO2_2_175_jpg.rf.530ec3e07728672a26a79458e4f82077.jpg,-VsHLL_BO2_2,train,train
-VsHLL_BO2_2_176_jpg.rf.ebbf3d04b47c0286a4f49fdb82445154.jpg,-VsHLL_BO2_2,train,train
-VsHLL_BO2_2_177_jpg.rf.813871c213c0de9b1fb1cafc71fc75fd.jpg,-VsHLL_BO2_2,train,train
-VsHLL_BO2_2_178_jpg.rf.b9c88c91df9c944162fa48fcd7dad370.jpg,-VsHLL_BO2_2,train,train
-VsHLL_BO2_2_179_jpg.rf.29f389f94fff79c779d9a67191436f56.jpg,-VsHLL_BO2_2,valid,train
-VsHLL_BO2_2_17_jpg.rf.8b9096e3ae86fa2da10279292d3a4425.jpg,-VsHLL_BO2_2,valid,train
-VsHLL_BO2_2_180_jpg.rf.817342769e91cdc2b79cbbbeb1c58a3a.jpg,-VsHLL_BO2_2,valid,train
-VsHLL_BO2_2_181_jpg.rf.8e7512a735b5436fc0a57b79d9c13d30.jpg,-VsHLL_BO2_2,train,train
-VsHLL_BO2_2_182_jpg.rf.011d1bcd8f13654c81a79860ca550e00.jpg,-VsHLL_BO2_2,test,train
-VsHLL_BO2_2_183_jpg.rf.7249cf6aed00ee684d598d231c6dbd83.jpg,-VsHLL_BO2_2,train,train
-VsHLL_BO2_2_184_jpg.rf.8d364f3c7cff3df1c358b6f9dc93f0d4.jpg,-VsHLL_BO2_2,train,train
-VsHLL_BO2_2_185_jpg.rf.a766d73494c38b8f0a9b4f44a3ef71ba.jpg,-VsHLL_BO2_2,train,train
-VsHLL_BO2_2_186_jpg.rf.62988275c42863bff02898ef4b6aef66.jpg,-VsHLL_BO2_2,train,train
-VsHLL_BO2_2_187_jpg.rf.8257cb1eb61846e6f6faf9360087b89a.jpg,-VsHLL_BO2_2,train,train
-VsHLL_BO2_2_188_jpg.rf.158560df1edb70caa9ead0ebeae5df88.jpg,-VsHLL_BO2_2,train,train
-VsHLL_BO2_2_189_jpg.rf.99b2535410e260e65201323d52de9d15.jpg,-VsHLL_BO2_2,train,train
-VsHLL_BO2_2_18_jpg.rf.89dc573b66a0ea6241ebf04fedb5916e.jpg,-VsHLL_BO2_2,train,train
-VsHLL_BO2_2_190_jpg.rf.13212a69d8234c91ba896ac0ccd6afa4.jpg,-VsHLL_BO2_2,test,train
-VsHLL_BO2_2_191_jpg.rf.99991d101f4df0d94fd0772d5496c4e0.jpg,-VsHLL_BO2_2,train,train
-VsHLL_BO2_2_192_jpg.rf.a1539eea0cd4248c773c7099201ddb10.jpg,-VsHLL_BO2_2,train,train
-VsHLL_BO2_2_193_jpg.rf.b112b3931e8b0506a6dc4cc0a8ffb809.jpg,-VsHLL_BO2_2,train,train
-VsHLL_BO2_2_194_jpg.rf.328802d188e38d5e895bf783129d917c.jpg,-VsHLL_BO2_2,train,train
-VsHLL_BO2_2_195_jpg.rf.16037eb1bc8a3e15b5ebfef5badca79a.jpg,-VsHLL_BO2_2,valid,train
-VsHLL_BO2_2_196_jpg.rf.76bbc01ae4cc601bac4d31db6668e46f.jpg,-VsHLL_BO2_2,train,train
-VsHLL_BO2_2_197_jpg.rf.6668211c7380f85bc51101b283b3a43a.jpg,-VsHLL_BO2_2,train,train
-VsHLL_BO2_2_198_jpg.rf.3585d4f99c02c07f4455eb15b0ffb926.jpg,-VsHLL_BO2_2,valid,train
-VsHLL_BO2_2_199_jpg.rf.7456c3c77091d1e2f1a487c2761f4830.jpg,-VsHLL_BO2_2,train,train
-VsHLL_BO2_2_19_jpg.rf.1e6aa2b46b6061f34d46c3108a99aa22.jpg,-VsHLL_BO2_2,train,train
-VsHLL_BO2_2_1_jpg.rf.819f21988230d37a1140650979f97160.jpg,-VsHLL_BO2_2,valid,train
-VsHLL_BO2_2_200_jpg.rf.4022a93685e52e4aeb6694ec9eaf042e.jpg,-VsHLL_BO2_2,train,train
-VsHLL_BO2_2_201_jpg.rf.40f00aa3a7f6a64e3b5ecd27664cfeed.jpg,-VsHLL_BO2_2,train,train
-VsHLL_BO2_2_202_jpg.rf.cc6559a3c238c831bb0c631a67035431.jpg,-VsHLL_BO2_2,valid,train
-VsHLL_BO2_2_203_jpg.rf.eef502f08dbd7b06f9bbd023be072ff6.jpg,-VsHLL_BO2_2,train,train
-VsHLL_BO2_2_204_jpg.rf.9aa56199e8fd3fbd9bc82b57a6b08f01.jpg,-VsHLL_BO2_2,valid,train
-VsHLL_BO2_2_205_jpg.rf.cc7b2e06ca355f1ac312039c4121a5c9.jpg,-VsHLL_BO2_2,train,train
-VsHLL_BO2_2_206_jpg.rf.37b8d59df0ac6a14db81affed0dde19b.jpg,-VsHLL_BO2_2,valid,train
-VsHLL_BO2_2_207_jpg.rf.5a1ac3308b597af2446dd236ce55c228.jpg,-VsHLL_BO2_2,valid,train
-VsHLL_BO2_2_208_jpg.rf.4c92532d429c02a10d068736538c51b7.jpg,-VsHLL_BO2_2,train,train
-VsHLL_BO2_2_209_jpg.rf.3b5c185fb3679382428a8dd86e84dd16.jpg,-VsHLL_BO2_2,valid,train
-VsHLL_BO2_2_20_jpg.rf.ac9b0a20a9f06ff11555ee158d2b126e.jpg,-VsHLL_BO2_2,test,train
-VsHLL_BO2_2_210_jpg.rf.0304e1635469a8572e0ff4658bf42676.jpg,-VsHLL_BO2_2,train,train
-VsHLL_BO2_2_211_jpg.rf.6cb5499adb586e4fc92feadb329b9fa6.jpg,-VsHLL_BO2_2,train,train
-VsHLL_BO2_2_212_jpg.rf.04b9160cfba393c265f3bae056bf9a5b.jpg,-VsHLL_BO2_2,train,train
-VsHLL_BO2_2_213_jpg.rf.02784184fe29141e5f6897a4d41a2d64.jpg,-VsHLL_BO2_2,train,train
-VsHLL_BO2_2_214_jpg.rf.a75da8748b56fe90977e8b8a682571f8.jpg,-VsHLL_BO2_2,train,train
-VsHLL_BO2_2_215_jpg.rf.f5fdc6ea6118b04218d15fbc9d72d1f4.jpg,-VsHLL_BO2_2,train,train
-VsHLL_BO2_2_216_jpg.rf.05cf602207dec5db37d1b0a884bc59f1.jpg,-VsHLL_BO2_2,test,train
-VsHLL_BO2_2_217_jpg.rf.9b5b7f56f61e19a0c29049ed0517948b.jpg,-VsHLL_BO2_2,train,train
-VsHLL_BO2_2_218_jpg.rf.157cfdbb6e67f124f1d69667a3a32836.jpg,-VsHLL_BO2_2,train,train
-VsHLL_BO2_2_219_jpg.rf.fd513fec09c61918672cab974e5f3900.jpg,-VsHLL_BO2_2,valid,train
-VsHLL_BO2_2_21_jpg.rf.4158133b0fa8a614981feb0e7922d846.jpg,-VsHLL_BO2_2,train,train
-VsHLL_BO2_2_220_jpg.rf.0120f9c206003442f18cc61e8c9253a6.jpg,-VsHLL_BO2_2,train,train
-VsHLL_BO2_2_221_jpg.rf.7baec12f2424e74173a6f6a3937c5019.jpg,-VsHLL_BO2_2,train,train
-VsHLL_BO2_2_222_jpg.rf.150253e580fe3daa3546ff16c3651d31.jpg,-VsHLL_BO2_2,train,train
-VsHLL_BO2_2_223_jpg.rf.910b6ea05e3198eee65260bed47572fd.jpg,-VsHLL_BO2_2,train,train
-VsHLL_BO2_2_224_jpg.rf.904b57423c888f5811017e4767137dcc.jpg,-VsHLL_BO2_2,train,train
-VsHLL_BO2_2_225_jpg.rf.779740486045db394f8c84b596df90ce.jpg,-VsHLL_BO2_2,valid,train
-VsHLL_BO2_2_226_jpg.rf.995369f7a8b5b646eb6e9b5153bcd611.jpg,-VsHLL_BO2_2,train,train
-VsHLL_BO2_2_227_jpg.rf.cdd60ff6f00e956d443528c30546d08e.jpg,-VsHLL_BO2_2,valid,train
-VsHLL_BO2_2_228_jpg.rf.bf746fd08235779a3fedfa9dd785c88c.jpg,-VsHLL_BO2_2,train,train
-VsHLL_BO2_2_229_jpg.rf.f8384755ba6196a30020758408d75b50.jpg,-VsHLL_BO2_2,train,train
-VsHLL_BO2_2_22_jpg.rf.0e4ab175cf74b4f69ad38f17b4e31c7b.jpg,-VsHLL_BO2_2,train,train
-VsHLL_BO2_2_230_jpg.rf.0de27098ffc9ab1421c02ea3f555f8be.jpg,-VsHLL_BO2_2,train,train
-VsHLL_BO2_2_231_jpg.rf.dad1ce2ec1fcadd65715993b6de5e185.jpg,-VsHLL_BO2_2,train,train
-VsHLL_BO2_2_232_jpg.rf.458aeef3372e723c2bfdd78469caf146.jpg,-VsHLL_BO2_2,train,train
-VsHLL_BO2_2_233_jpg.rf.ced8319702ed9676faf9bb6fe1935a66.jpg,-VsHLL_BO2_2,train,train
-VsHLL_BO2_2_234_jpg.rf.1315c652dee7b3729b22eccfafe6c522.jpg,-VsHLL_BO2_2,train,train
-VsHLL_BO2_2_235_jpg.rf.e20c10c7b9dd7d5443f0dd80dca615ff.jpg,-VsHLL_BO2_2,train,train
-VsHLL_BO2_2_236_jpg.rf.6fdd369035190c692f3f08d9046c0d30.jpg,-VsHLL_BO2_2,train,train
-VsHLL_BO2_2_237_jpg.rf.2a5ae21738c2c132d08b94f213713390.jpg,-VsHLL_BO2_2,train,train
-VsHLL_BO2_2_238_jpg.rf.6164c5b32f8e6bb42c3623de32349c95.jpg,-VsHLL_BO2_2,train,train
-VsHLL_BO2_2_239_jpg.rf.9bded363705f5bddd47f5164d319a605.jpg,-VsHLL_BO2_2,valid,train
-VsHLL_BO2_2_23_jpg.rf.97840a219fdad84b3fdb21761e6dc92e.jpg,-VsHLL_BO2_2,train,train
-VsHLL_BO2_2_240_jpg.rf.9d68720dae8f5d0179bf74be75e0ced1.jpg,-VsHLL_BO2_2,train,train
-VsHLL_BO2_2_241_jpg.rf.8bc3e3aa95a10ce59da57b52655d6fd9.jpg,-VsHLL_BO2_2,train,train
-VsHLL_BO2_2_242_jpg.rf.bf156f67afea9d3cf6e399c72bc47c8f.jpg,-VsHLL_BO2_2,test,train
-VsHLL_BO2_2_243_jpg.rf.c55218fc11ca6d18b9cc9487f86b0485.jpg,-VsHLL_BO2_2,train,train
-VsHLL_BO2_2_244_jpg.rf.33c230e5b6b46c85e6c772a6349c4649.jpg,-VsHLL_BO2_2,train,train
-VsHLL_BO2_2_245_jpg.rf.fb27c594e23de28bb7a30adaff6b0ed1.jpg,-VsHLL_BO2_2,train,train
-VsHLL_BO2_2_246_jpg.rf.74d327de413cb52ab7641766f189eb37.jpg,-VsHLL_BO2_2,train,train
-VsHLL_BO2_2_247_jpg.rf.536f2ad3027e972680a584361c5a1fb2.jpg,-VsHLL_BO2_2,train,train
-VsHLL_BO2_2_248_jpg.rf.271830554901e4eee3bb5fe969860211.jpg,-VsHLL_BO2_2,train,train
-VsHLL_BO2_2_249_jpg.rf.1715949e132aa9ace05392395817bfb6.jpg,-VsHLL_BO2_2,train,train
-VsHLL_BO2_2_24_jpg.rf.06bcfd30c1457a6866ead1fe4d66147a.jpg,-VsHLL_BO2_2,train,train
-VsHLL_BO2_2_250_jpg.rf.fe90802d7a21137654b8278479af0d91.jpg,-VsHLL_BO2_2,train,train
-VsHLL_BO2_2_251_jpg.rf.70ea0ff79da6e624c005d2fb3a75775e.jpg,-VsHLL_BO2_2,test,train
-VsHLL_BO2_2_252_jpg.rf.bae2a6c17be3d911b7582585c133fd11.jpg,-VsHLL_BO2_2,train,train
-VsHLL_BO2_2_253_jpg.rf.288e37b5767a82ce9ad8231ccd2bcbdf.jpg,-VsHLL_BO2_2,test,train
-VsHLL_BO2_2_254_jpg.rf.eb8f4b92f4fd618dd2459bf6bd7a551e.jpg,-VsHLL_BO2_2,train,train
-VsHLL_BO2_2_255_jpg.rf.3865c7a396e517f77a20131b8c3f092b.jpg,-VsHLL_BO2_2,train,train
-VsHLL_BO2_2_256_jpg.rf.5f5e9f00550b8c27dc4904bb6a84751f.jpg,-VsHLL_BO2_2,train,train
-VsHLL_BO2_2_257_jpg.rf.82cc24b5676a2a73d96e48e1d43d63fc.jpg,-VsHLL_BO2_2,valid,train
-VsHLL_BO2_2_258_jpg.rf.a6539a0e9e9569d3a5375416c97697a0.jpg,-VsHLL_BO2_2,valid,train
-VsHLL_BO2_2_259_jpg.rf.510adf515b92d3eee6cb2b5a6da42545.jpg,-VsHLL_BO2_2,valid,train
-VsHLL_BO2_2_25_jpg.rf.361b365a702a0f49c3bb12f06123a35f.jpg,-VsHLL_BO2_2,valid,train
-VsHLL_BO2_2_260_jpg.rf.af1e7be58a3f164954c146fed459a003.jpg,-VsHLL_BO2_2,train,train
-VsHLL_BO2_2_261_jpg.rf.fd406672783349b1b4edb23256574cb3.jpg,-VsHLL_BO2_2,train,train
-VsHLL_BO2_2_262_jpg.rf.1a37b1a55cee693c9ed245d05e5ec386.jpg,-VsHLL_BO2_2,train,train
-VsHLL_BO2_2_263_jpg.rf.def87bedea0c6f1b91da0403c6489f93.jpg,-VsHLL_BO2_2,valid,train
-VsHLL_BO2_2_264_jpg.rf.aadb5346bafc945ea4a75ae30ec6da5a.jpg,-VsHLL_BO2_2,train,train
-VsHLL_BO2_2_265_jpg.rf.c1d773324395f0cb8e719ad486b00fc3.jpg,-VsHLL_BO2_2,valid,train
-VsHLL_BO2_2_266_jpg.rf.94a9e4ec3cd8a288176170311fcf66f7.jpg,-VsHLL_BO2_2,valid,train
-VsHLL_BO2_2_267_jpg.rf.9774c1585b123b75694fd99220b688d3.jpg,-VsHLL_BO2_2,train,train
-VsHLL_BO2_2_268_jpg.rf.83d223cd9d9c8ca6d9821705ec0801f7.jpg,-VsHLL_BO2_2,valid,train
-VsHLL_BO2_2_269_jpg.rf.55ed289930b8ae166b8464ef1ddd0773.jpg,-VsHLL_BO2_2,train,train
-VsHLL_BO2_2_26_jpg.rf.501a3a57a292e685890d956d99386002.jpg,-VsHLL_BO2_2,train,train
-VsHLL_BO2_2_270_jpg.rf.a33853810d093b5d1617587fff5c9dbe.jpg,-VsHLL_BO2_2,train,train
-VsHLL_BO2_2_271_jpg.rf.e14233a8396317b99032356aa6dacb31.jpg,-VsHLL_BO2_2,train,train
-VsHLL_BO2_2_272_jpg.rf.cd4cee1f5ac8bf06083c3e66bb53eac4.jpg,-VsHLL_BO2_2,train,train
-VsHLL_BO2_2_273_jpg.rf.c9c7eea0eebf4b1db1b9bf33c73107eb.jpg,-VsHLL_BO2_2,test,train
-VsHLL_BO2_2_274_jpg.rf.98005efbb95b3e6597a9e4fec6f98688.jpg,-VsHLL_BO2_2,train,train
-VsHLL_BO2_2_275_jpg.rf.0608e3ddb54837e7546c6c9bfce3db7d.jpg,-VsHLL_BO2_2,train,train
-VsHLL_BO2_2_276_jpg.rf.ec4c8f0bd51c1568d66d2c00966d3336.jpg,-VsHLL_BO2_2,test,train
-VsHLL_BO2_2_277_jpg.rf.ce3416df7e1a57572a9721e2a2d1cc26.jpg,-VsHLL_BO2_2,train,train
-VsHLL_BO2_2_278_jpg.rf.bd6b038cc70eb34309829a37b1478b22.jpg,-VsHLL_BO2_2,train,train
-VsHLL_BO2_2_279_jpg.rf.0d89948e8e0b513b608e526d3f592fcc.jpg,-VsHLL_BO2_2,train,train
-VsHLL_BO2_2_27_jpg.rf.25adb514d0d869cf7723de550a51a39f.jpg,-VsHLL_BO2_2,train,train
-VsHLL_BO2_2_280_jpg.rf.34592bca14c7b1956da89acc3334d083.jpg,-VsHLL_BO2_2,train,train
-VsHLL_BO2_2_281_jpg.rf.b6b6f39c5b292fad24b298c2273ddcc4.jpg,-VsHLL_BO2_2,train,train
-VsHLL_BO2_2_282_jpg.rf.1e9154fc29080c3faaa1233745c0ef6b.jpg,-VsHLL_BO2_2,train,train
-VsHLL_BO2_2_283_jpg.rf.68894ae0b386a5f56a3017438bffd3ef.jpg,-VsHLL_BO2_2,train,train
-VsHLL_BO2_2_284_jpg.rf.d6954b73b5908f34aa9b0a95abf41ef6.jpg,-VsHLL_BO2_2,valid,train
-VsHLL_BO2_2_285_jpg.rf.12c8e146d21f8e0821cb68b20d75ad32.jpg,-VsHLL_BO2_2,train,train
-VsHLL_BO2_2_286_jpg.rf.b0c5f70f9410ae79fcba37b646896431.jpg,-VsHLL_BO2_2,train,train
-VsHLL_BO2_2_287_jpg.rf.031fc1ac46e757d5d172c9819c03af26.jpg,-VsHLL_BO2_2,train,train
-VsHLL_BO2_2_288_jpg.rf.51163f145b362d29e825c02f3182bf94.jpg,-VsHLL_BO2_2,valid,train
-VsHLL_BO2_2_289_jpg.rf.f698834db04a2bd0d1d6109eb0c1a4b5.jpg,-VsHLL_BO2_2,train,train
-VsHLL_BO2_2_28_jpg.rf.1274cb49574c383b2b608247f89248ca.jpg,-VsHLL_BO2_2,train,train
-VsHLL_BO2_2_290_jpg.rf.df85018de811ec6623d9f5e2e6e5a279.jpg,-VsHLL_BO2_2,train,train
-VsHLL_BO2_2_291_jpg.rf.489e2749640ad14951cdb8f0618fc9f3.jpg,-VsHLL_BO2_2,train,train
-VsHLL_BO2_2_292_jpg.rf.ee4dda16ece1094d22a9408d3870a003.jpg,-VsHLL_BO2_2,train,train
-VsHLL_BO2_2_293_jpg.rf.fe118bc12bdcddf5ab2343bb43c4a12b.jpg,-VsHLL_BO2_2,valid,train
-VsHLL_BO2_2_294_jpg.rf.e2d2759e264f306024c1204f9ee66650.jpg,-VsHLL_BO2_2,train,train
-VsHLL_BO2_2_295_jpg.rf.b0aa26e39d99edf955ed3e6bf9a851ce.jpg,-VsHLL_BO2_2,train,train
-VsHLL_BO2_2_296_jpg.rf.3cf5da1b0bc1dcd031674340d8b498d3.jpg,-VsHLL_BO2_2,train,train
-VsHLL_BO2_2_297_jpg.rf.928ec11bda95e31979a008f5b4bd55ed.jpg,-VsHLL_BO2_2,train,train
-VsHLL_BO2_2_298_jpg.rf.e8a7de3c7ccb5ef6d32cae3ed957ab56.jpg,-VsHLL_BO2_2,valid,train
-VsHLL_BO2_2_299_jpg.rf.c8990eb18d7935da0c6803002ce9b943.jpg,-VsHLL_BO2_2,valid,train
-VsHLL_BO2_2_29_jpg.rf.aeda18dec427f0e609a58303c56fd93a.jpg,-VsHLL_BO2_2,train,train
-VsHLL_BO2_2_2_jpg.rf.baebdeeca968229c53405835397664cc.jpg,-VsHLL_BO2_2,train,train
-VsHLL_BO2_2_300_jpg.rf.2c90918e8011dbd82492b573b887519f.jpg,-VsHLL_BO2_2,train,train
-VsHLL_BO2_2_301_jpg.rf.b130d9e1daa9bc82bdd019afe57e62f1.jpg,-VsHLL_BO2_2,valid,train
-VsHLL_BO2_2_302_jpg.rf.83bfcf28df3da4ba2540312716f1d04d.jpg,-VsHLL_BO2_2,train,train
-VsHLL_BO2_2_303_jpg.rf.e648b1ca2b87ce366df24c84542db509.jpg,-VsHLL_BO2_2,valid,train
-VsHLL_BO2_2_304_jpg.rf.ebc9a5e84fd507876f38c2fc859329cd.jpg,-VsHLL_BO2_2,train,train
-VsHLL_BO2_2_305_jpg.rf.4ac89ee39185da97ad313a5a017ba163.jpg,-VsHLL_BO2_2,test,train
-VsHLL_BO2_2_306_jpg.rf.ba21f85132aaa6e9cf8f6c70f4587ff1.jpg,-VsHLL_BO2_2,train,train
-VsHLL_BO2_2_307_jpg.rf.a61b887261f882957a08dc0e769ef7bd.jpg,-VsHLL_BO2_2,train,train
-VsHLL_BO2_2_308_jpg.rf.e3f8785fe3ef6bc758f43a7550a5ce10.jpg,-VsHLL_BO2_2,train,train
-VsHLL_BO2_2_309_jpg.rf.ed8369e11d96eb75f7183d0d6ebaeae5.jpg,-VsHLL_BO2_2,train,train
-VsHLL_BO2_2_30_jpg.rf.3d363b1cbb3f1b55b1ac84efbe4c1567.jpg,-VsHLL_BO2_2,valid,train
-VsHLL_BO2_2_310_jpg.rf.67bc2874c75d7ea48715ad37d82f5cf0.jpg,-VsHLL_BO2_2,train,train
-VsHLL_BO2_2_311_jpg.rf.9b29bdff2da966f849b89ed89e20c9f9.jpg,-VsHLL_BO2_2,train,train
-VsHLL_BO2_2_312_jpg.rf.30ec68a503532f0706374d5c277db287.jpg,-VsHLL_BO2_2,test,train
-VsHLL_BO2_2_313_jpg.rf.976f67d0a4a53168ee79938dde36c4ac.jpg,-VsHLL_BO2_2,train,train
-VsHLL_BO2_2_314_jpg.rf.9ade9fa630a59e08c6a62fa0098fdabc.jpg,-VsHLL_BO2_2,train,train
-VsHLL_BO2_2_315_jpg.rf.f80c833602bd690a05365a2954864f4b.jpg,-VsHLL_BO2_2,test,train
-VsHLL_BO2_2_316_jpg.rf.63df8b50e24c457c8a15b8b1b510f0d7.jpg,-VsHLL_BO2_2,train,train
-VsHLL_BO2_2_317_jpg.rf.3c8888566be05e774842ac9ebd370387.jpg,-VsHLL_BO2_2,train,train
-VsHLL_BO2_2_318_jpg.rf.0885459dec101413940be521f90ed78a.jpg,-VsHLL_BO2_2,valid,train
-VsHLL_BO2_2_319_jpg.rf.1a5b77cbd1ce6623bf622a5c752c5b07.jpg,-VsHLL_BO2_2,train,train
-VsHLL_BO2_2_31_jpg.rf.12f52be33856af04022e2b9dc40de441.jpg,-VsHLL_BO2_2,valid,train
-VsHLL_BO2_2_320_jpg.rf.e47188bd70e6d50bdd1826367b3625e2.jpg,-VsHLL_BO2_2,train,train
-VsHLL_BO2_2_321_jpg.rf.4eb20a5cac88f96fece2d6ebfe9dc8fa.jpg,-VsHLL_BO2_2,train,train
-VsHLL_BO2_2_322_jpg.rf.495fcf4a462fd914f0a11611fedf1825.jpg,-VsHLL_BO2_2,test,train
-VsHLL_BO2_2_323_jpg.rf.1ccf94dee2103b700167893a1464b51b.jpg,-VsHLL_BO2_2,valid,train
-VsHLL_BO2_2_324_jpg.rf.492312168e905cc9e99d96f2cf41e7a5.jpg,-VsHLL_BO2_2,train,train
-VsHLL_BO2_2_325_jpg.rf.fe351d5b6372b9fe4e1a3e85e2ac7e9c.jpg,-VsHLL_BO2_2,test,train
-VsHLL_BO2_2_326_jpg.rf.83243772a09821f2e3782b70565f28ae.jpg,-VsHLL_BO2_2,train,train
-VsHLL_BO2_2_327_jpg.rf.0c7a9ffb92aaf84b045895179de301ec.jpg,-VsHLL_BO2_2,train,train
-VsHLL_BO2_2_328_jpg.rf.5cbbdd23d13585f6acc78d14acd31375.jpg,-VsHLL_BO2_2,train,train
-VsHLL_BO2_2_329_jpg.rf.b31367ab4f3878ad4f8cff8e20b3029c.jpg,-VsHLL_BO2_2,train,train
-VsHLL_BO2_2_32_jpg.rf.d8987b481566f04cdc1c5658bbe65949.jpg,-VsHLL_BO2_2,valid,train
-VsHLL_BO2_2_330_jpg.rf.48afbcda4e2d13b2c66fc926e7ab6339.jpg,-VsHLL_BO2_2,train,train
-VsHLL_BO2_2_331_jpg.rf.0f6d5a58ccedbef589e4b6d348fa5127.jpg,-VsHLL_BO2_2,train,train
-VsHLL_BO2_2_332_jpg.rf.bbe5e9fe0dfa0b9f161621453a48e624.jpg,-VsHLL_BO2_2,train,train
-VsHLL_BO2_2_333_jpg.rf.3d3617d895e2434fdc01b575bfbd198f.jpg,-VsHLL_BO2_2,train,train
-VsHLL_BO2_2_334_jpg.rf.80391c3d59ca96a29b061bad312635f1.jpg,-VsHLL_BO2_2,train,train
-VsHLL_BO2_2_335_jpg.rf.adc0d7f163baff2314d87e6ed5974dac.jpg,-VsHLL_BO2_2,train,train
-VsHLL_BO2_2_336_jpg.rf.5b370246d3282b3772120fda59129d81.jpg,-VsHLL_BO2_2,test,train
-VsHLL_BO2_2_337_jpg.rf.020b2b62d356d6b750f92a0b02754334.jpg,-VsHLL_BO2_2,train,train
-VsHLL_BO2_2_338_jpg.rf.0d4d755f9f965e0ce01b1da35dc910e1.jpg,-VsHLL_BO2_2,train,train
-VsHLL_BO2_2_339_jpg.rf.14bfff21b11c1c837d8522e96af6e89c.jpg,-VsHLL_BO2_2,train,train
-VsHLL_BO2_2_33_jpg.rf.b4ccd4668ab97f5c385398c7bd829565.jpg,-VsHLL_BO2_2,train,train
-VsHLL_BO2_2_340_jpg.rf.716bc1d03724f02984e788aaf32f221e.jpg,-VsHLL_BO2_2,train,train
-VsHLL_BO2_2_341_jpg.rf.865dec40cb7120f09e62c943a482bf3e.jpg,-VsHLL_BO2_2,train,train
-VsHLL_BO2_2_342_jpg.rf.5241294bd6123e8c3a7697c7cc396247.jpg,-VsHLL_BO2_2,train,train
-VsHLL_BO2_2_343_jpg.rf.2b2fbf793a5a9b3a8c36cbb0856c1198.jpg,-VsHLL_BO2_2,train,train
-VsHLL_BO2_2_344_jpg.rf.358e24cc269bc2c4d9f8087f59ebbcb8.jpg,-VsHLL_BO2_2,test,train
-VsHLL_BO2_2_345_jpg.rf.256beb312494dd33eca9bbde291a35d5.jpg,-VsHLL_BO2_2,valid,train
-VsHLL_BO2_2_346_jpg.rf.e6d179d8a461ae25cecd4f0e43159e7d.jpg,-VsHLL_BO2_2,train,train
-VsHLL_BO2_2_347_jpg.rf.0767d14fb22de3e75ccc764616f69ca3.jpg,-VsHLL_BO2_2,train,train
-VsHLL_BO2_2_348_jpg.rf.356fc8af3f38b8c4263d39ee902c7888.jpg,-VsHLL_BO2_2,train,train
-VsHLL_BO2_2_349_jpg.rf.570bc0244cf1c30da93b3cdb6c5e3316.jpg,-VsHLL_BO2_2,train,train
-VsHLL_BO2_2_34_jpg.rf.ac499039a23f80bffeb1d438f1f12f68.jpg,-VsHLL_BO2_2,train,train
-VsHLL_BO2_2_350_jpg.rf.87e49e8f29c682aaeee71191c29bc555.jpg,-VsHLL_BO2_2,valid,train
-VsHLL_BO2_2_351_jpg.rf.b21747b0608192cb41c5b83f2cef2096.jpg,-VsHLL_BO2_2,train,train
-VsHLL_BO2_2_352_jpg.rf.92d46784be227e66120d9c50689b07cf.jpg,-VsHLL_BO2_2,test,train
-VsHLL_BO2_2_353_jpg.rf.5945fe444b98381254c968a5a9b4c52e.jpg,-VsHLL_BO2_2,valid,train
-VsHLL_BO2_2_354_jpg.rf.93347ab4cf5d35deb516c6019405b74e.jpg,-VsHLL_BO2_2,train,train
-VsHLL_BO2_2_355_jpg.rf.75a7bc7bf8462c53b4fbfb71ad546d35.jpg,-VsHLL_BO2_2,train,train
-VsHLL_BO2_2_356_jpg.rf.a0a3a4021397fe2b244de36cc348976a.jpg,-VsHLL_BO2_2,train,train
-VsHLL_BO2_2_357_jpg.rf.44b1828d70fb5f2f971a507d6f1c1aaa.jpg,-VsHLL_BO2_2,train,train
-VsHLL_BO2_2_358_jpg.rf.ea015593743f3e700d0c8c5306cbade3.jpg,-VsHLL_BO2_2,train,train
-VsHLL_BO2_2_359_jpg.rf.d36aaea684b6328d15079ab9773eb098.jpg,-VsHLL_BO2_2,train,train
-VsHLL_BO2_2_35_jpg.rf.5dc63d0e39d2c21a51038cfa409ab1a9.jpg,-VsHLL_BO2_2,train,train
-VsHLL_BO2_2_360_jpg.rf.cb28b2dd640efb4c1d3027e5b5109d95.jpg,-VsHLL_BO2_2,train,train
-VsHLL_BO2_2_361_jpg.rf.e3229fec72cfb5e44001fc8df9630dad.jpg,-VsHLL_BO2_2,train,train
-VsHLL_BO2_2_362_jpg.rf.f08a12bff8e7e8ac35a8e6b8e26ad71a.jpg,-VsHLL_BO2_2,test,train
-VsHLL_BO2_2_363_jpg.rf.0d0f12927c8adb7a9831863c4caa0d1a.jpg,-VsHLL_BO2_2,train,train
-VsHLL_BO2_2_364_jpg.rf.a5b46fcfba349a028f74b33e1d2a4df5.jpg,-VsHLL_BO2_2,train,train
-VsHLL_BO2_2_365_jpg.rf.aba477293d5e03c65cdf08beb7fa0c58.jpg,-VsHLL_BO2_2,valid,train
-VsHLL_BO2_2_366_jpg.rf.0e7f4ae281072d8964006c1902d6ee72.jpg,-VsHLL_BO2_2,train,train
-VsHLL_BO2_2_367_jpg.rf.f8c20da9b3d6d8603c8aa49b3cbf92a2.jpg,-VsHLL_BO2_2,train,train
-VsHLL_BO2_2_368_jpg.rf.8f197479d92ad0e51f77f4357799f454.jpg,-VsHLL_BO2_2,valid,train
-VsHLL_BO2_2_369_jpg.rf.b8ee1a1c64a2c894cb516efa71cb8c87.jpg,-VsHLL_BO2_2,train,train
-VsHLL_BO2_2_36_jpg.rf.29ab6a04eb6bf387f06d209d47878ce1.jpg,-VsHLL_BO2_2,train,train
-VsHLL_BO2_2_370_jpg.rf.f392e327887afe1985c81db4aff5dd83.jpg,-VsHLL_BO2_2,train,train
-VsHLL_BO2_2_371_jpg.rf.bace3eaca5348dcfecadbe6bc0de9d54.jpg,-VsHLL_BO2_2,train,train
-VsHLL_BO2_2_372_jpg.rf.84ad8ff815e5646cce6b720af220c330.jpg,-VsHLL_BO2_2,train,train
-VsHLL_BO2_2_373_jpg.rf.66f5cc4b09bbce798653cfe4f6e45620.jpg,-VsHLL_BO2_2,train,train
-VsHLL_BO2_2_374_jpg.rf.5e423165dab5e74c8bc6413d8f9848ee.jpg,-VsHLL_BO2_2,train,train
-VsHLL_BO2_2_375_jpg.rf.5afdeb349c9d566761789fff352745e6.jpg,-VsHLL_BO2_2,train,train
-VsHLL_BO2_2_376_jpg.rf.e4513bc4657ab2e64abe1b83f708eb17.jpg,-VsHLL_BO2_2,train,train
-VsHLL_BO2_2_377_jpg.rf.12fc789804cc540c4d8f512da407f17b.jpg,-VsHLL_BO2_2,train,train
-VsHLL_BO2_2_378_jpg.rf.27421e897b66d3634857c4df3f6d9fc7.jpg,-VsHLL_BO2_2,train,train
-VsHLL_BO2_2_379_jpg.rf.ceed5f810ec36b3f605449703a21fda5.jpg,-VsHLL_BO2_2,train,train
-VsHLL_BO2_2_37_jpg.rf.9165775f6e45af05c8cfb94e503f5325.jpg,-VsHLL_BO2_2,train,train
-VsHLL_BO2_2_380_jpg.rf.e023980c64323c2849f8e53f6f5de357.jpg,-VsHLL_BO2_2,train,train
-VsHLL_BO2_2_381_jpg.rf.67a769f22475bb244b2aad2b4d398fce.jpg,-VsHLL_BO2_2,train,train
-VsHLL_BO2_2_382_jpg.rf.a847b0ac8a7274223700baaf392e0f1b.jpg,-VsHLL_BO2_2,train,train
-VsHLL_BO2_2_383_jpg.rf.f592af0a20fc5d9ebf120ba1bdebddac.jpg,-VsHLL_BO2_2,train,train
-VsHLL_BO2_2_384_jpg.rf.b674ecc111344eecf043f3292025b2ac.jpg,-VsHLL_BO2_2,test,train
-VsHLL_BO2_2_385_jpg.rf.8fccdca635653feacb25c7d780927848.jpg,-VsHLL_BO2_2,train,train
-VsHLL_BO2_2_386_jpg.rf.92f4d6f5ff0db6587153e9e53fc93a9d.jpg,-VsHLL_BO2_2,test,train
-VsHLL_BO2_2_387_jpg.rf.67f6ab903fb86c4458497b5a2203fd45.jpg,-VsHLL_BO2_2,train,train
-VsHLL_BO2_2_388_jpg.rf.367a113d3fefa3a668720fe00c2281cc.jpg,-VsHLL_BO2_2,train,train
-VsHLL_BO2_2_389_jpg.rf.0710e89457952c3308470069e149d85d.jpg,-VsHLL_BO2_2,train,train
-VsHLL_BO2_2_38_jpg.rf.b9017829baa128a57ca5284b6712c313.jpg,-VsHLL_BO2_2,valid,train
-VsHLL_BO2_2_390_jpg.rf.87c12666863dc4274b14a099023aa039.jpg,-VsHLL_BO2_2,train,train
-VsHLL_BO2_2_391_jpg.rf.77646b7c2a9cdf6e6189b1b9b184e1be.jpg,-VsHLL_BO2_2,train,train
-VsHLL_BO2_2_392_jpg.rf.f843c0763c8d7d65c5c809f634e03123.jpg,-VsHLL_BO2_2,train,train
-VsHLL_BO2_2_393_jpg.rf.b1800df65e069d25257afeaf7ef01d5a.jpg,-VsHLL_BO2_2,train,train
-VsHLL_BO2_2_394_jpg.rf.bb4806a4c7cbc5bc739e355bc89d8696.jpg,-VsHLL_BO2_2,valid,train
-VsHLL_BO2_2_395_jpg.rf.a630bc6fd32e658b078cfcea069ef703.jpg,-VsHLL_BO2_2,train,train
-VsHLL_BO2_2_396_jpg.rf.a1d8e39feb13dc2c2c8b448e4c52b12a.jpg,-VsHLL_BO2_2,valid,train
-VsHLL_BO2_2_397_jpg.rf.44c8e854b0aa660f5c6484aa12466677.jpg,-VsHLL_BO2_2,valid,train
-VsHLL_BO2_2_398_jpg.rf.7f7b86edaec5ac7689a60e44d6ae5190.jpg,-VsHLL_BO2_2,train,train
-VsHLL_BO2_2_399_jpg.rf.8fd7e93a261c354b42dd6458eab59d1f.jpg,-VsHLL_BO2_2,train,train
-VsHLL_BO2_2_39_jpg.rf.8d73362dddc584de8ee25c54322070a9.jpg,-VsHLL_BO2_2,train,train
-VsHLL_BO2_2_3_jpg.rf.985f3ac9700473214b046bd9c2f84147.jpg,-VsHLL_BO2_2,valid,train
-VsHLL_BO2_2_400_jpg.rf.78146a1c63b2565e3442a416409978fc.jpg,-VsHLL_BO2_2,valid,train
-VsHLL_BO2_2_401_jpg.rf.abe04dba3ee48b8cc8eb10faf5056183.jpg,-VsHLL_BO2_2,train,train
-VsHLL_BO2_2_402_jpg.rf.d8e1706c5975b1be7539a15dbe914489.jpg,-VsHLL_BO2_2,train,train
-VsHLL_BO2_2_403_jpg.rf.37a32cd09db35028366ca8dc8478df94.jpg,-VsHLL_BO2_2,train,train
-VsHLL_BO2_2_404_jpg.rf.8391cd2ab0ed07e878079b5b10f0e1ca.jpg,-VsHLL_BO2_2,train,train
-VsHLL_BO2_2_405_jpg.rf.27811cf2cfbf147c00886495e34317a2.jpg,-VsHLL_BO2_2,valid,train
-VsHLL_BO2_2_406_jpg.rf.ce5023573a3cfb891bfb65196869875a.jpg,-VsHLL_BO2_2,test,train
-VsHLL_BO2_2_407_jpg.rf.d04fae037db66b96c7ab996a541ff5f2.jpg,-VsHLL_BO2_2,train,train
-VsHLL_BO2_2_408_jpg.rf.ad443aef6528a2fcb6aaf448a878d1f1.jpg,-VsHLL_BO2_2,train,train
-VsHLL_BO2_2_409_jpg.rf.daf4bc59178a268b25157db2558ede66.jpg,-VsHLL_BO2_2,train,train
-VsHLL_BO2_2_40_jpg.rf.5216be464344afed9b017c1ed2fbbeff.jpg,-VsHLL_BO2_2,train,train
-VsHLL_BO2_2_410_jpg.rf.a2506c23a7acbb41c575912b0664e852.jpg,-VsHLL_BO2_2,train,train
-VsHLL_BO2_2_411_jpg.rf.eab19dff1fa4e2a588d7959cedb2a148.jpg,-VsHLL_BO2_2,valid,train
-VsHLL_BO2_2_412_jpg.rf.f51329f8286237d56b5d4181f8ba3824.jpg,-VsHLL_BO2_2,train,train
-VsHLL_BO2_2_413_jpg.rf.2467799d4bf793459959c4c428770942.jpg,-VsHLL_BO2_2,train,train
-VsHLL_BO2_2_414_jpg.rf.7b4e67605ad4bf77a90e7455ce56af3d.jpg,-VsHLL_BO2_2,test,train
-VsHLL_BO2_2_415_jpg.rf.c38c5aacff98c6263703cf2363adfb6b.jpg,-VsHLL_BO2_2,train,train
-VsHLL_BO2_2_416_jpg.rf.604558701f5e87c3288478abe290c8a9.jpg,-VsHLL_BO2_2,train,train
-VsHLL_BO2_2_417_jpg.rf.a2c22da68dd05cfaefc2f4ab2d63369a.jpg,-VsHLL_BO2_2,train,train
-VsHLL_BO2_2_418_jpg.rf.0c43bce129a4e8e0f5fb5535fdb94297.jpg,-VsHLL_BO2_2,train,train
-VsHLL_BO2_2_419_jpg.rf.e1c55cf44938c2d739861a283cb73e22.jpg,-VsHLL_BO2_2,valid,train
-VsHLL_BO2_2_41_jpg.rf.4e80e2698f6c7f60d5db581d3030e3c5.jpg,-VsHLL_BO2_2,train,train
-VsHLL_BO2_2_42_jpg.rf.872d494e79a4c303aded9a0d0d187218.jpg,-VsHLL_BO2_2,train,train
-VsHLL_BO2_2_43_jpg.rf.56f9c9392f617533ac0154b509209dd5.jpg,-VsHLL_BO2_2,train,train
-VsHLL_BO2_2_44_jpg.rf.0e451fadc83c883082a5419afe0253e0.jpg,-VsHLL_BO2_2,train,train
-VsHLL_BO2_2_45_jpg.rf.596a2a043634317bc46448c43bc04f65.jpg,-VsHLL_BO2_2,train,train
-VsHLL_BO2_2_46_jpg.rf.d95c4f8c17d26cd7efac9212fb3b634b.jpg,-VsHLL_BO2_2,valid,train
-VsHLL_BO2_2_47_jpg.rf.469e0ab6536e2cddfbc90bb9e877f1fd.jpg,-VsHLL_BO2_2,train,train
-VsHLL_BO2_2_48_jpg.rf.41d283ddad39a207840fe4b43745f7ba.jpg,-VsHLL_BO2_2,train,train
-VsHLL_BO2_2_49_jpg.rf.f9db156dd8c984cfbb5e679266dfeb9a.jpg,-VsHLL_BO2_2,train,train
-VsHLL_BO2_2_4_jpg.rf.9762b9f16e0d841e4da9020e8a043ad3.jpg,-VsHLL_BO2_2,valid,train
-VsHLL_BO2_2_50_jpg.rf.86da15cdefe5bd7244cba455a37b7809.jpg,-VsHLL_BO2_2,valid,train
-VsHLL_BO2_2_51_jpg.rf.3b6a02e2156905b22e843c8d0b1725f5.jpg,-VsHLL_BO2_2,valid,train
-VsHLL_BO2_2_52_jpg.rf.48f83e9902c9ca1309877ec74587df06.jpg,-VsHLL_BO2_2,train,train
-VsHLL_BO2_2_53_jpg.rf.6180cb46f272370daf144069ba22ad13.jpg,-VsHLL_BO2_2,valid,train
-VsHLL_BO2_2_54_jpg.rf.7766f941783d904311f0b167114558a0.jpg,-VsHLL_BO2_2,train,train
-VsHLL_BO2_2_55_jpg.rf.de59f95ccb9d0ff076c5c871a79f69fb.jpg,-VsHLL_BO2_2,test,train
-VsHLL_BO2_2_56_jpg.rf.8bf36969ebf1028a39758e0bbb29021b.jpg,-VsHLL_BO2_2,train,train
-VsHLL_BO2_2_57_jpg.rf.5d68722b1c51ea462ffcabe364c6c78b.jpg,-VsHLL_BO2_2,train,train
-VsHLL_BO2_2_58_jpg.rf.bd7f2e55455d4aff9fea78f11c7c9874.jpg,-VsHLL_BO2_2,train,train
-VsHLL_BO2_2_59_jpg.rf.66ceddb393718f424d34ddab3169dc0c.jpg,-VsHLL_BO2_2,test,train
-VsHLL_BO2_2_5_jpg.rf.8e21aa6099611381ed1ba7cf3a6c7e16.jpg,-VsHLL_BO2_2,train,train
-VsHLL_BO2_2_60_jpg.rf.4325363e7ee9f1c68529fd65c532ad5b.jpg,-VsHLL_BO2_2,train,train
-VsHLL_BO2_2_61_jpg.rf.be1aefc354b040dfcc1ff1a94db9c651.jpg,-VsHLL_BO2_2,train,train
-VsHLL_BO2_2_62_jpg.rf.555420d76cdf2fd4e46a5599fa23688a.jpg,-VsHLL_BO2_2,train,train
-VsHLL_BO2_2_63_jpg.rf.a098ec401b4e9bf06d41b231ac9b0f03.jpg,-VsHLL_BO2_2,train,train
-VsHLL_BO2_2_64_jpg.rf.ce13ebb75b2e18d7dfae19d7e74f8a5f.jpg,-VsHLL_BO2_2,train,train
-VsHLL_BO2_2_65_jpg.rf.2f6fb3140a5b1856edf6af17195ffdfd.jpg,-VsHLL_BO2_2,valid,train
-VsHLL_BO2_2_66_jpg.rf.3e46201739a99370c19a9ecef8020945.jpg,-VsHLL_BO2_2,train,train
-VsHLL_BO2_2_67_jpg.rf.da88ada368d414d936af6315d51df439.jpg,-VsHLL_BO2_2,train,train
-VsHLL_BO2_2_68_jpg.rf.b3a898b7ac4239a2601ca5c673d4b7ee.jpg,-VsHLL_BO2_2,valid,train
-VsHLL_BO2_2_69_jpg.rf.eeb0b6049bf16163e20db99ca8e860eb.jpg,-VsHLL_BO2_2,train,train
-VsHLL_BO2_2_6_jpg.rf.748d122ffc4253086601dfaf57d84ee4.jpg,-VsHLL_BO2_2,train,train
-VsHLL_BO2_2_70_jpg.rf.644a9b095cccaf80c6a41e677da28568.jpg,-VsHLL_BO2_2,valid,train
-VsHLL_BO2_2_71_jpg.rf.40e6e2666cb6649367a2329fad001562.jpg,-VsHLL_BO2_2,valid,train
-VsHLL_BO2_2_72_jpg.rf.d549169fb5c052c253d780735c8883d1.jpg,-VsHLL_BO2_2,test,train
-VsHLL_BO2_2_73_jpg.rf.5ae9ba6fc7552c868b921f4792491474.jpg,-VsHLL_BO2_2,train,train
-VsHLL_BO2_2_74_jpg.rf.aada23a84558ba527aaa8c83745769cc.jpg,-VsHLL_BO2_2,valid,train
-VsHLL_BO2_2_75_jpg.rf.6e52c9b58874c159855e54586b7de3d6.jpg,-VsHLL_BO2_2,train,train
-VsHLL_BO2_2_76_jpg.rf.8bc95368e62c5cd0a6aa025f92fa718f.jpg,-VsHLL_BO2_2,train,train
-VsHLL_BO2_2_77_jpg.rf.302f8655aefc13ea3fe201d32a0275f5.jpg,-VsHLL_BO2_2,train,train
-VsHLL_BO2_2_78_jpg.rf.90b688e25dd1918b7313f8e799c43d6a.jpg,-VsHLL_BO2_2,train,train
-VsHLL_BO2_2_79_jpg.rf.17cf4f08fc257beda9ee02653cc7f9b3.jpg,-VsHLL_BO2_2,train,train
-VsHLL_BO2_2_7_jpg.rf.e28447a9568c0f5ae3731832e8531e8c.jpg,-VsHLL_BO2_2,test,train
-VsHLL_BO2_2_80_jpg.rf.7f76d9ea71e0d2e5cdd061c9d9328cb3.jpg,-VsHLL_BO2_2,train,train
-VsHLL_BO2_2_81_jpg.rf.9b975eac319c4f813a5f01b93587b569.jpg,-VsHLL_BO2_2,valid,train
-VsHLL_BO2_2_82_jpg.rf.f70406b5bb07774a3a935fadf6d514cf.jpg,-VsHLL_BO2_2,train,train
-VsHLL_BO2_2_83_jpg.rf.6238ccb11d89131250b6f9899d8055bf.jpg,-VsHLL_BO2_2,valid,train
-VsHLL_BO2_2_84_jpg.rf.05d5b7d39a7936930a229751dcb0f738.jpg,-VsHLL_BO2_2,train,train
-VsHLL_BO2_2_85_jpg.rf.9a07fc50e88628deca0971de6e898d49.jpg,-VsHLL_BO2_2,train,train
-VsHLL_BO2_2_86_jpg.rf.8122e558e29d0e19bbccf1d94a4375ac.jpg,-VsHLL_BO2_2,train,train
-VsHLL_BO2_2_87_jpg.rf.294b244b96e6d5f6b4bc2366e4c3b90d.jpg,-VsHLL_BO2_2,train,train
-VsHLL_BO2_2_88_jpg.rf.0e6698face2695dea6faf4d5a80aa37e.jpg,-VsHLL_BO2_2,train,train
-VsHLL_BO2_2_89_jpg.rf.4d34542477d4745849302bd72fc6ad07.jpg,-VsHLL_BO2_2,train,train
-VsHLL_BO2_2_8_jpg.rf.997771857bcd0ca153fccd96582cce23.jpg,-VsHLL_BO2_2,train,train
-VsHLL_BO2_2_90_jpg.rf.8b1fcc084d56d84f05b1b068ec7fb365.jpg,-VsHLL_BO2_2,train,train
-VsHLL_BO2_2_91_jpg.rf.ac4f1db461e796c62ac5a74637b814cb.jpg,-VsHLL_BO2_2,train,train
-VsHLL_BO2_2_92_jpg.rf.bf61c23e81355202de50559c5967f960.jpg,-VsHLL_BO2_2,train,train
-VsHLL_BO2_2_93_jpg.rf.d7d8ccd7324ff388110a04529f510904.jpg,-VsHLL_BO2_2,train,train
-VsHLL_BO2_2_94_jpg.rf.25fbf589dc4b658a654480e483a95a20.jpg,-VsHLL_BO2_2,train,train
-VsHLL_BO2_2_95_jpg.rf.0cddd60470e033ccef9771d1c745e17e.jpg,-VsHLL_BO2_2,valid,train
-VsHLL_BO2_2_96_jpg.rf.a1b3899f54bcb729c163938f3ea268ff.jpg,-VsHLL_BO2_2,valid,train
-VsHLL_BO2_2_97_jpg.rf.f41ddd7b555bb1959e51c390531d78aa.jpg,-VsHLL_BO2_2,test,train
-VsHLL_BO2_2_98_jpg.rf.1c6cb360a3f966ae4f0ac86d03eb29b8.jpg,-VsHLL_BO2_2,train,train
-VsHLL_BO2_2_99_jpg.rf.9c250b00026bfe07dfb96231440f64a9.jpg,-VsHLL_BO2_2,train,train
-VsHLL_BO2_2_9_jpg.rf.acbdfba89e73dcd7f1d4e06e03e71516.jpg,-VsHLL_BO2_2,train,train
-VsRPS_BO2_2_0_jpg.rf.07cc072a51eb96db37235730c5f75be3.jpg,-VsRPS_BO2_2,train,train
-VsRPS_BO2_2_100_jpg.rf.0467a36c0f6da8f18a080f5dc1e8c502.jpg,-VsRPS_BO2_2,train,train
-VsRPS_BO2_2_101_jpg.rf.aaf12fab7db0293ddfe68e91a242bab5.jpg,-VsRPS_BO2_2,train,train
-VsRPS_BO2_2_102_jpg.rf.2e85117c4c1f49604d183621dad2e0a7.jpg,-VsRPS_BO2_2,train,train
-VsRPS_BO2_2_103_jpg.rf.9a8a6809ec5c9fb19070d40ab41c3b0c.jpg,-VsRPS_BO2_2,train,train
-VsRPS_BO2_2_104_jpg.rf.1cdc4ff23e4b4fa3348ab742189fa075.jpg,-VsRPS_BO2_2,train,train
-VsRPS_BO2_2_105_jpg.rf.4746f1ada8d3f0bf869f1a506737c1d8.jpg,-VsRPS_BO2_2,train,train
-VsRPS_BO2_2_106_jpg.rf.f1a86d34756d9294193e834565535b01.jpg,-VsRPS_BO2_2,train,train
-VsRPS_BO2_2_107_jpg.rf.84f2eb5515163814db03a389b92492d0.jpg,-VsRPS_BO2_2,test,train
-VsRPS_BO2_2_108_jpg.rf.f4f539b5683b7610f817157533914fb2.jpg,-VsRPS_BO2_2,test,train
-VsRPS_BO2_2_109_jpg.rf.a1583bfb3b5be2ee93d6b0accebec514.jpg,-VsRPS_BO2_2,valid,train
-VsRPS_BO2_2_10_jpg.rf.b1931a238e77f878349fae5d094e6e7b.jpg,-VsRPS_BO2_2,train,train
-VsRPS_BO2_2_110_jpg.rf.d31b84dc8160a843c9d9c4a2145a5158.jpg,-VsRPS_BO2_2,train,train
-VsRPS_BO2_2_111_jpg.rf.331a7a45674399c12aab0bb85901784b.jpg,-VsRPS_BO2_2,test,train
-VsRPS_BO2_2_112_jpg.rf.94ebeb1400753d37ce32a494fbff7229.jpg,-VsRPS_BO2_2,train,train
-VsRPS_BO2_2_113_jpg.rf.f86e64bc48a5b7e1bf0596a78516096e.jpg,-VsRPS_BO2_2,valid,train
-VsRPS_BO2_2_114_jpg.rf.fd4b7a1e22d56ab6dc9bd83e2a889bee.jpg,-VsRPS_BO2_2,test,train
-VsRPS_BO2_2_115_jpg.rf.c65b51d8264e5233b82058d33260d271.jpg,-VsRPS_BO2_2,train,train
-VsRPS_BO2_2_116_jpg.rf.a50d7f1ae3c738834968cf833ce9428f.jpg,-VsRPS_BO2_2,test,train
-VsRPS_BO2_2_117_jpg.rf.ae81f034d024aad7774afd882a9a9907.jpg,-VsRPS_BO2_2,valid,train
-VsRPS_BO2_2_118_jpg.rf.dd36f26d95c6e88b51c8a5149db450f4.jpg,-VsRPS_BO2_2,train,train
-VsRPS_BO2_2_119_jpg.rf.f1d125e915955c0b0f9a90b9f162c4f1.jpg,-VsRPS_BO2_2,train,train
-VsRPS_BO2_2_11_jpg.rf.c254c1804ba37df57605e5e606a4c2bf.jpg,-VsRPS_BO2_2,valid,train
-VsRPS_BO2_2_120_jpg.rf.39283ed751abf430034d096ede6f5e51.jpg,-VsRPS_BO2_2,train,train
-VsRPS_BO2_2_121_jpg.rf.62f64ed07b3c4a8d1339d42c1c295e0e.jpg,-VsRPS_BO2_2,valid,train
-VsRPS_BO2_2_122_jpg.rf.cc8455aace63a46e0157ed5d4f2921f7.jpg,-VsRPS_BO2_2,train,train
-VsRPS_BO2_2_123_jpg.rf.1e21c1a25714b529f3defca096dc7f7b.jpg,-VsRPS_BO2_2,train,train
-VsRPS_BO2_2_124_jpg.rf.ca54d9bcfe1ff67175dc3667a6ffd772.jpg,-VsRPS_BO2_2,train,train
-VsRPS_BO2_2_125_jpg.rf.fbf04273da0ef4c06eab9e7872d918da.jpg,-VsRPS_BO2_2,train,train
-VsRPS_BO2_2_126_jpg.rf.76521fe65b6528314f41bf76d66a81e7.jpg,-VsRPS_BO2_2,train,train
-VsRPS_BO2_2_127_jpg.rf.b52a8ad66a62d1feaddcc3cee1d8bbc9.jpg,-VsRPS_BO2_2,train,train
-VsRPS_BO2_2_128_jpg.rf.9bba990663109e83c1ce9f4f227e7e02.jpg,-VsRPS_BO2_2,valid,train
-VsRPS_BO2_2_129_jpg.rf.d04643420b0d6dd6b067e9500ffd2bd5.jpg,-VsRPS_BO2_2,train,train
-VsRPS_BO2_2_12_jpg.rf.9cb82c8832a6fa009792765888a96bfc.jpg,-VsRPS_BO2_2,train,train
-VsRPS_BO2_2_130_jpg.rf.af49aeb6dc0ded7466e0f7c9e3c5e6fd.jpg,-VsRPS_BO2_2,valid,train
-VsRPS_BO2_2_131_jpg.rf.8f036de40852b8b56d04ab56730b790a.jpg,-VsRPS_BO2_2,train,train
-VsRPS_BO2_2_132_jpg.rf.0081d6e41451ca54afb2a3717fb886fb.jpg,-VsRPS_BO2_2,train,train
-VsRPS_BO2_2_133_jpg.rf.07e45c98cc54bdbf092b2520d01080e2.jpg,-VsRPS_BO2_2,train,train
-VsRPS_BO2_2_134_jpg.rf.7d843122cfa6b283c9d066d4a5cbebd6.jpg,-VsRPS_BO2_2,train,train
-VsRPS_BO2_2_135_jpg.rf.bf655e362110a737bf06242778fab88d.jpg,-VsRPS_BO2_2,train,train
-VsRPS_BO2_2_136_jpg.rf.79673bffd3919a17c07241668de61ea3.jpg,-VsRPS_BO2_2,train,train
-VsRPS_BO2_2_137_jpg.rf.68f7cf45918eaa7ed05db9aaed5ce9f9.jpg,-VsRPS_BO2_2,test,train
-VsRPS_BO2_2_138_jpg.rf.e38dcb3217a496be9a608aaadf369e72.jpg,-VsRPS_BO2_2,train,train
-VsRPS_BO2_2_139_jpg.rf.6e958c3b42f1a446b453c41699449941.jpg,-VsRPS_BO2_2,train,train
-VsRPS_BO2_2_13_jpg.rf.7ec6a231147852c7dde7abd098c6ed49.jpg,-VsRPS_BO2_2,train,train
-VsRPS_BO2_2_140_jpg.rf.574c37d95c3b8bcad4626256be3a0f4a.jpg,-VsRPS_BO2_2,train,train
-VsRPS_BO2_2_141_jpg.rf.0bb919bf44e3e68bf1461c43ccd7abff.jpg,-VsRPS_BO2_2,train,train
-VsRPS_BO2_2_142_jpg.rf.fbb659a92b60c31767a0b2c1ea0efb6f.jpg,-VsRPS_BO2_2,train,train
-VsRPS_BO2_2_143_jpg.rf.39c6ed389da7f430b7e86af05ac51cc9.jpg,-VsRPS_BO2_2,train,train
-VsRPS_BO2_2_144_jpg.rf.d0e86f773fe26dc3e70a5fb062dfe12a.jpg,-VsRPS_BO2_2,train,train
-VsRPS_BO2_2_145_jpg.rf.4b9d20c2b549a04c13157f07101cce71.jpg,-VsRPS_BO2_2,train,train
-VsRPS_BO2_2_146_jpg.rf.f9a946878b81a59545c3b9121e4d2054.jpg,-VsRPS_BO2_2,train,train
-VsRPS_BO2_2_147_jpg.rf.7435de2e6efe7571bb28f89208e7c799.jpg,-VsRPS_BO2_2,train,train
-VsRPS_BO2_2_148_jpg.rf.759fb7cafe92fc0976b861425d8cf1a8.jpg,-VsRPS_BO2_2,valid,train
-VsRPS_BO2_2_149_jpg.rf.4898a3a50f04f3e6526c2d0ad4fb7797.jpg,-VsRPS_BO2_2,train,train
-VsRPS_BO2_2_14_jpg.rf.7d4177242c8bcc9bc4e0386b7f701e59.jpg,-VsRPS_BO2_2,train,train
-VsRPS_BO2_2_150_jpg.rf.383a9fd88ce04e83f7fc5e987585164f.jpg,-VsRPS_BO2_2,valid,train
-VsRPS_BO2_2_151_jpg.rf.8c58e98d158b0546693637ad6b704c60.jpg,-VsRPS_BO2_2,train,train
-VsRPS_BO2_2_152_jpg.rf.d8371396a3ab8d2c4da8ed4fc4ed3028.jpg,-VsRPS_BO2_2,test,train
-VsRPS_BO2_2_153_jpg.rf.935b63b007c527769ca7d38715d4123a.jpg,-VsRPS_BO2_2,train,train
-VsRPS_BO2_2_154_jpg.rf.a2e417e48804acbbc5f20c76289bf60b.jpg,-VsRPS_BO2_2,valid,train
-VsRPS_BO2_2_155_jpg.rf.ae9a9b1c67ad43f6887071155587da5e.jpg,-VsRPS_BO2_2,train,train
-VsRPS_BO2_2_156_jpg.rf.57dc470a20ad261bbc214b25866ed2c4.jpg,-VsRPS_BO2_2,valid,train
-VsRPS_BO2_2_157_jpg.rf.8febd715a395b874dcaa7fb7938594f9.jpg,-VsRPS_BO2_2,train,train
-VsRPS_BO2_2_158_jpg.rf.8614702807c71b64b0007c57f78b161f.jpg,-VsRPS_BO2_2,train,train
-VsRPS_BO2_2_159_jpg.rf.e76af6f10fdfb2afcd717691e06f878d.jpg,-VsRPS_BO2_2,train,train
-VsRPS_BO2_2_15_jpg.rf.9c2b0a8d642fddfb5adbcae1dfcd10b8.jpg,-VsRPS_BO2_2,train,train
-VsRPS_BO2_2_160_jpg.rf.46667edb0bf9e01c1710c9582f67eac6.jpg,-VsRPS_BO2_2,train,train
-VsRPS_BO2_2_161_jpg.rf.027c72c23dc557c287e801f55bb4f3f9.jpg,-VsRPS_BO2_2,test,train
-VsRPS_BO2_2_162_jpg.rf.355d382a52044857f40681f88a00f615.jpg,-VsRPS_BO2_2,train,train
-VsRPS_BO2_2_163_jpg.rf.7e091c0466a08cdc239ac8eb7b5b2ec3.jpg,-VsRPS_BO2_2,train,train
-VsRPS_BO2_2_164_jpg.rf.c0d1ba808b8bc0357b3ecad84e13a987.jpg,-VsRPS_BO2_2,train,train
-VsRPS_BO2_2_165_jpg.rf.014612b653ac810afa5a86a084bf84dc.jpg,-VsRPS_BO2_2,train,train
-VsRPS_BO2_2_166_jpg.rf.9df20177b11fa8756864bbc85c5d9c25.jpg,-VsRPS_BO2_2,train,train
-VsRPS_BO2_2_167_jpg.rf.f24a7d4e7ea023023329e2d161afad7b.jpg,-VsRPS_BO2_2,valid,train
-VsRPS_BO2_2_168_jpg.rf.4fd868d268668f6a6a868fc2f44f6679.jpg,-VsRPS_BO2_2,train,train
-VsRPS_BO2_2_169_jpg.rf.33d04cfc65666e351d81699c27c426d6.jpg,-VsRPS_BO2_2,train,train
-VsRPS_BO2_2_16_jpg.rf.e873c9113025cd0141c0e7be9901db87.jpg,-VsRPS_BO2_2,train,train
-VsRPS_BO2_2_170_jpg.rf.a94d742023343ff92b340e7b0c6fbe5d.jpg,-VsRPS_BO2_2,train,train
-VsRPS_BO2_2_171_jpg.rf.de7071292b2cb296a67984481af0e7bc.jpg,-VsRPS_BO2_2,train,train
-VsRPS_BO2_2_172_jpg.rf.c7a35b4e399e3dbcf1e42896680a1cf4.jpg,-VsRPS_BO2_2,train,train
-VsRPS_BO2_2_173_jpg.rf.fa0cee75525d01cef05bf19cbfba3d8c.jpg,-VsRPS_BO2_2,valid,train
-VsRPS_BO2_2_174_jpg.rf.d4af378ae7f71a323f3bd2b9c49e947b.jpg,-VsRPS_BO2_2,test,train
-VsRPS_BO2_2_175_jpg.rf.9c023c199c2bb9b14997fa1222391e62.jpg,-VsRPS_BO2_2,train,train
-VsRPS_BO2_2_176_jpg.rf.e465079c48c4c92b5d7321a783b8303b.jpg,-VsRPS_BO2_2,train,train
-VsRPS_BO2_2_177_jpg.rf.9afd67816a929f36fffa92717c824bbb.jpg,-VsRPS_BO2_2,train,train
-VsRPS_BO2_2_178_jpg.rf.9f6920fd83e09a3e81384284e3696b7e.jpg,-VsRPS_BO2_2,train,train
-VsRPS_BO2_2_179_jpg.rf.ef4824cb2302db4ec3ac1194b92b76d1.jpg,-VsRPS_BO2_2,train,train
-VsRPS_BO2_2_17_jpg.rf.b457310229ed4c22922dc7f7f43c5eda.jpg,-VsRPS_BO2_2,valid,train
-VsRPS_BO2_2_180_jpg.rf.af904e82024a357443b6b3cf2c12597a.jpg,-VsRPS_BO2_2,train,train
-VsRPS_BO2_2_181_jpg.rf.b0f2bbdd1b31e03acca307a5ddd86a33.jpg,-VsRPS_BO2_2,valid,train
-VsRPS_BO2_2_182_jpg.rf.205f860d8c39783b62f5f04c1d6acccf.jpg,-VsRPS_BO2_2,train,train
-VsRPS_BO2_2_183_jpg.rf.648b7555e4c8e4f7fad6db19cb26095b.jpg,-VsRPS_BO2_2,train,train
-VsRPS_BO2_2_184_jpg.rf.630ad31a03112ef437b073e26b1b2703.jpg,-VsRPS_BO2_2,train,train
-VsRPS_BO2_2_185_jpg.rf.70cb3bfac63a774a1290eb5b1ffaa8af.jpg,-VsRPS_BO2_2,train,train
-VsRPS_BO2_2_186_jpg.rf.19d0835ff51f28384750d1465ce2ae1d.jpg,-VsRPS_BO2_2,train,train
-VsRPS_BO2_2_187_jpg.rf.bb5318fdc2eeb09ede26769472d7751c.jpg,-VsRPS_BO2_2,valid,train
-VsRPS_BO2_2_188_jpg.rf.3f3c487b7b59a2ee495a563f980ca745.jpg,-VsRPS_BO2_2,valid,train
-VsRPS_BO2_2_189_jpg.rf.e6af665473d34bf6d9accd759faf40f2.jpg,-VsRPS_BO2_2,train,train
-VsRPS_BO2_2_18_jpg.rf.ddd76ee056957c754d8679f64d7aaf8d.jpg,-VsRPS_BO2_2,train,train
-VsRPS_BO2_2_190_jpg.rf.282059aeb26c9aac305622a40ad0b18f.jpg,-VsRPS_BO2_2,test,train
-VsRPS_BO2_2_191_jpg.rf.5deb61dc482263b030299443551dc1f2.jpg,-VsRPS_BO2_2,train,train
-VsRPS_BO2_2_192_jpg.rf.97e48494bec13a270088881c79897f31.jpg,-VsRPS_BO2_2,train,train
-VsRPS_BO2_2_193_jpg.rf.ec9520d2dcafa81d3535021a7cdfe068.jpg,-VsRPS_BO2_2,train,train
-VsRPS_BO2_2_194_jpg.rf.cbb77c3270da4a11522c9a5beea88543.jpg,-VsRPS_BO2_2,train,train
-VsRPS_BO2_2_195_jpg.rf.61a5c32c43888d8241032f5deea56bb3.jpg,-VsRPS_BO2_2,train,train
-VsRPS_BO2_2_196_jpg.rf.54c75ad9f83ccbb89e59ea199656ef6b.jpg,-VsRPS_BO2_2,train,train
-VsRPS_BO2_2_197_jpg.rf.b5359516b43bd54130f00eb59e6e2585.jpg,-VsRPS_BO2_2,train,train
-VsRPS_BO2_2_198_jpg.rf.4611bb7a79e23dbdc6e566cd22a00010.jpg,-VsRPS_BO2_2,train,train
-VsRPS_BO2_2_199_jpg.rf.59d94e7e4059ef5bef45ebded829aa29.jpg,-VsRPS_BO2_2,train,train
-VsRPS_BO2_2_19_jpg.rf.55207c90aede00ba456c6d2617e207f5.jpg,-VsRPS_BO2_2,valid,train
-VsRPS_BO2_2_1_jpg.rf.50f9cdbb43cb78f1762f29d99d62de7b.jpg,-VsRPS_BO2_2,valid,train
-VsRPS_BO2_2_200_jpg.rf.abf25092dbce597911450a4434e7e2de.jpg,-VsRPS_BO2_2,train,train
-VsRPS_BO2_2_201_jpg.rf.4d8138cea2f1493e8ab698223f7ae0fe.jpg,-VsRPS_BO2_2,train,train
-VsRPS_BO2_2_202_jpg.rf.27754ba642b319c0ceb691114f00f5c9.jpg,-VsRPS_BO2_2,valid,train
-VsRPS_BO2_2_203_jpg.rf.4b20e27a5567510a40115abc2cb67f72.jpg,-VsRPS_BO2_2,train,train
-VsRPS_BO2_2_204_jpg.rf.682fa1b4f2be6e2235313da59eea15c7.jpg,-VsRPS_BO2_2,train,train
-VsRPS_BO2_2_205_jpg.rf.7ee592783fbdf0e65c420c4cd23a01c3.jpg,-VsRPS_BO2_2,valid,train
-VsRPS_BO2_2_206_jpg.rf.50c2f2878319ec29004b596456f64504.jpg,-VsRPS_BO2_2,train,train
-VsRPS_BO2_2_207_jpg.rf.ea2da3ecdacd0d023b6da77148bf8238.jpg,-VsRPS_BO2_2,train,train
-VsRPS_BO2_2_208_jpg.rf.0b98a94c5cfac6d8ab7a043d7c932c60.jpg,-VsRPS_BO2_2,train,train
-VsRPS_BO2_2_209_jpg.rf.e68f4fe74f930f24bac41b736febfb34.jpg,-VsRPS_BO2_2,train,train
-VsRPS_BO2_2_20_jpg.rf.e92780ecf73eed62820d2a271e5577b9.jpg,-VsRPS_BO2_2,valid,train
-VsRPS_BO2_2_210_jpg.rf.b8d109350737300c428406d4c66dcccd.jpg,-VsRPS_BO2_2,train,train
-VsRPS_BO2_2_211_jpg.rf.7057517d82334f044647da9030acba3e.jpg,-VsRPS_BO2_2,valid,train
-VsRPS_BO2_2_212_jpg.rf.43e05ba09ceebc518a8e6adb878b715a.jpg,-VsRPS_BO2_2,valid,train
-VsRPS_BO2_2_213_jpg.rf.de96f05341784873f37f632b5589b82d.jpg,-VsRPS_BO2_2,valid,train
-VsRPS_BO2_2_214_jpg.rf.082f7952a87d0d53ca713826d837f894.jpg,-VsRPS_BO2_2,train,train
-VsRPS_BO2_2_215_jpg.rf.d6bb0cde0d260fee963b154fa0fd6036.jpg,-VsRPS_BO2_2,test,train
-VsRPS_BO2_2_216_jpg.rf.e89e08e6b13b18573b86ecf32c1e137e.jpg,-VsRPS_BO2_2,valid,train
-VsRPS_BO2_2_217_jpg.rf.999ea34ac2622baeb931070597c751a3.jpg,-VsRPS_BO2_2,valid,train
-VsRPS_BO2_2_218_jpg.rf.358d319045becb1c2fa0d62928af1b33.jpg,-VsRPS_BO2_2,train,train
-VsRPS_BO2_2_219_jpg.rf.973c460615f6d05f553a0816f7ad0273.jpg,-VsRPS_BO2_2,test,train
-VsRPS_BO2_2_21_jpg.rf.0bf84f1a7e054330f33ff26796c4cbf0.jpg,-VsRPS_BO2_2,train,train
-VsRPS_BO2_2_220_jpg.rf.8311d796697bfe32f26cacc3d0c33559.jpg,-VsRPS_BO2_2,valid,train
-VsRPS_BO2_2_221_jpg.rf.bb9b013a62d46b2fa5159c6e128c1870.jpg,-VsRPS_BO2_2,train,train
-VsRPS_BO2_2_222_jpg.rf.28b6a89eaa91808ac6c5c4f7738a1867.jpg,-VsRPS_BO2_2,train,train
-VsRPS_BO2_2_223_jpg.rf.7e33009dff6608dd3370a4ef1d8e8308.jpg,-VsRPS_BO2_2,train,train
-VsRPS_BO2_2_224_jpg.rf.60ccd3637ffe9ba39911b5bf0fa9842d.jpg,-VsRPS_BO2_2,train,train
-VsRPS_BO2_2_225_jpg.rf.acdfac0f8f2d3ee0f468c48d14dfe6f5.jpg,-VsRPS_BO2_2,train,train
-VsRPS_BO2_2_226_jpg.rf.5c31e3e46a1a83ca2512019ba9d9b7e6.jpg,-VsRPS_BO2_2,train,train
-VsRPS_BO2_2_227_jpg.rf.a52c3481039d422486dccb900ff202ec.jpg,-VsRPS_BO2_2,train,train
-VsRPS_BO2_2_228_jpg.rf.749c88f0ac2c2a9319f130583431b1a3.jpg,-VsRPS_BO2_2,valid,train
-VsRPS_BO2_2_229_jpg.rf.4f326271c92b758dfaedcea5cb0d084a.jpg,-VsRPS_BO2_2,train,train
-VsRPS_BO2_2_22_jpg.rf.03eb221ee7b55e1ca3277aaede6041d6.jpg,-VsRPS_BO2_2,train,train
-VsRPS_BO2_2_230_jpg.rf.89f1dac76d4f377abe6e534951206228.jpg,-VsRPS_BO2_2,test,train
-VsRPS_BO2_2_231_jpg.rf.504fc216783fd539e1957ae17cf04aad.jpg,-VsRPS_BO2_2,train,train
-VsRPS_BO2_2_232_jpg.rf.582fe44033285d893d0d9475d2b640c6.jpg,-VsRPS_BO2_2,valid,train
-VsRPS_BO2_2_233_jpg.rf.93512165c0e99a14228cca1b47ed91be.jpg,-VsRPS_BO2_2,train,train
-VsRPS_BO2_2_234_jpg.rf.80e54eac7c904b845ee9e500025d3e79.jpg,-VsRPS_BO2_2,train,train
-VsRPS_BO2_2_235_jpg.rf.ff115657273339e1edc4b8ca0c544ac9.jpg,-VsRPS_BO2_2,train,train
-VsRPS_BO2_2_236_jpg.rf.73bcb376cbc620e9ff62ddbc501da0a8.jpg,-VsRPS_BO2_2,train,train
-VsRPS_BO2_2_237_jpg.rf.3ed596b376f1279346fdaeb918250cc6.jpg,-VsRPS_BO2_2,train,train
-VsRPS_BO2_2_238_jpg.rf.09e2ceb0ff4eb368973a843c47bfae58.jpg,-VsRPS_BO2_2,train,train
-VsRPS_BO2_2_239_jpg.rf.5eb24228af03f70f0826060cb371357a.jpg,-VsRPS_BO2_2,train,train
-VsRPS_BO2_2_23_jpg.rf.5b569a74855c18d4d14b2d0b1af933ea.jpg,-VsRPS_BO2_2,train,train
-VsRPS_BO2_2_240_jpg.rf.59a75c377f490834dff82189d8cd5c24.jpg,-VsRPS_BO2_2,train,train
-VsRPS_BO2_2_241_jpg.rf.bad91d64891d18c7ef1fcd8c07981ab8.jpg,-VsRPS_BO2_2,train,train
-VsRPS_BO2_2_242_jpg.rf.1257a249fe4b0a02b509f7b51e458ba7.jpg,-VsRPS_BO2_2,train,train
-VsRPS_BO2_2_243_jpg.rf.bf1d445b97d3f3abd1162574184dc1ca.jpg,-VsRPS_BO2_2,valid,train
-VsRPS_BO2_2_244_jpg.rf.0e29db068e660762aa146ce0d7e03dfe.jpg,-VsRPS_BO2_2,train,train
-VsRPS_BO2_2_245_jpg.rf.eb841aa67c4332f3e9a4c9a67fd8fbdb.jpg,-VsRPS_BO2_2,test,train
-VsRPS_BO2_2_246_jpg.rf.f9efe4fc262c90bf0c3c4940b225ccd4.jpg,-VsRPS_BO2_2,train,train
-VsRPS_BO2_2_247_jpg.rf.ae19b35681a0227ad6425afb554395ad.jpg,-VsRPS_BO2_2,train,train
-VsRPS_BO2_2_248_jpg.rf.f6770dd1607e4262e28fcc0db79fafea.jpg,-VsRPS_BO2_2,train,train
-VsRPS_BO2_2_249_jpg.rf.73b153b1e73d8b90d5403aa690ec098f.jpg,-VsRPS_BO2_2,valid,train
-VsRPS_BO2_2_24_jpg.rf.a8a3cc8e69fa3954327359718467070b.jpg,-VsRPS_BO2_2,valid,train
-VsRPS_BO2_2_250_jpg.rf.bf92c36dbbbeb0ef23867b9f7d73a038.jpg,-VsRPS_BO2_2,test,train
-VsRPS_BO2_2_251_jpg.rf.9b3c02d200e862dcac280c1e6cb819bd.jpg,-VsRPS_BO2_2,train,train
-VsRPS_BO2_2_252_jpg.rf.da74b6e6ef895f26c6c39c69132927f6.jpg,-VsRPS_BO2_2,train,train
-VsRPS_BO2_2_253_jpg.rf.b359c2ce9db771fdbb2da29c235e5d81.jpg,-VsRPS_BO2_2,test,train
-VsRPS_BO2_2_254_jpg.rf.e49609b05b0aba787c63ba7112ff2648.jpg,-VsRPS_BO2_2,valid,train
-VsRPS_BO2_2_255_jpg.rf.71f798585112cea9d83180010aa1fa6d.jpg,-VsRPS_BO2_2,train,train
-VsRPS_BO2_2_256_jpg.rf.82a3088c03b1145293f47db7c13d1a31.jpg,-VsRPS_BO2_2,train,train
-VsRPS_BO2_2_257_jpg.rf.c9545da2ee648d8225851648dc863f7a.jpg,-VsRPS_BO2_2,valid,train
-VsRPS_BO2_2_258_jpg.rf.3bfbe15b3e67f150af137f8276ce767f.jpg,-VsRPS_BO2_2,train,train
-VsRPS_BO2_2_259_jpg.rf.d717f71e2a19917617d79580babc8d5c.jpg,-VsRPS_BO2_2,train,train
-VsRPS_BO2_2_25_jpg.rf.939359841da105b292f6ff72a409d400.jpg,-VsRPS_BO2_2,train,train
-VsRPS_BO2_2_260_jpg.rf.eb8131dfc039dce5e2e46bf2b2832190.jpg,-VsRPS_BO2_2,train,train
-VsRPS_BO2_2_261_jpg.rf.a57bd51bbd52801f7cc1151b6114825a.jpg,-VsRPS_BO2_2,train,train
-VsRPS_BO2_2_262_jpg.rf.af2df07270e81b7bee03d4cc8c858930.jpg,-VsRPS_BO2_2,train,train
-VsRPS_BO2_2_263_jpg.rf.cb62461b9fce8e3f82093b79ccd9ef28.jpg,-VsRPS_BO2_2,train,train
-VsRPS_BO2_2_264_jpg.rf.df47ea820cbbbe0044a8d2ca7516c999.jpg,-VsRPS_BO2_2,valid,train
-VsRPS_BO2_2_265_jpg.rf.2ca80b4c8bc81d5119117848a7e69b17.jpg,-VsRPS_BO2_2,train,train
-VsRPS_BO2_2_266_jpg.rf.34ed11055eb1d23c2d36b7eba92df20e.jpg,-VsRPS_BO2_2,valid,train
-VsRPS_BO2_2_267_jpg.rf.ec6e60c764ba059aeecf50875c87c8b9.jpg,-VsRPS_BO2_2,train,train
-VsRPS_BO2_2_268_jpg.rf.0a0ed7411a42537ec9805303496ffc81.jpg,-VsRPS_BO2_2,train,train
-VsRPS_BO2_2_269_jpg.rf.05159fac1570fa2da07279e559c65f3a.jpg,-VsRPS_BO2_2,train,train
-VsRPS_BO2_2_26_jpg.rf.a2ead26037bc18cc34930210acee9181.jpg,-VsRPS_BO2_2,train,train
-VsRPS_BO2_2_270_jpg.rf.cb0555ff8a4c8a8bb85d41dbd0371c3a.jpg,-VsRPS_BO2_2,test,train
-VsRPS_BO2_2_271_jpg.rf.cb2a212b877807582ff800a5a58f8300.jpg,-VsRPS_BO2_2,valid,train
-VsRPS_BO2_2_272_jpg.rf.b76b2213fe6625a62cafe621276199dc.jpg,-VsRPS_BO2_2,valid,train
-VsRPS_BO2_2_273_jpg.rf.cd1be4d876382662c9aec3e4155a49c0.jpg,-VsRPS_BO2_2,train,train
-VsRPS_BO2_2_274_jpg.rf.ddfc22a9e53ea42f89d7ef3dde2a2301.jpg,-VsRPS_BO2_2,train,train
-VsRPS_BO2_2_275_jpg.rf.df10878bf7a3e6ba8af4cd19b14714ca.jpg,-VsRPS_BO2_2,train,train
-VsRPS_BO2_2_276_jpg.rf.b3c9fcfc0748269510bc268b48150a25.jpg,-VsRPS_BO2_2,test,train
-VsRPS_BO2_2_277_jpg.rf.5b34c7d6c3dc328bbd5af0bdd1a01140.jpg,-VsRPS_BO2_2,train,train
-VsRPS_BO2_2_278_jpg.rf.c259ea24d5ccad389232d04dfa397a7b.jpg,-VsRPS_BO2_2,train,train
-VsRPS_BO2_2_279_jpg.rf.b8b250c6bf976adc83b7effed09d8a46.jpg,-VsRPS_BO2_2,test,train
-VsRPS_BO2_2_27_jpg.rf.891cbe4cb00042008ebc36eba7d92286.jpg,-VsRPS_BO2_2,train,train
-VsRPS_BO2_2_280_jpg.rf.acf1660bf6a5fe40e4b284df31f91aa1.jpg,-VsRPS_BO2_2,test,train
-VsRPS_BO2_2_281_jpg.rf.69ba8a7eac10257fa4422f1a3f3abfc9.jpg,-VsRPS_BO2_2,valid,train
-VsRPS_BO2_2_282_jpg.rf.c9aa4a2fa0d83d02ac11af919c416525.jpg,-VsRPS_BO2_2,train,train
-VsRPS_BO2_2_283_jpg.rf.1eb190f0ed44e6d78112e1e6253e0e51.jpg,-VsRPS_BO2_2,valid,train
-VsRPS_BO2_2_284_jpg.rf.8f1b30a68b576abc48b6ea0d02b5d2fa.jpg,-VsRPS_BO2_2,train,train
-VsRPS_BO2_2_285_jpg.rf.6b93783b9b2b78ba4d94d189aa47912f.jpg,-VsRPS_BO2_2,train,train
-VsRPS_BO2_2_286_jpg.rf.2249995c39743623557863a8b491b460.jpg,-VsRPS_BO2_2,test,train
-VsRPS_BO2_2_287_jpg.rf.675f49ea2bb6ea30007434ab2581898b.jpg,-VsRPS_BO2_2,train,train
-VsRPS_BO2_2_288_jpg.rf.d291895e60ef801b9f7c075e51d438a3.jpg,-VsRPS_BO2_2,train,train
-VsRPS_BO2_2_28_jpg.rf.df8904522327fc035a23653056f99ebb.jpg,-VsRPS_BO2_2,train,train
-VsRPS_BO2_2_29_jpg.rf.3e6569c6c8875c0eaa868dcdc80a989d.jpg,-VsRPS_BO2_2,train,train
-VsRPS_BO2_2_2_jpg.rf.5be16e007424099e05dbd5c3b05ff1a4.jpg,-VsRPS_BO2_2,train,train
-VsRPS_BO2_2_30_jpg.rf.4a703760144ca4fd3f01f395fa99ecc0.jpg,-VsRPS_BO2_2,train,train
-VsRPS_BO2_2_31_jpg.rf.0bad7349cbb6de26ce3832bfbb645e41.jpg,-VsRPS_BO2_2,valid,train
-VsRPS_BO2_2_32_jpg.rf.d1e8aabe14ec8ad1c705c634f113be41.jpg,-VsRPS_BO2_2,train,train
-VsRPS_BO2_2_33_jpg.rf.9f3db272288e72c41c21df9a5f10c255.jpg,-VsRPS_BO2_2,valid,train
-VsRPS_BO2_2_34_jpg.rf.8b13f0664fc0f461ce4aa5b593aaf140.jpg,-VsRPS_BO2_2,train,train
-VsRPS_BO2_2_35_jpg.rf.b12129de29524bad098fdfb04e739075.jpg,-VsRPS_BO2_2,train,train
-VsRPS_BO2_2_36_jpg.rf.4b4b57c3f4763ecf677c5c63c0262e8e.jpg,-VsRPS_BO2_2,test,train
-VsRPS_BO2_2_37_jpg.rf.8062a0f20d3296337bebcce47133f159.jpg,-VsRPS_BO2_2,train,train
-VsRPS_BO2_2_38_jpg.rf.0725c92ffbac3be73708718f5186a57d.jpg,-VsRPS_BO2_2,train,train
-VsRPS_BO2_2_39_jpg.rf.d0be722cb3bffdc6725069435cc8f409.jpg,-VsRPS_BO2_2,train,train
-VsRPS_BO2_2_3_jpg.rf.93592370beef9c77826938bc242fdd75.jpg,-VsRPS_BO2_2,test,train
-VsRPS_BO2_2_40_jpg.rf.a983a62a0a1c2116dfabef52b25166e7.jpg,-VsRPS_BO2_2,valid,train
-VsRPS_BO2_2_41_jpg.rf.61786935c7f5764938b3535284576a44.jpg,-VsRPS_BO2_2,valid,train
-VsRPS_BO2_2_42_jpg.rf.c312b0dea7e0f0af7dd9a43a2b3b139a.jpg,-VsRPS_BO2_2,valid,train
-VsRPS_BO2_2_43_jpg.rf.29201ab1152c91faba3e469837922b93.jpg,-VsRPS_BO2_2,train,train
-VsRPS_BO2_2_44_jpg.rf.c01aa16646fa82ec28211c758941db15.jpg,-VsRPS_BO2_2,train,train
-VsRPS_BO2_2_45_jpg.rf.60f98537140bc43114f2f79f8ef5e323.jpg,-VsRPS_BO2_2,train,train
-VsRPS_BO2_2_46_jpg.rf.93355574847d56539f7fbd618c21515a.jpg,-VsRPS_BO2_2,valid,train
-VsRPS_BO2_2_47_jpg.rf.9498ac9d6c3b65b6531e01aab6adb15c.jpg,-VsRPS_BO2_2,train,train
-VsRPS_BO2_2_48_jpg.rf.b4220883915e24493be0a3bfaa6b3d40.jpg,-VsRPS_BO2_2,train,train
-VsRPS_BO2_2_49_jpg.rf.5b795fcef1d6ad6070905c41d46c0b0e.jpg,-VsRPS_BO2_2,train,train
-VsRPS_BO2_2_4_jpg.rf.82d33e03ecbf37e13708f94428441656.jpg,-VsRPS_BO2_2,train,train
-VsRPS_BO2_2_50_jpg.rf.311e8afbbf3c1e83c3190e55f979eb74.jpg,-VsRPS_BO2_2,train,train
-VsRPS_BO2_2_51_jpg.rf.ac0f127c6517da408d799ab97ac46dc7.jpg,-VsRPS_BO2_2,valid,train
-VsRPS_BO2_2_52_jpg.rf.3ffdf53228f951205154344017caaee3.jpg,-VsRPS_BO2_2,train,train
-VsRPS_BO2_2_53_jpg.rf.b9455f98b397d40a99fe7afd9b42d843.jpg,-VsRPS_BO2_2,train,train
-VsRPS_BO2_2_54_jpg.rf.4fe9572d0ae7e7d42ee905011826a17f.jpg,-VsRPS_BO2_2,train,train
-VsRPS_BO2_2_55_jpg.rf.56359ce06c22e492a2309be07c63aee1.jpg,-VsRPS_BO2_2,train,train
-VsRPS_BO2_2_56_jpg.rf.e4f1aae897593d9e160b66d023c8b712.jpg,-VsRPS_BO2_2,train,train
-VsRPS_BO2_2_57_jpg.rf.98507b21b51870f4dfba06f58c5a22d7.jpg,-VsRPS_BO2_2,train,train
-VsRPS_BO2_2_58_jpg.rf.0139cd1a20dc2ef728b47f98143094f1.jpg,-VsRPS_BO2_2,test,train
-VsRPS_BO2_2_59_jpg.rf.a70b4a5e4f12dd7075989631cc4060d6.jpg,-VsRPS_BO2_2,train,train
-VsRPS_BO2_2_5_jpg.rf.9a80bde64727fc4a38ba3e94c57eb7ed.jpg,-VsRPS_BO2_2,train,train
-VsRPS_BO2_2_60_jpg.rf.f62355397174388049a2555f5e48e663.jpg,-VsRPS_BO2_2,train,train
-VsRPS_BO2_2_61_jpg.rf.b91c25c2a002fc6efc1305d2cde0b8c4.jpg,-VsRPS_BO2_2,valid,train
-VsRPS_BO2_2_62_jpg.rf.41381cbf54b8be9c97d161d6093e3f11.jpg,-VsRPS_BO2_2,train,train
-VsRPS_BO2_2_63_jpg.rf.748031fead8c154a0f09de7bcd7b8e32.jpg,-VsRPS_BO2_2,valid,train
-VsRPS_BO2_2_64_jpg.rf.a04189c379a81361e00a8f759191dde5.jpg,-VsRPS_BO2_2,train,train
-VsRPS_BO2_2_65_jpg.rf.1405eafeab5d50eadd836a0e8c44374b.jpg,-VsRPS_BO2_2,train,train
-VsRPS_BO2_2_66_jpg.rf.4fc0e5bbc323b91c33237d798363a46a.jpg,-VsRPS_BO2_2,test,train
-VsRPS_BO2_2_67_jpg.rf.9f68a0f70d9936c4ca9f9fb2e0dd278f.jpg,-VsRPS_BO2_2,train,train
-VsRPS_BO2_2_68_jpg.rf.2077499d4aa3b4d64ef6b2e25d8e85f2.jpg,-VsRPS_BO2_2,valid,train
-VsRPS_BO2_2_69_jpg.rf.e3c8ae155b9c327c02bc784039fd8bce.jpg,-VsRPS_BO2_2,train,train
-VsRPS_BO2_2_6_jpg.rf.8ea1ee71070cb135fcaff8fef3f34c40.jpg,-VsRPS_BO2_2,train,train
-VsRPS_BO2_2_70_jpg.rf.ac20aceaf33e5f852f09da97686733ab.jpg,-VsRPS_BO2_2,train,train
-VsRPS_BO2_2_71_jpg.rf.6af89c5d7c8702026d110057698092d8.jpg,-VsRPS_BO2_2,valid,train
-VsRPS_BO2_2_72_jpg.rf.43feca83020b9d9454cb79c6f8e3861a.jpg,-VsRPS_BO2_2,train,train
-VsRPS_BO2_2_73_jpg.rf.0a78a70379c5d569a35266f46e4f82f3.jpg,-VsRPS_BO2_2,train,train
-VsRPS_BO2_2_74_jpg.rf.181b03344b1c2dd72b968cd8476b0b06.jpg,-VsRPS_BO2_2,train,train
-VsRPS_BO2_2_75_jpg.rf.ffe127b6dc70f182cf4db631c1ee88f8.jpg,-VsRPS_BO2_2,train,train
-VsRPS_BO2_2_76_jpg.rf.30f67c8aaf10081bbaa69d59881cf5fb.jpg,-VsRPS_BO2_2,train,train
-VsRPS_BO2_2_77_jpg.rf.141d0989a33805972bbd1eee8706867c.jpg,-VsRPS_BO2_2,valid,train
-VsRPS_BO2_2_78_jpg.rf.b9341daac5776ee264962dc3e95db615.jpg,-VsRPS_BO2_2,train,train
-VsRPS_BO2_2_79_jpg.rf.d3544d0580cf740f07271dc2bf8fffb5.jpg,-VsRPS_BO2_2,train,train
-VsRPS_BO2_2_7_jpg.rf.ed3882bec439ee08de19cded979bfb6c.jpg,-VsRPS_BO2_2,train,train
-VsRPS_BO2_2_80_jpg.rf.cb526496b150129fff2f345d3498a2bd.jpg,-VsRPS_BO2_2,valid,train
-VsRPS_BO2_2_81_jpg.rf.2a08f70a0ba4032b7f6ee2677d42f434.jpg,-VsRPS_BO2_2,train,train
-VsRPS_BO2_2_82_jpg.rf.f0ead84acba9ba08eb646dee64e3e732.jpg,-VsRPS_BO2_2,train,train
-VsRPS_BO2_2_83_jpg.rf.41d71da95e9240550c4134212d94f9c2.jpg,-VsRPS_BO2_2,train,train
-VsRPS_BO2_2_84_jpg.rf.d4bed9246e72f2fe84b40d7b78e53f0d.jpg,-VsRPS_BO2_2,train,train
-VsRPS_BO2_2_85_jpg.rf.e6d191ee27d816eac3eefa15c9ec635c.jpg,-VsRPS_BO2_2,train,train
-VsRPS_BO2_2_86_jpg.rf.82504e8b96d479a5f46816cf21451fa6.jpg,-VsRPS_BO2_2,train,train
-VsRPS_BO2_2_87_jpg.rf.8dba4e62e0188038de73c58b61208844.jpg,-VsRPS_BO2_2,train,train
-VsRPS_BO2_2_88_jpg.rf.6c07712a8442c2283bb971a307cff7e4.jpg,-VsRPS_BO2_2,test,train
-VsRPS_BO2_2_89_jpg.rf.58d32cb33f78401b16d14bdeecad2e27.jpg,-VsRPS_BO2_2,train,train
-VsRPS_BO2_2_8_jpg.rf.41bf47b885ba18308040150e16e4f28e.jpg,-VsRPS_BO2_2,test,train
-VsRPS_BO2_2_90_jpg.rf.9217e3595b9f8f3d87f2e39586e055cb.jpg,-VsRPS_BO2_2,train,train
-VsRPS_BO2_2_91_jpg.rf.1222f3439271a5b715932e3fb5bcf593.jpg,-VsRPS_BO2_2,train,train
-VsRPS_BO2_2_92_jpg.rf.78e7304fd24b1b197034b38a3519a657.jpg,-VsRPS_BO2_2,train,train
-VsRPS_BO2_2_93_jpg.rf.4a7560b5adef96b70aa582d12deef38d.jpg,-VsRPS_BO2_2,train,train
-VsRPS_BO2_2_94_jpg.rf.9a2ef6ca5cac0e1f2e6bb7f29aebc0d1.jpg,-VsRPS_BO2_2,test,train
-VsRPS_BO2_2_95_jpg.rf.41348c3b892123247d0f8ded6add3848.jpg,-VsRPS_BO2_2,train,train
-VsRPS_BO2_2_96_jpg.rf.76e4a748572e19bcbb3bed6fb2a7e3a7.jpg,-VsRPS_BO2_2,valid,train
-VsRPS_BO2_2_97_jpg.rf.3b47a949ffb79e2cd4f2637452cdfb4a.jpg,-VsRPS_BO2_2,valid,train
-VsRPS_BO2_2_98_jpg.rf.114c9a2d36880f438803c491e8749f0a.jpg,-VsRPS_BO2_2,train,train
-VsRPS_BO2_2_99_jpg.rf.c2af877cb68bc98dde7a788e518cb3cb.jpg,-VsRPS_BO2_2,train,train
-VsRPS_BO2_2_9_jpg.rf.787ffd9dcf29dfa86a12f9a6166139e3.jpg,-VsRPS_BO2_2,train,train
AllianceVsArtisans_BO2_2_0_jpg.rf.ff72d6976ddbad09f1960c12f6ab9454.jpg,AllianceVsArtisans_BO2_2,valid,train
AllianceVsArtisans_BO2_2_100_jpg.rf.25a023df96e4aab3018e8fce3297f6b1.jpg,AllianceVsArtisans_BO2_2,train,train
AllianceVsArtisans_BO2_2_101_jpg.rf.fa6fbf7ae4f1035b1ebbad22726063f1.jpg,AllianceVsArtisans_BO2_2,valid,train
AllianceVsArtisans_BO2_2_102_jpg.rf.6d7ed9aa54e534f6e79079a4d1c7c584.jpg,AllianceVsArtisans_BO2_2,train,train
AllianceVsArtisans_BO2_2_103_jpg.rf.1c6f4f6c1f8388aca8f983fd43a4adfd.jpg,AllianceVsArtisans_BO2_2,train,train
AllianceVsArtisans_BO2_2_104_jpg.rf.f7d0e337682f539e0c586dca733195ba.jpg,AllianceVsArtisans_BO2_2,train,train
AllianceVsArtisans_BO2_2_105_jpg.rf.7f9043b102487c92a5f1728a8428ee8c.jpg,AllianceVsArtisans_BO2_2,train,train
AllianceVsArtisans_BO2_2_106_jpg.rf.04de133fdac763aef80aa1df37886424.jpg,AllianceVsArtisans_BO2_2,test,train
AllianceVsArtisans_BO2_2_107_jpg.rf.abf0e31964d4e0d5dcfffdec91f34428.jpg,AllianceVsArtisans_BO2_2,train,train
AllianceVsArtisans_BO2_2_108_jpg.rf.d07ff4de4308e47f7e022c90f47d5c7b.jpg,AllianceVsArtisans_BO2_2,test,train
AllianceVsArtisans_BO2_2_109_jpg.rf.2d325d701d222a1ebb94ced03e801a07.jpg,AllianceVsArtisans_BO2_2,valid,train
AllianceVsArtisans_BO2_2_10_jpg.rf.25b6e847bba1079867caafdd11e40234.jpg,AllianceVsArtisans_BO2_2,train,train
AllianceVsArtisans_BO2_2_110_jpg.rf.0a6a9174b251b510061baca862ed9488.jpg,AllianceVsArtisans_BO2_2,train,train
AllianceVsArtisans_BO2_2_111_jpg.rf.d1b711a268daf1d350896b841d608b34.jpg,AllianceVsArtisans_BO2_2,train,train
AllianceVsArtisans_BO2_2_112_jpg.rf.d00c358b9ffddc6e6ad71f38c3bb0506.jpg,AllianceVsArtisans_BO2_2,train,train
AllianceVsArtisans_BO2_2_113_jpg.rf.af9b62940e3cc54e22743cdb608a7f70.jpg,AllianceVsArtisans_BO2_2,train,train
AllianceVsArtisans_BO2_2_114_jpg.rf.b308e3d7664d3f6df3e4df20e4c74a78.jpg,AllianceVsArtisans_BO2_2,train,train
AllianceVsArtisans_BO2_2_115_jpg.rf.2c1a30bf17b66c7dece732d5e4fb9c65.jpg,AllianceVsArtisans_BO2_2,valid,train
AllianceVsArtisans_BO2_2_116_jpg.rf.42fef3084774b5f482ba92c46831964a.jpg,AllianceVsArtisans_BO2_2,valid,train
AllianceVsArtisans_BO2_2_117_jpg.rf.4522e2a99b3c54c51b36c541798da0a4.jpg,AllianceVsArtisans_BO2_2,test,train
AllianceVsArtisans_BO2_2_118_jpg.rf.f834befa7ab3b191e84bf4c2fd9f50d0.jpg,AllianceVsArtisans_BO2_2,valid,train
AllianceVsArtisans_BO2_2_119_jpg.rf.de12bcb7709b7893f8a3f3b99f19528a.jpg,AllianceVsArtisans_BO2_2,train,train
AllianceVsArtisans_BO2_2_11_jpg.rf.a25dd7a655e5490884e79eae97f96a41.jpg,AllianceVsArtisans_BO2_2,train,train
AllianceVsArtisans_BO2_2_120_jpg.rf.e54855abe3b38d9d067119f385467d88.jpg,AllianceVsArtisans_BO2_2,valid,train
AllianceVsArtisans_BO2_2_121_jpg.rf.73629b024c77b79bd16baba7d26905da.jpg,AllianceVsArtisans_BO2_2,train,train
AllianceVsArtisans_BO2_2_122_jpg.rf.dd88925a2b63d992c319aace0f7b35d0.jpg,AllianceVsArtisans_BO2_2,valid,train
AllianceVsArtisans_BO2_2_123_jpg.rf.47ce710b480cc8cbc61383562db43eb5.jpg,AllianceVsArtisans_BO2_2,train,train
AllianceVsArtisans_BO2_2_124_jpg.rf.e37062225a3ce0ba7ef5862932905012.jpg,AllianceVsArtisans_BO2_2,train,train
AllianceVsArtisans_BO2_2_125_jpg.rf.1c0712586eca24bb887f4b9f83c691df.jpg,AllianceVsArtisans_BO2_2,train,train
AllianceVsArtisans_BO2_2_126_jpg.rf.d710ede1733b8f3a3973d0c406151b1a.jpg,AllianceVsArtisans_BO2_2,train,train
AllianceVsArtisans_BO2_2_127_jpg.rf.a358e1727f33f5270fa9da6464d79119.jpg,AllianceVsArtisans_BO2_2,valid,train
AllianceVsArtisans_BO2_2_128_jpg.rf.dbf1c9c15aa6a3795a33958726fb356f.jpg,AllianceVsArtisans_BO2_2,train,train
AllianceVsArtisans_BO2_2_129_jpg.rf.cad4715341aceddc45c82fde2a1ce0e9.jpg,AllianceVsArtisans_BO2_2,train,train
AllianceVsArtisans_BO2_2_12_jpg.rf.d635b4a842c85867675d5da1b75cafc3.jpg,AllianceVsArtisans_BO2_2,train,train
AllianceVsArtisans_BO2_2_130_jpg.rf.c124cf871b499b036aab9a312d9a7913.jpg,AllianceVsArtisans_BO2_2,train,train
AllianceVsArtisans_BO2_2_131_jpg.rf.abc118c5b47a6ce663c12f92f272897b.jpg,AllianceVsArtisans_BO2_2,train,train
AllianceVsArtisans_BO2_2_132_jpg.rf.3c97c551877f2e41758e4043e6d543fc.jpg,AllianceVsArtisans_BO2_2,train,train
AllianceVsArtisans_BO2_2_133_jpg.rf.23cd727e675536c711d3effea3e21a57.jpg,AllianceVsArtisans_BO2_2,valid,train
AllianceVsArtisans_BO2_2_134_jpg.rf.6b67304161b478f5f10e9e9eefec484b.jpg,AllianceVsArtisans_BO2_2,valid,train
AllianceVsArtisans_BO2_2_135_jpg.rf.2b108025e974b037c427857224b8f407.jpg,AllianceVsArtisans_BO2_2,train,train
AllianceVsArtisans_BO2_2_136_jpg.rf.debd68cdba679dee1ea16727e0ec8da7.jpg,AllianceVsArtisans_BO2_2,train,train
AllianceVsArtisans_BO2_2_137_jpg.rf.15db27edf329d3c4dd6778b9678bae5a.jpg,AllianceVsArtisans_BO2_2,train,train
AllianceVsArtisans_BO2_2_138_jpg.rf.a682845263a59ab3ea9b59f1684d3d1a.jpg,AllianceVsArtisans_BO2_2,train,train
AllianceVsArtisans_BO2_2_139_jpg.rf.37468ef9bffe78247a3a4846997e79d5.jpg,AllianceVsArtisans_BO2_2,train,train
AllianceVsArtisans_BO2_2_13_jpg.rf.f7ca73cd385636018590b3c26f7a4d28.jpg,AllianceVsArtisans_BO2_2,test,train
AllianceVsArtisans_BO2_2_140_jpg.rf.2a902fd76af4d31de1dfdddadfed553b.jpg,AllianceVsArtisans_BO2_2,train,train
AllianceVsArtisans_BO2_2_141_jpg.rf.f13278c3ea8dad66b6053035cf6d7163.jpg,AllianceVsArtisans_BO2_2,valid,train
AllianceVsArtisans_BO2_2_142_jpg.rf.f8b809c801cb046716ec72ef0b2a0cf3.jpg,AllianceVsArtisans_BO2_2,valid,train
AllianceVsArtisans_BO2_2_143_jpg.rf.86527c1382265886666dbe8208393fc9.jpg,AllianceVsArtisans_BO2_2,train,train
AllianceVsArtisans_BO2_2_144_jpg.rf.b594220b0f70fe409a0bf1df2558033a.jpg,AllianceVsArtisans_BO2_2,train,train
AllianceVsArtisans_BO2_2_145_jpg.rf.9cb5fea1b8c53f83fb626d2ddca1889a.jpg,AllianceVsArtisans_BO2_2,train,train
AllianceVsArtisans_BO2_2_146_jpg.rf.826a4ca7c27f102ce0f2b54dfcc81c27.jpg,AllianceVsArtisans_BO2_2,train,train
AllianceVsArtisans_BO2_2_147_jpg.rf.ef8aacd39b1e751796612eb0a4ac4be4.jpg,AllianceVsArtisans_BO2_2,valid,train
AllianceVsArtisans_BO2_2_148_jpg.rf.004a1b324102eb7d8ababc08af337f32.jpg,AllianceVsArtisans_BO2_2,train,train
AllianceVsArtisans_BO2_2_149_jpg.rf.e20ad660afb62367686c2f72ea1f831a.jpg,AllianceVsArtisans_BO2_2,train,train
AllianceVsArtisans_BO2_2_14_jpg.rf.2fc0cb034188d76ba56068cb786c4822.jpg,AllianceVsArtisans_BO2_2,valid,train
AllianceVsArtisans_BO2_2_150_jpg.rf.c1405d33eb5ffc9bff32b6fef8010b3e.jpg,AllianceVsArtisans_BO2_2,train,train
AllianceVsArtisans_BO2_2_151_jpg.rf.40c4ee711261dfd18760d4494048fb70.jpg,AllianceVsArtisans_BO2_2,train,train
AllianceVsArtisans_BO2_2_152_jpg.rf.a83b2f80a1958b205d1a91ba70bec1a0.jpg,AllianceVsArtisans_BO2_2,test,train
AllianceVsArtisans_BO2_2_153_jpg.rf.9ed7960502242e447890698e9dcdd32d.jpg,AllianceVsArtisans_BO2_2,valid,train
AllianceVsArtisans_BO2_2_154_jpg.rf.2d1356239a3b23686d295212f10b69b1.jpg,AllianceVsArtisans_BO2_2,train,train
AllianceVsArtisans_BO2_2_155_jpg.rf.95301ab222f39eb676ce8cfdaf5f5e04.jpg,AllianceVsArtisans_BO2_2,train,train
AllianceVsArtisans_BO2_2_156_jpg.rf.e147119eb97c329db9a706cf44fa8fc6.jpg,AllianceVsArtisans_BO2_2,train,train
AllianceVsArtisans_BO2_2_157_jpg.rf.46cf887fd900fa316edfda1b0bbb4384.jpg,AllianceVsArtisans_BO2_2,train,train
AllianceVsArtisans_BO2_2_158_jpg.rf.1d6c75e120473b691c8bf5d57ea547b0.jpg,AllianceVsArtisans_BO2_2,train,train
AllianceVsArtisans_BO2_2_159_jpg.rf.1f493390a0f30acb22293fe6d5457130.jpg,AllianceVsArtisans_BO2_2,train,train
AllianceVsArtisans_BO2_2_15_jpg.rf.81d14570a3b1ce81ccf374afead54254.jpg,AllianceVsArtisans_BO2_2,valid,train
AllianceVsArtisans_BO2_2_160_jpg.rf.c583aae065e9dc3069215b9c024a21bd.jpg,AllianceVsArtisans_BO2_2,test,train
AllianceVsArtisans_BO2_2_161_jpg.rf.1b03d7f34e03234449dbe38b678795bb.jpg,AllianceVsArtisans_BO2_2,valid,train
AllianceVsArtisans_BO2_2_162_jpg.rf.2d126349654f785e6f2365a491cb53f1.jpg,AllianceVsArtisans_BO2_2,train,train
AllianceVsArtisans_BO2_2_163_jpg.rf.b37a78a635b45a247bb4e9760276879a.jpg,AllianceVsArtisans_BO2_2,train,train
AllianceVsArtisans_BO2_2_164_jpg.rf.9b0034bf6610e5f8ba29e3672188dc2d.jpg,AllianceVsArtisans_BO2_2,train,train
AllianceVsArtisans_BO2_2_165_jpg.rf.aad075ff859b67496de8956baacb697c.jpg,AllianceVsArtisans_BO2_2,test,train
AllianceVsArtisans_BO2_2_166_jpg.rf.1daa39ae9f49a0c5f3d98c433154a02c.jpg,AllianceVsArtisans_BO2_2,train,train
AllianceVsArtisans_BO2_2_167_jpg.rf.6941840e4ec20704e29ce6336640c87f.jpg,AllianceVsArtisans_BO2_2,train,train
AllianceVsArtisans_BO2_2_168_jpg.rf.942f1994133ff79759883b0cbdd5d820.jpg,AllianceVsArtisans_BO2_2,train,train
AllianceVsArtisans_BO2_2_169_jpg.rf.65c40b1148a3c0be13138631b4c8c5cd.jpg,AllianceVsArtisans_BO2_2,train,train
AllianceVsArtisans_BO2_2_16_jpg.rf.3b304511b727b7a40bacfba6394fec4b.jpg,AllianceVsArtisans_BO2_2,train,train
AllianceVsArtisans_BO2_2_170_jpg.rf.be1060a3aa7230f8a8d9ed1538081a2d.jpg,AllianceVsArtisans_BO2_2,train,train
AllianceVsArtisans_BO2_2_171_jpg.rf.f3fe9e0f210f746793baf5acfea06b79.jpg,AllianceVsArtisans_BO2_2,train,train
AllianceVsArtisans_BO2_2_172_jpg.rf.89dfe1522a1cf4e3b4750096d83c6b36.jpg,AllianceVsArtisans_BO2_2,train,train
AllianceVsArtisans_BO2_2_173_jpg.rf.abb552d7c92db1d5a2339ab40eb5697b.jpg,AllianceVsArtisans_BO2_2,valid,train
AllianceVsArtisans_BO2_2_174_jpg.rf.c3406c02bbb62ec7b952fd533e4ef8ee.jpg,AllianceVsArtisans_BO2_2,train,train
AllianceVsArtisans_BO2_2_175_jpg.rf.1155da537165120da87cfd1efb8eb15e.jpg,AllianceVsArtisans_BO2_2,test,train
AllianceVsArtisans_BO2_2_176_jpg.rf.a052f22adc87e5bdada18c12607b1312.jpg,AllianceVsArtisans_BO2_2,train,train
AllianceVsArtisans_BO2_2_177_jpg.rf.173034fcc4fe6e4c0eeb251e46465094.jpg,AllianceVsArtisans_BO2_2,train,train
AllianceVsArtisans_BO2_2_178_jpg.rf.6efd11b88f27b5e683da121e63b0f15a.jpg,AllianceVsArtisans_BO2_2,train,train
AllianceVsArtisans_BO2_2_179_jpg.rf.02f07f9e8a8318b087ffed2816740a92.jpg,AllianceVsArtisans_BO2_2,valid,train
AllianceVsArtisans_BO2_2_17_jpg.rf.8280d0fd99ccfeb47f0e260b36da2ae7.jpg,AllianceVsArtisans_BO2_2,train,train
AllianceVsArtisans_BO2_2_180_jpg.rf.018e3de085d1995daeb89ec3a82fc75f.jpg,AllianceVsArtisans_BO2_2,train,train
AllianceVsArtisans_BO2_2_181_jpg.rf.9f9c20e2ec5232dbdf9ee133343380cc.jpg,AllianceVsArtisans_BO2_2,valid,train
AllianceVsArtisans_BO2_2_182_jpg.rf.906ce0072953461f8c03ba21dd07f207.jpg,AllianceVsArtisans_BO2_2,train,train
AllianceVsArtisans_BO2_2_183_jpg.rf.1c9abdd714eb71a5727100edc7932c2b.jpg,AllianceVsArtisans_BO2_2,valid,train
AllianceVsArtisans_BO2_2_184_jpg.rf.a65f2895747baff263f3afd2b874f685.jpg,AllianceVsArtisans_BO2_2,train,train
AllianceVsArtisans_BO2_2_185_jpg.rf.ada6ffa92cee747b68ff5c2813668886.jpg,AllianceVsArtisans_BO2_2,train,train
AllianceVsArtisans_BO2_2_186_jpg.rf.eca1fdb6a22aa2cfe6263244fbb9c315.jpg,AllianceVsArtisans_BO2_2,train,train
AllianceVsArtisans_BO2_2_187_jpg.rf.7a1c7295aadf86acb880045f0db7a7cd.jpg,AllianceVsArtisans_BO2_2,valid,train
AllianceVsArtisans_BO2_2_188_jpg.rf.85d2df5d4ed1fe7abf940a772066b4a8.jpg,AllianceVsArtisans_BO2_2,train,train
AllianceVsArtisans_BO2_2_189_jpg.rf.c40f9326fc917d5d268051fdd712f388.jpg,AllianceVsArtisans_BO2_2,train,train
AllianceVsArtisans_BO2_2_18_jpg.rf.cc7576cef610b8ab40665c9ca0b382ee.jpg,AllianceVsArtisans_BO2_2,train,train
AllianceVsArtisans_BO2_2_190_jpg.rf.63efb94229a17d6b01024a4aa3bb8c2b.jpg,AllianceVsArtisans_BO2_2,test,train
AllianceVsArtisans_BO2_2_191_jpg.rf.04ae22d80660742e79e65b1b765bfd12.jpg,AllianceVsArtisans_BO2_2,train,train
AllianceVsArtisans_BO2_2_192_jpg.rf.05a96b8f0db996782c2b40c2080fab45.jpg,AllianceVsArtisans_BO2_2,train,train
AllianceVsArtisans_BO2_2_193_jpg.rf.bbdebfe7b0ba76d9606108c2d29dc3fd.jpg,AllianceVsArtisans_BO2_2,train,train
AllianceVsArtisans_BO2_2_194_jpg.rf.bd42ddea94accb3adb0f3b6abd5f4503.jpg,AllianceVsArtisans_BO2_2,train,train
AllianceVsArtisans_BO2_2_195_jpg.rf.42afc2e10405efc66df81a865315745d.jpg,AllianceVsArtisans_BO2_2,train,train
AllianceVsArtisans_BO2_2_196_jpg.rf.b80388b72bbb16df2fad6cca9631d389.jpg,AllianceVsArtisans_BO2_2,valid,train
AllianceVsArtisans_BO2_2_197_jpg.rf.ed4fa60bba455c5608753ab60553f3e9.jpg,AllianceVsArtisans_BO2_2,valid,train
AllianceVsArtisans_BO2_2_198_jpg.rf.14514e284ffc9728b0cbd3f784ef3e8e.jpg,AllianceVsArtisans_BO2_2,train,train
AllianceVsArtisans_BO2_2_199_jpg.rf.2162ac326712573e4408bfdd4b600705.jpg,AllianceVsArtisans_BO2_2,valid,train
AllianceVsArtisans_BO2_2_19_jpg.rf.0952447c349be216334e5114eefbb751.jpg,AllianceVsArtisans_BO2_2,valid,train
AllianceVsArtisans_BO2_2_1_jpg.rf.c4ba58b33c0cda9631580e5d4b4a6399.jpg,AllianceVsArtisans_BO2_2,train,train
AllianceVsArtisans_BO2_2_200_jpg.rf.5261f151f62c7f9c2c58e682a4e10b24.jpg,AllianceVsArtisans_BO2_2,valid,train
AllianceVsArtisans_BO2_2_201_jpg.rf.683e8e92cd005c96c693d6ea216ae212.jpg,AllianceVsArtisans_BO2_2,train,train
AllianceVsArtisans_BO2_2_202_jpg.rf.79cd06ee657d62609ff2ff5f65798344.jpg,AllianceVsArtisans_BO2_2,train,train
AllianceVsArtisans_BO2_2_203_jpg.rf.991ef9c10111ff5487408d3892784c21.jpg,AllianceVsArtisans_BO2_2,train,train
AllianceVsArtisans_BO2_2_204_jpg.rf.45d1d31f818f5248e70911df6a2a9931.jpg,AllianceVsArtisans_BO2_2,train,train
AllianceVsArtisans_BO2_2_205_jpg.rf.6d981d280091bc81a8aaff30ad59f514.jpg,AllianceVsArtisans_BO2_2,train,train
AllianceVsArtisans_BO2_2_206_jpg.rf.61010932c43983c39811ee8bd206564d.jpg,AllianceVsArtisans_BO2_2,train,train
AllianceVsArtisans_BO2_2_207_jpg.rf.26723b9f85c29befcb258dcc2d6251a4.jpg,AllianceVsArtisans_BO2_2,train,train
AllianceVsArtisans_BO2_2_208_jpg.rf.c92dd4fea341b5bd2b3beb297a1c5bab.jpg,AllianceVsArtisans_BO2_2,train,train
AllianceVsArtisans_BO2_2_209_jpg.rf.e575903920e64e6f1235d15fff72fd53.jpg,AllianceVsArtisans_BO2_2,train,train
AllianceVsArtisans_BO2_2_20_jpg.rf.69ba87f7e6016cd03385bfacc4605f5e.jpg,AllianceVsArtisans_BO2_2,valid,train
AllianceVsArtisans_BO2_2_210_jpg.rf.0446dfaad891e914f6ffc0c42db56e2f.jpg,AllianceVsArtisans_BO2_2,train,train
AllianceVsArtisans_BO2_2_211_jpg.rf.26d20bcb76e3242c5320fc696f679f27.jpg,AllianceVsArtisans_BO2_2,train,train
AllianceVsArtisans_BO2_2_212_jpg.rf.9b21f9c84723093064d608f6d27720d1.jpg,AllianceVsArtisans_BO2_2,test,train
AllianceVsArtisans_BO2_2_213_jpg.rf.734a4f1c877477900f7f0fc35704b39a.jpg,AllianceVsArtisans_BO2_2,test,train
AllianceVsArtisans_BO2_2_214_jpg.rf.92c9743da208c6a5e3b1c007cbf4d0f9.jpg,AllianceVsArtisans_BO2_2,valid,train
AllianceVsArtisans_BO2_2_215_jpg.rf.88f58fcee56c490ae677885d99ee57ac.jpg,AllianceVsArtisans_BO2_2,train,train
AllianceVsArtisans_BO2_2_216_jpg.rf.ad1f2c8c121f00c6c787fae0ab429019.jpg,AllianceVsArtisans_BO2_2,train,train
AllianceVsArtisans_BO2_2_217_jpg.rf.b167d9ebcf4cdd34c1f6d2be9c1ed53e.jpg,AllianceVsArtisans_BO2_2,train,train
AllianceVsArtisans_BO2_2_219_jpg.rf.96ec1b6a977ee7eb2d2140f37d6162e2.jpg,AllianceVsArtisans_BO2_2,train,train
AllianceVsArtisans_BO2_2_21_jpg.rf.baeb21574d620a44b26b124af91ee176.jpg,AllianceVsArtisans_BO2_2,train,train
AllianceVsArtisans_BO2_2_220_jpg.rf.b2fea41e42df419877f2a53bd1f04fca.jpg,AllianceVsArtisans_BO2_2,test,train
AllianceVsArtisans_BO2_2_221_jpg.rf.a852b18434cc1054f17a731ac0819844.jpg,AllianceVsArtisans_BO2_2,valid,train
AllianceVsArtisans_BO2_2_222_jpg.rf.d34934ca52117f4fe02ba79123f279f8.jpg,AllianceVsArtisans_BO2_2,test,train
AllianceVsArtisans_BO2_2_223_jpg.rf.6ad43db8594e047c97c6841a17527b46.jpg,AllianceVsArtisans_BO2_2,train,train
AllianceVsArtisans_BO2_2_224_jpg.rf.5e89a166e2f7960c353027e66d703c55.jpg,AllianceVsArtisans_BO2_2,train,train
AllianceVsArtisans_BO2_2_225_jpg.rf.9e8ee21fe9c9b900353d3ee6cc471ea2.jpg,AllianceVsArtisans_BO2_2,train,train
AllianceVsArtisans_BO2_2_226_jpg.rf.97e74fa7f2412d4de05fbe617cd0dbff.jpg,AllianceVsArtisans_BO2_2,train,train
AllianceVsArtisans_BO2_2_227_jpg.rf.d1d63e212ad1280d7f9e66b2f5ec00ba.jpg,AllianceVsArtisans_BO2_2,train,train
AllianceVsArtisans_BO2_2_228_jpg.rf.f01db3f57f6ec10ecb675e124a45cb91.jpg,AllianceVsArtisans_BO2_2,train,train
AllianceVsArtisans_BO2_2_229_jpg.rf.b6ea864f5063fce319a1a2696236c477.jpg,AllianceVsArtisans_BO2_2,train,train
AllianceVsArtisans_BO2_2_22_jpg.rf.a945e86ac82fdcf59e7d68e950800808.jpg,AllianceVsArtisans_BO2_2,valid,train
AllianceVsArtisans_BO2_2_230_jpg.rf.4f74c3e0df0c182f6ba95d07271e4159.jpg,AllianceVsArtisans_BO2_2,train,train
AllianceVsArtisans_BO2_2_231_jpg.rf.a35315dd3464c1ad6e11144cb5afba99.jpg,AllianceVsArtisans_BO2_2,valid,train
AllianceVsArtisans_BO2_2_232_jpg.rf.200957c0525623b444b57a3a33b6b63c.jpg,AllianceVsArtisans_BO2_2,train,train
AllianceVsArtisans_BO2_2_233_jpg.rf.971a439475533bb3283284313d7c728c.jpg,AllianceVsArtisans_BO2_2,train,train
AllianceVsArtisans_BO2_2_234_jpg.rf.6abd57998c8b52ecbc76e8e84875c724.jpg,AllianceVsArtisans_BO2_2,train,train
AllianceVsArtisans_BO2_2_235_jpg.rf.45d5c35ab199c7f8cb2599ab8926209d.jpg,AllianceVsArtisans_BO2_2,train,train
AllianceVsArtisans_BO2_2_236_jpg.rf.82d509b6b3d4bef5252e098b1f8df10e.jpg,AllianceVsArtisans_BO2_2,train,train
AllianceVsArtisans_BO2_2_237_jpg.rf.fcc711cf2f752dcebd0f3ece85deb2b4.jpg,AllianceVsArtisans_BO2_2,train,train
AllianceVsArtisans_BO2_2_238_jpg.rf.b3852201e78202e2bb476c12dd4d1746.jpg,AllianceVsArtisans_BO2_2,train,train
AllianceVsArtisans_BO2_2_239_jpg.rf.e0a16684e28b0bcb71c283adb8df7226.jpg,AllianceVsArtisans_BO2_2,train,train
AllianceVsArtisans_BO2_2_23_jpg.rf.be5076d054958512b19b552abd18d257.jpg,AllianceVsArtisans_BO2_2,train,train
AllianceVsArtisans_BO2_2_240_jpg.rf.ee8b813ac93986642721cf749d66ea3d.jpg,AllianceVsArtisans_BO2_2,valid,train
AllianceVsArtisans_BO2_2_241_jpg.rf.c8a3dedc607cc1ac8590e2a98bc0275f.jpg,AllianceVsArtisans_BO2_2,train,train
AllianceVsArtisans_BO2_2_242_jpg.rf.47d0a39d59bd3e2e516ec7b2e557479d.jpg,AllianceVsArtisans_BO2_2,valid,train
AllianceVsArtisans_BO2_2_243_jpg.rf.122e4c9a13f8d0908f7053178842153b.jpg,AllianceVsArtisans_BO2_2,train,train
AllianceVsArtisans_BO2_2_244_jpg.rf.53b8cd2fff7547c9ed6daedafc6068b8.jpg,AllianceVsArtisans_BO2_2,valid,train
AllianceVsArtisans_BO2_2_245_jpg.rf.ca7290fce5e724754975701240bc4c5a.jpg,AllianceVsArtisans_BO2_2,train,train
AllianceVsArtisans_BO2_2_246_jpg.rf.3e37f204336cd5ee6240986235fe1910.jpg,AllianceVsArtisans_BO2_2,train,train
AllianceVsArtisans_BO2_2_247_jpg.rf.8f00c1e0d5be1c7772d822bcd83c58a7.jpg,AllianceVsArtisans_BO2_2,valid,train
AllianceVsArtisans_BO2_2_248_jpg.rf.03b2dc9e94c500e7b0dc90f1ee72621e.jpg,AllianceVsArtisans_BO2_2,test,train
AllianceVsArtisans_BO2_2_249_jpg.rf.0078d24da31e47972885fe4f460f83f5.jpg,AllianceVsArtisans_BO2_2,train,train
AllianceVsArtisans_BO2_2_24_jpg.rf.75e63f6cdad98ff5ef131d07950e6558.jpg,AllianceVsArtisans_BO2_2,train,train
AllianceVsArtisans_BO2_2_250_jpg.rf.688a8da7e419fe5fc7b8f6b79b59aad1.jpg,AllianceVsArtisans_BO2_2,train,train
AllianceVsArtisans_BO2_2_251_jpg.rf.e41ad97b8289a024a754a748cb29e0ba.jpg,AllianceVsArtisans_BO2_2,train,train
AllianceVsArtisans_BO2_2_252_jpg.rf.07d3afda8e9f4bd5d634089dd914cb3c.jpg,AllianceVsArtisans_BO2_2,train,train
AllianceVsArtisans_BO2_2_253_jpg.rf.9ac2753ccd68ef5538b6a25b05defbfc.jpg,AllianceVsArtisans_BO2_2,train,train
AllianceVsArtisans_BO2_2_254_jpg.rf.8aab19b4e1683f54a427fb5d16fe0975.jpg,AllianceVsArtisans_BO2_2,valid,train
AllianceVsArtisans_BO2_2_255_jpg.rf.94fae6f5160e2485667d0a5ffe8b99f2.jpg,AllianceVsArtisans_BO2_2,train,train
AllianceVsArtisans_BO2_2_256_jpg.rf.19fae1e45e23ba4e1f28a3cddbf69656.jpg,AllianceVsArtisans_BO2_2,train,train
AllianceVsArtisans_BO2_2_257_jpg.rf.f32bddf65288685c32654cee19bb2ef3.jpg,AllianceVsArtisans_BO2_2,train,train
AllianceVsArtisans_BO2_2_258_jpg.rf.8ed051fc98b833b5b779967dd3eebdfc.jpg,AllianceVsArtisans_BO2_2,train,train
AllianceVsArtisans_BO2_2_259_jpg.rf.c7e4aca2f71b0fc40e9826dce8b567c3.jpg,AllianceVsArtisans_BO2_2,train,train
AllianceVsArtisans_BO2_2_25_jpg.rf.ed4cef50cfda2918b5f027226f9540a4.jpg,AllianceVsArtisans_BO2_2,train,train
AllianceVsArtisans_BO2_2_260_jpg.rf.eaf28e6a2a71680bfb5c174e57540995.jpg,AllianceVsArtisans_BO2_2,train,train
AllianceVsArtisans_BO2_2_261_jpg.rf.4310fef07bf29bb47f548027b61e6758.jpg,AllianceVsArtisans_BO2_2,train,train
AllianceVsArtisans_BO2_2_262_jpg.rf.9807548157ed75bdc905686f75ef50ff.jpg,AllianceVsArtisans_BO2_2,valid,train
AllianceVsArtisans_BO2_2_263_jpg.rf.7bb88d3dc73d1e395c95d7d93a37ff5d.jpg,AllianceVsArtisans_BO2_2,train,train
AllianceVsArtisans_BO2_2_264_jpg.rf.c5112602ecd60dfb53c0c1efaaac7da2.jpg,AllianceVsArtisans_BO2_2,train,train
AllianceVsArtisans_BO2_2_265_jpg.rf.bc53f785729505d7110efbc20407e274.jpg,AllianceVsArtisans_BO2_2,train,train
AllianceVsArtisans_BO2_2_266_jpg.rf.34e969e6f3c7b67eb815121b9593ce40.jpg,AllianceVsArtisans_BO2_2,train,train
AllianceVsArtisans_BO2_2_267_jpg.rf.7f0f59985a09f71b424047918a4a309e.jpg,AllianceVsArtisans_BO2_2,train,train
AllianceVsArtisans_BO2_2_268_jpg.rf.3ff28a11f63a8cfcfcdcfc8f8b1e3ac8.jpg,AllianceVsArtisans_BO2_2,train,train
AllianceVsArtisans_BO2_2_269_jpg.rf.e8205b339b3a78219e2b818dabc2a29a.jpg,AllianceVsArtisans_BO2_2,train,train
AllianceVsArtisans_BO2_2_26_jpg.rf.2f136fb8bd6c0bf444c2209a9ca3ce37.jpg,AllianceVsArtisans_BO2_2,train,train
AllianceVsArtisans_BO2_2_270_jpg.rf.3c617470ce40ff6c8c49f8ca3f044aa6.jpg,AllianceVsArtisans_BO2_2,test,train
AllianceVsArtisans_BO2_2_271_jpg.rf.9cfe91db41606520677d96aabcec5df6.jpg,AllianceVsArtisans_BO2_2,train,train
AllianceVsArtisans_BO2_2_272_jpg.rf.1a645368b78ddc5ecd31177fee7e915c.jpg,AllianceVsArtisans_BO2_2,valid,train
AllianceVsArtisans_BO2_2_273_jpg.rf.4952806eca93a1ffdf33db46b384911c.jpg,AllianceVsArtisans_BO2_2,train,train
AllianceVsArtisans_BO2_2_274_jpg.rf.f79964c635e8e149ef2e6dc3a63dc535.jpg,AllianceVsArtisans_BO2_2,valid,train
AllianceVsArtisans_BO2_2_275_jpg.rf.3b68780819dc4008e44fa4081aa262b5.jpg,AllianceVsArtisans_BO2_2,train,train
AllianceVsArtisans_BO2_2_276_jpg.rf.97648ceff5f42da8748b9fa465ab1e02.jpg,AllianceVsArtisans_BO2_2,valid,train
AllianceVsArtisans_BO2_2_277_jpg.rf.1569a62cb7e1d8331a650fe014fbcce5.jpg,AllianceVsArtisans_BO2_2,train,train
AllianceVsArtisans_BO2_2_278_jpg.rf.6d90f3911f826523c2220eb3b728c913.jpg,AllianceVsArtisans_BO2_2,test,train
AllianceVsArtisans_BO2_2_279_jpg.rf.d0c78064f7163039598259e33ef2876d.jpg,AllianceVsArtisans_BO2_2,valid,train
AllianceVsArtisans_BO2_2_27_jpg.rf.2ca777477603ef5dca9736f59e9b3c36.jpg,AllianceVsArtisans_BO2_2,test,train
AllianceVsArtisans_BO2_2_280_jpg.rf.ea9398cab9af04d7bb51354939289292.jpg,AllianceVsArtisans_BO2_2,train,train
AllianceVsArtisans_BO2_2_281_jpg.rf.8778b8dd075f283c3458195e2fce6bf9.jpg,AllianceVsArtisans_BO2_2,test,train
AllianceVsArtisans_BO2_2_282_jpg.rf.eac89c82277ad76b3ecbd589d0585194.jpg,AllianceVsArtisans_BO2_2,train,train
AllianceVsArtisans_BO2_2_283_jpg.rf.94d0b29ae6b342371d6d3120312dc2a5.jpg,AllianceVsArtisans_BO2_2,valid,train
AllianceVsArtisans_BO2_2_284_jpg.rf.346aeab82c02e0e17d6482428fab9d03.jpg,AllianceVsArtisans_BO2_2,test,train
AllianceVsArtisans_BO2_2_285_jpg.rf.e604477a2cd89f3d892afb095cccddd6.jpg,AllianceVsArtisans_BO2_2,train,train
AllianceVsArtisans_BO2_2_286_jpg.rf.08e31e02581081e5538a173637b39400.jpg,AllianceVsArtisans_BO2_2,train,train
AllianceVsArtisans_BO2_2_287_jpg.rf.48bf020310f2f5a082ec20d407ecd0b8.jpg,AllianceVsArtisans_BO2_2,train,train
AllianceVsArtisans_BO2_2_288_jpg.rf.2569445a42c697e766a6b7255c153916.jpg,AllianceVsArtisans_BO2_2,train,train
AllianceVsArtisans_BO2_2_289_jpg.rf.9f6f10bc3c89f2600f8dd8790f225c8c.jpg,AllianceVsArtisans_BO2_2,train,train
AllianceVsArtisans_BO2_2_28_jpg.rf.1dcba5f48af8e5c9cb71fb46318540bc.jpg,AllianceVsArtisans_BO2_2,train,train
AllianceVsArtisans_BO2_2_290_jpg.rf.a42c8c51e049f385491331da189164da.jpg,AllianceVsArtisans_BO2_2,test,train
AllianceVsArtisans_BO2_2_291_jpg.rf.52b7ba280da1d5f5bd5188bb22850ef8.jpg,AllianceVsArtisans_BO2_2,train,train
AllianceVsArtisans_BO2_2_292_jpg.rf.e0b89d96d9fbf225d95ac55a3dd218d8.jpg,AllianceVsArtisans_BO2_2,train,train
AllianceVsArtisans_BO2_2_293_jpg.rf.20c9e68f56fd56751ebdcdc9a49e3321.jpg,AllianceVsArtisans_BO2_2,train,train
AllianceVsArtisans_BO2_2_294_jpg.rf.5777ce4c5a5ab43446a62f48909e4997.jpg,AllianceVsArtisans_BO2_2,train,train
AllianceVsArtisans_BO2_2_295_jpg.rf.1205be099232d738b2b34b5577be10c4.jpg,AllianceVsArtisans_BO2_2,train,train
AllianceVsArtisans_BO2_2_296_jpg.rf.46c397c1e2836ac8166fc6fb024a5a0e.jpg,AllianceVsArtisans_BO2_2,train,train
AllianceVsArtisans_BO2_2_297_jpg.rf.6be8be43e3cfc2b3bdc6d74fd4f300ca.jpg,AllianceVsArtisans_BO2_2,train,train
AllianceVsArtisans_BO2_2_298_jpg.rf.a156856aa5b8b7e9cabf01137c78fbf0.jpg,AllianceVsArtisans_BO2_2,test,train
AllianceVsArtisans_BO2_2_299_jpg.rf.fc74c75b9bebade016ef446763a595b3.jpg,AllianceVsArtisans_BO2_2,train,train
AllianceVsArtisans_BO2_2_29_jpg.rf.2005ab718e421330d0f117c9979f9796.jpg,AllianceVsArtisans_BO2_2,train,train
AllianceVsArtisans_BO2_2_2_jpg.rf.80b4a979259d59206aff5eefc167e6db.jpg,AllianceVsArtisans_BO2_2,train,train
AllianceVsArtisans_BO2_2_300_jpg.rf.de2c01e2881450c26d625da2b9f980a3.jpg,AllianceVsArtisans_BO2_2,train,train
AllianceVsArtisans_BO2_2_301_jpg.rf.24165966f363a59aeae452708adbdb6b.jpg,AllianceVsArtisans_BO2_2,test,train
AllianceVsArtisans_BO2_2_302_jpg.rf.c333c9d17bdce5c73ee731763719305d.jpg,AllianceVsArtisans_BO2_2,train,train
AllianceVsArtisans_BO2_2_303_jpg.rf.d1ae30f4263d437fb33c377fdd855fb7.jpg,AllianceVsArtisans_BO2_2,valid,train
AllianceVsArtisans_BO2_2_304_jpg.rf.4f24ba0ca6b357297ff95dc1952ad6e1.jpg,AllianceVsArtisans_BO2_2,valid,train
AllianceVsArtisans_BO2_2_305_jpg.rf.43ece2a2aa3276a496fc88c28f22111a.jpg,AllianceVsArtisans_BO2_2,test,train
AllianceVsArtisans_BO2_2_306_jpg.rf.fe897fd28c6d8834df1db1abae9bdc99.jpg,AllianceVsArtisans_BO2_2,train,train
AllianceVsArtisans_BO2_2_307_jpg.rf.5412b8c42dd1ed4b72ae8a73486188fc.jpg,AllianceVsArtisans_BO2_2,train,train
AllianceVsArtisans_BO2_2_308_jpg.rf.61ba9d5dbcbe9e28c5a4fd5a2a41f9a9.jpg,AllianceVsArtisans_BO2_2,train,train
AllianceVsArtisans_BO2_2_309_jpg.rf.853fd3d4625d7e1b69fc17e3f7fb5ecc.jpg,AllianceVsArtisans_BO2_2,train,train
AllianceVsArtisans_BO2_2_30_jpg.rf.63e55b05b38d37be39af36ab6ed531d5.jpg,AllianceVsArtisans_BO2_2,train,train
AllianceVsArtisans_BO2_2_310_jpg.rf.e94502fc0e4bff77105015a1539d4372.jpg,AllianceVsArtisans_BO2_2,train,train
AllianceVsArtisans_BO2_2_311_jpg.rf.0343248e35e74372291c083faa7fdf77.jpg,AllianceVsArtisans_BO2_2,train,train
AllianceVsArtisans_BO2_2_312_jpg.rf.4b4f3241b2a5c7984e3080743283103b.jpg,AllianceVsArtisans_BO2_2,train,train
AllianceVsArtisans_BO2_2_313_jpg.rf.72e1d0619b5c47b468482e692537c63c.jpg,AllianceVsArtisans_BO2_2,train,train
AllianceVsArtisans_BO2_2_314_jpg.rf.5b02121873ede30920ca28b2e4d50c36.jpg,AllianceVsArtisans_BO2_2,train,train
AllianceVsArtisans_BO2_2_315_jpg.rf.040bc8f3f78719059ab020ae827a5e9e.jpg,AllianceVsArtisans_BO2_2,train,train
AllianceVsArtisans_BO2_2_316_jpg.rf.c48ddf712815442ddbaeeb7d61fc9745.jpg,AllianceVsArtisans_BO2_2,train,train
AllianceVsArtisans_BO2_2_317_jpg.rf.8513a0d8a5981892adacaa2e14186d30.jpg,AllianceVsArtisans_BO2_2,train,train
AllianceVsArtisans_BO2_2_318_jpg.rf.491a9c8faf40507ffd5929398db372c3.jpg,AllianceVsArtisans_BO2_2,train,train
AllianceVsArtisans_BO2_2_319_jpg.rf.a852c6239ffeba8b94bd9f707d025324.jpg,AllianceVsArtisans_BO2_2,train,train
AllianceVsArtisans_BO2_2_31_jpg.rf.9825a8a392bf21ca35b22afb18610aeb.jpg,AllianceVsArtisans_BO2_2,train,train
AllianceVsArtisans_BO2_2_320_jpg.rf.bbe5743c7e9d1149f35feeee436d188a.jpg,AllianceVsArtisans_BO2_2,valid,train
AllianceVsArtisans_BO2_2_321_jpg.rf.185be2c4fde31febcd3d059f87996ea7.jpg,AllianceVsArtisans_BO2_2,train,train
AllianceVsArtisans_BO2_2_322_jpg.rf.e361c9a4e0984d639cd17fbae71e5855.jpg,AllianceVsArtisans_BO2_2,train,train
AllianceVsArtisans_BO2_2_323_jpg.rf.d1bfad39d7b7f4ff3450c3ab25123f66.jpg,AllianceVsArtisans_BO2_2,train,train
AllianceVsArtisans_BO2_2_324_jpg.rf.71c7d36be6dc3b5d5920dfde9c3cd4c5.jpg,AllianceVsArtisans_BO2_2,test,train
AllianceVsArtisans_BO2_2_325_jpg.rf.75576e41699742b8ccdf81a022c98a5a.jpg,AllianceVsArtisans_BO2_2,train,train
AllianceVsArtisans_BO2_2_326_jpg.rf.34ca2de00cfdab24be1ece1d391c0f53.jpg,AllianceVsArtisans_BO2_2,train,train
AllianceVsArtisans_BO2_2_327_jpg.rf.8cd5bf8d044d536d78503f4d99a4c078.jpg,AllianceVsArtisans_BO2_2,train,train
AllianceVsArtisans_BO2_2_328_jpg.rf.a8502eb3c965463bc8f49b0323aa6da8.jpg,AllianceVsArtisans_BO2_2,train,train
AllianceVsArtisans_BO2_2_329_jpg.rf.bd2312976b7634ebd73d5065803fd24c.jpg,AllianceVsArtisans_BO2_2,train,train
AllianceVsArtisans_BO2_2_32_jpg.rf.e711a200516df7e340b218ea987be0f0.jpg,AllianceVsArtisans_BO2_2,valid,train
AllianceVsArtisans_BO2_2_330_jpg.rf.e75c841661b0e8280ed84c2f59354307.jpg,AllianceVsArtisans_BO2_2,train,train
AllianceVsArtisans_BO2_2_331_jpg.rf.d4a57ac80b3ee5184a895272fd9f9405.jpg,AllianceVsArtisans_BO2_2,train,train
AllianceVsArtisans_BO2_2_332_jpg.rf.997501790ae8e649c43f99d57f95f7a9.jpg,AllianceVsArtisans_BO2_2,train,train
AllianceVsArtisans_BO2_2_333_jpg.rf.3aa878c8ec360408ea9a0537ba3be537.jpg,AllianceVsArtisans_BO2_2,train,train
AllianceVsArtisans_BO2_2_334_jpg.rf.11abbe8b6c7599eb0bccf749240d7726.jpg,AllianceVsArtisans_BO2_2,train,train
AllianceVsArtisans_BO2_2_335_jpg.rf.2ff3e3288636f8f33b1e71551339df93.jpg,AllianceVsArtisans_BO2_2,valid,train
AllianceVsArtisans_BO2_2_336_jpg.rf.ea9b7605e039592a9de77d6d95a345d5.jpg,AllianceVsArtisans_BO2_2,valid,train
AllianceVsArtisans_BO2_2_337_jpg.rf.7f91ab895bf0fdc076ee5e7270c06a7b.jpg,AllianceVsArtisans_BO2_2,train,train
AllianceVsArtisans_BO2_2_338_jpg.rf.a55c65cbecfd461b8a256cb363055442.jpg,AllianceVsArtisans_BO2_2,train,train
AllianceVsArtisans_BO2_2_339_jpg.rf.5ac7858e7df6a5f2935596243865880c.jpg,AllianceVsArtisans_BO2_2,train,train
AllianceVsArtisans_BO2_2_33_jpg.rf.9b23a22708af71aa9da72d049c721a96.jpg,AllianceVsArtisans_BO2_2,valid,train
AllianceVsArtisans_BO2_2_340_jpg.rf.521ebc6460371e6c92c77ee7293fa106.jpg,AllianceVsArtisans_BO2_2,train,train
AllianceVsArtisans_BO2_2_341_jpg.rf.ec2679d50faae8bd61d208c74c290884.jpg,AllianceVsArtisans_BO2_2,train,train
AllianceVsArtisans_BO2_2_342_jpg.rf.1d2b1d9de76d2f82bbfcbacf904ca98e.jpg,AllianceVsArtisans_BO2_2,train,train
AllianceVsArtisans_BO2_2_343_jpg.rf.150bac0ad4ef9080cbb63b3d805e789d.jpg,AllianceVsArtisans_BO2_2,train,train
AllianceVsArtisans_BO2_2_344_jpg.rf.aa011a2be2c5efb686fccc255b13dd10.jpg,AllianceVsArtisans_BO2_2,train,train
AllianceVsArtisans_BO2_2_345_jpg.rf.2131fd894fe49c44370adf2245b52ff4.jpg,AllianceVsArtisans_BO2_2,valid,train
AllianceVsArtisans_BO2_2_346_jpg.rf.1e503896460bfd96f57d139ed538490c.jpg,AllianceVsArtisans_BO2_2,train,train
AllianceVsArtisans_BO2_2_347_jpg.rf.2df5e16919f69e0b74f19541f1ab9233.jpg,AllianceVsArtisans_BO2_2,valid,train
AllianceVsArtisans_BO2_2_348_jpg.rf.6deefaf28acdc71d630e59237358b3cc.jpg,AllianceVsArtisans_BO2_2,train,train
AllianceVsArtisans_BO2_2_349_jpg.rf.045f34273eecbea5afbc2c9e5a0610e8.jpg,AllianceVsArtisans_BO2_2,train,train
AllianceVsArtisans_BO2_2_34_jpg.rf.70a8ab504dc7054b9ad04b712f8ec135.jpg,AllianceVsArtisans_BO2_2,train,train
AllianceVsArtisans_BO2_2_350_jpg.rf.600f0f9593550f2bf272095f078ff097.jpg,AllianceVsArtisans_BO2_2,train,train
AllianceVsArtisans_BO2_2_351_jpg.rf.f4fdccee5e0d8918077b0e704230992c.jpg,AllianceVsArtisans_BO2_2,train,train
AllianceVsArtisans_BO2_2_352_jpg.rf.6b37fcfc4e1a4058ba8ad9cb09c8f0da.jpg,AllianceVsArtisans_BO2_2,train,train
AllianceVsArtisans_BO2_2_353_jpg.rf.c492dc83c5abc1b9e922641d3aba5b9d.jpg,AllianceVsArtisans_BO2_2,train,train
AllianceVsArtisans_BO2_2_354_jpg.rf.fd67e6785d83a81bed9bb765bb609729.jpg,AllianceVsArtisans_BO2_2,train,train
AllianceVsArtisans_BO2_2_355_jpg.rf.3e6a42c6146f6707832b1e6709fab3e1.jpg,AllianceVsArtisans_BO2_2,train,train
AllianceVsArtisans_BO2_2_356_jpg.rf.7ac996f56f728a26ac157e91cbc94cc5.jpg,AllianceVsArtisans_BO2_2,test,train
AllianceVsArtisans_BO2_2_357_jpg.rf.735d011f6f773f7388f3c79d9b94d0d3.jpg,AllianceVsArtisans_BO2_2,train,train
AllianceVsArtisans_BO2_2_358_jpg.rf.52e88ce72abc9787b260a910c085c99d.jpg,AllianceVsArtisans_BO2_2,train,train
AllianceVsArtisans_BO2_2_359_jpg.rf.dc7e20d45f3b3dc89ff5ea420ec6ac52.jpg,AllianceVsArtisans_BO2_2,valid,train
AllianceVsArtisans_BO2_2_35_jpg.rf.1bd115a48cf76067c972211191036e2a.jpg,AllianceVsArtisans_BO2_2,train,train
AllianceVsArtisans_BO2_2_360_jpg.rf.2bd7dedc44be25c08c62bf7ece63485c.jpg,AllianceVsArtisans_BO2_2,train,train
AllianceVsArtisans_BO2_2_361_jpg.rf.41dc0f98861954b63dfcb60531d0d85d.jpg,AllianceVsArtisans_BO2_2,valid,train
AllianceVsArtisans_BO2_2_362_jpg.rf.e81fc783953a29a17d4591fe4ca9ecd7.jpg,AllianceVsArtisans_BO2_2,train,train
AllianceVsArtisans_BO2_2_363_jpg.rf.5757d401ac82712ba403e62d59030aff.jpg,AllianceVsArtisans_BO2_2,valid,train
AllianceVsArtisans_BO2_2_364_jpg.rf.cbef55fcdd5642f9fa37f3b23ffa2b39.jpg,AllianceVsArtisans_BO2_2,train,train
AllianceVsArtisans_BO2_2_365_jpg.rf.d3c69390a2b02fdd4d3e4d70da4b1614.jpg,AllianceVsArtisans_BO2_2,test,train
AllianceVsArtisans_BO2_2_366_jpg.rf.bef8f039a5312347e207b1e48c60875f.jpg,AllianceVsArtisans_BO2_2,test,train
AllianceVsArtisans_BO2_2_367_jpg.rf.cb216b130310d65c9424d78fa2a1297c.jpg,AllianceVsArtisans_BO2_2,valid,train
AllianceVsArtisans_BO2_2_368_jpg.rf.3634e43a4922e2a22bf4b46fe1ae29bc.jpg,AllianceVsArtisans_BO2_2,valid,train
AllianceVsArtisans_BO2_2_369_jpg.rf.18544a6cdb28f7d63f5830d466f6cf7b.jpg,AllianceVsArtisans_BO2_2,train,train
AllianceVsArtisans_BO2_2_36_jpg.rf.912e2888f3b4f4e86599d8e866c3a377.jpg,AllianceVsArtisans_BO2_2,train,train
AllianceVsArtisans_BO2_2_370_jpg.rf.ca43d0d4736c7ba34e25b32d01ab560e.jpg,AllianceVsArtisans_BO2_2,train,train
AllianceVsArtisans_BO2_2_371_jpg.rf.acc30267cb8cae4c96074d798b252b82.jpg,AllianceVsArtisans_BO2_2,train,train
AllianceVsArtisans_BO2_2_372_jpg.rf.1aca009004e5644afe720b293339297b.jpg,AllianceVsArtisans_BO2_2,valid,train
AllianceVsArtisans_BO2_2_373_jpg.rf.c206617819089f30977e5b41c99de505.jpg,AllianceVsArtisans_BO2_2,train,train
AllianceVsArtisans_BO2_2_374_jpg.rf.2b55dfb495c89eb8ed58e7a7cc8f16e8.jpg,AllianceVsArtisans_BO2_2,valid,train
AllianceVsArtisans_BO2_2_375_jpg.rf.16cc304b0265e6a0bc405eef00c04bf5.jpg,AllianceVsArtisans_BO2_2,valid,train
AllianceVsArtisans_BO2_2_376_jpg.rf.fa65fc491320c6f8669c4c94a31ff6ee.jpg,AllianceVsArtisans_BO2_2,train,train
AllianceVsArtisans_BO2_2_377_jpg.rf.96a2409b2b57e25816bb3349ab8fd1d4.jpg,AllianceVsArtisans_BO2_2,train,train
AllianceVsArtisans_BO2_2_378_jpg.rf.b4db356764ec759a80d400529b2d8d11.jpg,AllianceVsArtisans_BO2_2,valid,train
AllianceVsArtisans_BO2_2_379_jpg.rf.5dfccd11cdaea704ff932afa7821ec4d.jpg,AllianceVsArtisans_BO2_2,train,train
AllianceVsArtisans_BO2_2_37_jpg.rf.2d210d4e2cbcf198c298ccbe25e31d41.jpg,AllianceVsArtisans_BO2_2,valid,train
AllianceVsArtisans_BO2_2_380_jpg.rf.3311bc53e35a24728e1a24dc3cfde5fc.jpg,AllianceVsArtisans_BO2_2,valid,train
AllianceVsArtisans_BO2_2_381_jpg.rf.8b97007fc4e4a3240cf95c221158c79e.jpg,AllianceVsArtisans_BO2_2,train,train
AllianceVsArtisans_BO2_2_382_jpg.rf.57af0d407a0a7df4f2027199500f442d.jpg,AllianceVsArtisans_BO2_2,train,train
AllianceVsArtisans_BO2_2_383_jpg.rf.afce9e3d839286b6df4b296a813625a2.jpg,AllianceVsArtisans_BO2_2,train,train
AllianceVsArtisans_BO2_2_384_jpg.rf.01b9d3cd629922a0d968119af142ed10.jpg,AllianceVsArtisans_BO2_2,valid,train
AllianceVsArtisans_BO2_2_385_jpg.rf.977d34bcc8f5295ffb28def241b8e63e.jpg,AllianceVsArtisans_BO2_2,train,train
AllianceVsArtisans_BO2_2_386_jpg.rf.88ff31190265a510c608c8c90036299c.jpg,AllianceVsArtisans_BO2_2,train,train
AllianceVsArtisans_BO2_2_387_jpg.rf.c4d812b8eb06baf95ab8c8e400400866.jpg,AllianceVsArtisans_BO2_2,train,train
AllianceVsArtisans_BO2_2_388_jpg.rf.d101384fbcc1f3a4bcaf3d40a8e785cb.jpg,AllianceVsArtisans_BO2_2,train,train
AllianceVsArtisans_BO2_2_389_jpg.rf.75abf2a88ee95dcd30ea61bcd693e148.jpg,AllianceVsArtisans_BO2_2,train,train
AllianceVsArtisans_BO2_2_38_jpg.rf.66e25e4f33eb20b2c8f329f30d6f2885.jpg,AllianceVsArtisans_BO2_2,valid,train
AllianceVsArtisans_BO2_2_390_jpg.rf.6f3b2dd1a2fbe11a9827a764c34820d1.jpg,AllianceVsArtisans_BO2_2,valid,train
AllianceVsArtisans_BO2_2_391_jpg.rf.24f43e24dc207ef96a578a893fed14af.jpg,AllianceVsArtisans_BO2_2,train,train
AllianceVsArtisans_BO2_2_392_jpg.rf.86f8a10e7a3b5949c9f41b993552be9e.jpg,AllianceVsArtisans_BO2_2,train,train
AllianceVsArtisans_BO2_2_393_jpg.rf.2ba6e2dc685837a76186081f70b95310.jpg,AllianceVsArtisans_BO2_2,train,train
AllianceVsArtisans_BO2_2_394_jpg.rf.ec40767164a9955e069b9a4c8e446138.jpg,AllianceVsArtisans_BO2_2,train,train
AllianceVsArtisans_BO2_2_395_jpg.rf.37a9ef7a274e5ab11f7ca234a6974a5b.jpg,AllianceVsArtisans_BO2_2,train,train
AllianceVsArtisans_BO2_2_396_jpg.rf.35cf34808cbc34ae9f24788ee6f333d8.jpg,AllianceVsArtisans_BO2_2,train,train
AllianceVsArtisans_BO2_2_397_jpg.rf.e9e5568425bb03b294100a3e723d65ae.jpg,AllianceVsArtisans_BO2_2,test,train
AllianceVsArtisans_BO2_2_398_jpg.rf.a91c69b0e37ca8b760ef821236a795a7.jpg,AllianceVsArtisans_BO2_2,train,train
AllianceVsArtisans_BO2_2_399_jpg.rf.2dfee5f55d292c0ed7caf6ed109cbfb7.jpg,AllianceVsArtisans_BO2_2,test,train
AllianceVsArtisans_BO2_2_39_jpg.rf.9ecd5c977c18c259c97fb3cfc39aad38.jpg,AllianceVsArtisans_BO2_2,valid,train
AllianceVsArtisans_BO2_2_3_jpg.rf.8769530539f915ebaff58f8953c9c5c7.jpg,AllianceVsArtisans_BO2_2,train,train
AllianceVsArtisans_BO2_2_400_jpg.rf.fa613ffcaf238fb0c619005a2c7ca1d4.jpg,AllianceVsArtisans_BO2_2,train,train
AllianceVsArtisans_BO2_2_401_jpg.rf.7c8feefa11db9625355cd1dd01eee6e3.jpg,AllianceVsArtisans_BO2_2,valid,train
AllianceVsArtisans_BO2_2_402_jpg.rf.3507f1d12104fc37e1c51f62683668da.jpg,AllianceVsArtisans_BO2_2,train,train
AllianceVsArtisans_BO2_2_403_jpg.rf.5c0f0c11b58de5e729102cb7bda06fb8.jpg,AllianceVsArtisans_BO2_2,train,train
AllianceVsArtisans_BO2_2_404_jpg.rf.4a42f1be0d8492d450a7244b23b1c659.jpg,AllianceVsArtisans_BO2_2,valid,train
AllianceVsArtisans_BO2_2_405_jpg.rf.0aea240650bb74ef9d78eece482fea5a.jpg,AllianceVsArtisans_BO2_2,train,train
AllianceVsArtisans_BO2_2_406_jpg.rf.7d77726211c1b1dc164dcf0e762ff8fa.jpg,AllianceVsArtisans_BO2_2,train,train
AllianceVsArtisans_BO2_2_407_jpg.rf.b39e7eebe2155a721978533cb9a5e6ae.jpg,AllianceVsArtisans_BO2_2,train,train
AllianceVsArtisans_BO2_2_408_jpg.rf.798cb5a6e810b44a3b08dc275ac47d79.jpg,AllianceVsArtisans_BO2_2,train,train
AllianceVsArtisans_BO2_2_409_jpg.rf.49ecd729b893915c8afab0253e194851.jpg,AllianceVsArtisans_BO2_2,train,train
AllianceVsArtisans_BO2_2_40_jpg.rf.0f28de5189dbe9c7e3011ba68f9a4807.jpg,AllianceVsArtisans_BO2_2,valid,train
AllianceVsArtisans_BO2_2_410_jpg.rf.89dd00f02df17e884b31b506e5c0ecf6.jpg,AllianceVsArtisans_BO2_2,valid,train
AllianceVsArtisans_BO2_2_411_jpg.rf.35dbd3c6f8d07f63b754a2ddd91cffc2.jpg,AllianceVsArtisans_BO2_2,train,train
AllianceVsArtisans_BO2_2_412_jpg.rf.0706dcc565be75cde04731ee09f127b8.jpg,AllianceVsArtisans_BO2_2,train,train
AllianceVsArtisans_BO2_2_413_jpg.rf.d2ad5d37b69a6986d78920d3cba23ea2.jpg,AllianceVsArtisans_BO2_2,train,train
AllianceVsArtisans_BO2_2_414_jpg.rf.3182bf030b955d262f07c375c540a31c.jpg,AllianceVsArtisans_BO2_2,train,train
AllianceVsArtisans_BO2_2_415_jpg.rf.6f0c4c80915b5cebd194916b87f782fe.jpg,AllianceVsArtisans_BO2_2,train,train
AllianceVsArtisans_BO2_2_416_jpg.rf.a55425a362014df4f0c57340137b2b62.jpg,AllianceVsArtisans_BO2_2,train,train
AllianceVsArtisans_BO2_2_417_jpg.rf.203cfc8be2500ddd82802807a808cd8c.jpg,AllianceVsArtisans_BO2_2,train,train
AllianceVsArtisans_BO2_2_418_jpg.rf.2af92fc5320dbf559f29f49091a6ab52.jpg,AllianceVsArtisans_BO2_2,test,train
AllianceVsArtisans_BO2_2_419_jpg.rf.fde4a1eb6e1e92738be9106861960dc6.jpg,AllianceVsArtisans_BO2_2,train,train
AllianceVsArtisans_BO2_2_41_jpg.rf.6cde5a528a2b1acfb7a79765ce319ee5.jpg,AllianceVsArtisans_BO2_2,train,train
AllianceVsArtisans_BO2_2_42_jpg.rf.ad207534c91a9bafd5891732abb57d90.jpg,AllianceVsArtisans_BO2_2,test,train
AllianceVsArtisans_BO2_2_43_jpg.rf.3ab5d07ef86bbc7c8bd46b3507cf3eea.jpg,AllianceVsArtisans_BO2_2,train,train
AllianceVsArtisans_BO2_2_44_jpg.rf.c6d01e5ab567a557702f09ee44b03787.jpg,AllianceVsArtisans_BO2_2,train,train
AllianceVsArtisans_BO2_2_45_jpg.rf.898cf915b468601c0a01bdfab19f9be3.jpg,AllianceVsArtisans_BO2_2,train,train
AllianceVsArtisans_BO2_2_46_jpg.rf.bff283fe747f4d56916e193ceb5e848c.jpg,AllianceVsArtisans_BO2_2,test,train
AllianceVsArtisans_BO2_2_47_jpg.rf.0318cc2c01495bb89c781250cfc889ba.jpg,AllianceVsArtisans_BO2_2,valid,train
AllianceVsArtisans_BO2_2_48_jpg.rf.578feb1341ae7a05d78b1bb87b4990e8.jpg,AllianceVsArtisans_BO2_2,train,train
AllianceVsArtisans_BO2_2_49_jpg.rf.df12cb326573263b54d3347516b3075f.jpg,AllianceVsArtisans_BO2_2,train,train
AllianceVsArtisans_BO2_2_4_jpg.rf.a582855026b16845da0fe41b947befab.jpg,AllianceVsArtisans_BO2_2,train,train
AllianceVsArtisans_BO2_2_50_jpg.rf.4529f81a363bbef96af46be6864fa5cd.jpg,AllianceVsArtisans_BO2_2,train,train
AllianceVsArtisans_BO2_2_51_jpg.rf.4b2831fe7cd50a003a4112614150aed3.jpg,AllianceVsArtisans_BO2_2,valid,train
AllianceVsArtisans_BO2_2_52_jpg.rf.70190c612aced82e6c9140c04051d8e3.jpg,AllianceVsArtisans_BO2_2,train,train
AllianceVsArtisans_BO2_2_53_jpg.rf.ce12ab29cdf0c158dab9dbd6ac18b6c9.jpg,AllianceVsArtisans_BO2_2,train,train
AllianceVsArtisans_BO2_2_54_jpg.rf.0978115894115b352e2fdf0961387435.jpg,AllianceVsArtisans_BO2_2,train,train
AllianceVsArtisans_BO2_2_55_jpg.rf.8166e31ad856178c51bed0418d0350a6.jpg,AllianceVsArtisans_BO2_2,train,train
AllianceVsArtisans_BO2_2_56_jpg.rf.e92e8582b4b6567b0bb0f4cac4bf508e.jpg,AllianceVsArtisans_BO2_2,train,train
AllianceVsArtisans_BO2_2_57_jpg.rf.06583955e3570625989d6927a854834b.jpg,AllianceVsArtisans_BO2_2,train,train
AllianceVsArtisans_BO2_2_58_jpg.rf.995681a7142fa885c13aa617da4c1640.jpg,AllianceVsArtisans_BO2_2,train,train
AllianceVsArtisans_BO2_2_59_jpg.rf.7906d059594abdfc42866f4c0f2a8913.jpg,AllianceVsArtisans_BO2_2,valid,train
AllianceVsArtisans_BO2_2_5_jpg.rf.a041f31b3c8cbe45c3de6472813124cc.jpg,AllianceVsArtisans_BO2_2,train,train
AllianceVsArtisans_BO2_2_60_jpg.rf.21b9cf29dc2bf01519746791b9df68b3.jpg,AllianceVsArtisans_BO2_2,train,train
AllianceVsArtisans_BO2_2_61_jpg.rf.26e040f0c95df0c61033a878665cdf98.jpg,AllianceVsArtisans_BO2_2,test,train
AllianceVsArtisans_BO2_2_62_jpg.rf.8b8a05910f3d01179aea6028b9563de5.jpg,AllianceVsArtisans_BO2_2,train,train
AllianceVsArtisans_BO2_2_63_jpg.rf.b3e9211d100a484a7793956b57a700d9.jpg,AllianceVsArtisans_BO2_2,test,train
AllianceVsArtisans_BO2_2_64_jpg.rf.759893002b4f25d92f022c84689c75bd.jpg,AllianceVsArtisans_BO2_2,train,train
AllianceVsArtisans_BO2_2_65_jpg.rf.492a81f222bfcb5b9f828628048ebbd8.jpg,AllianceVsArtisans_BO2_2,valid,train
AllianceVsArtisans_BO2_2_66_jpg.rf.6623f24d8ca9a5f10874fd21ca5921db.jpg,AllianceVsArtisans_BO2_2,test,train
AllianceVsArtisans_BO2_2_67_jpg.rf.4f0e5c917d6a6bd82778e401c9145fc0.jpg,AllianceVsArtisans_BO2_2,train,train
AllianceVsArtisans_BO2_2_68_jpg.rf.77e4eac7db7269f128b68c98d85242e8.jpg,AllianceVsArtisans_BO2_2,train,train
AllianceVsArtisans_BO2_2_69_jpg.rf.c400fe15ed7061a8b289394ab8d3860d.jpg,AllianceVsArtisans_BO2_2,test,train
AllianceVsArtisans_BO2_2_6_jpg.rf.26838c772b6c0edf4038d3e59c55a59b.jpg,AllianceVsArtisans_BO2_2,train,train
AllianceVsArtisans_BO2_2_70_jpg.rf.bb1d2cab6c9524d1a91696d943ef1f60.jpg,AllianceVsArtisans_BO2_2,valid,train
AllianceVsArtisans_BO2_2_71_jpg.rf.3d15903e3bd751ed3e58dc6ac6d09a6f.jpg,AllianceVsArtisans_BO2_2,test,train
AllianceVsArtisans_BO2_2_72_jpg.rf.f0276841ce286c6c8070d97c61524f88.jpg,AllianceVsArtisans_BO2_2,train,train
AllianceVsArtisans_BO2_2_73_jpg.rf.6ba4748e7f7d1124de9f161a5363f50b.jpg,AllianceVsArtisans_BO2_2,train,train
AllianceVsArtisans_BO2_2_74_jpg.rf.b955462bc87008b1061ca0f2257456dd.jpg,AllianceVsArtisans_BO2_2,train,train
AllianceVsArtisans_BO2_2_75_jpg.rf.a2ffcd48813327b5648d3bd06154cb6f.jpg,AllianceVsArtisans_BO2_2,test,train
AllianceVsArtisans_BO2_2_76_jpg.rf.9650fbd1b70a2d08d9ddd1c8449b5386.jpg,AllianceVsArtisans_BO2_2,train,train
AllianceVsArtisans_BO2_2_77_jpg.rf.a8cf092390c81568dbb1004e5e7efbbb.jpg,AllianceVsArtisans_BO2_2,train,train
AllianceVsArtisans_BO2_2_78_jpg.rf.6e98557dcd4215c4dbfa7da68a4f3bb6.jpg,AllianceVsArtisans_BO2_2,test,train
AllianceVsArtisans_BO2_2_79_jpg.rf.f573f6b318d569ca74ea9d2e7e118a50.jpg,AllianceVsArtisans_BO2_2,train,train
AllianceVsArtisans_BO2_2_7_jpg.rf.9815d52c798075552d4a4c2faa3d8ed2.jpg,AllianceVsArtisans_BO2_2,valid,train
AllianceVsArtisans_BO2_2_80_jpg.rf.e6a27ed92e3c0ae6678594dfd02654eb.jpg,AllianceVsArtisans_BO2_2,train,train
AllianceVsArtisans_BO2_2_81_jpg.rf.b0e7937c4c5950a13dafacf78c05b6bc.jpg,AllianceVsArtisans_BO2_2,train,train
AllianceVsArtisans_BO2_2_82_jpg.rf.9bab270641a84409bc12958a1b80662f.jpg,AllianceVsArtisans_BO2_2,test,train
AllianceVsArtisans_BO2_2_83_jpg.rf.bbda787a6ad377806f1bc3d65b5f4433.jpg,AllianceVsArtisans_BO2_2,train,train
AllianceVsArtisans_BO2_2_84_jpg.rf.ce17b53b7716a57f2f3166084ad6a084.jpg,AllianceVsArtisans_BO2_2,train,train
AllianceVsArtisans_BO2_2_85_jpg.rf.0275385e8aaaf6bfe0f263df9d6b69ca.jpg,AllianceVsArtisans_BO2_2,valid,train
AllianceVsArtisans_BO2_2_86_jpg.rf.6e41870467050266374aa5838ce60c17.jpg,AllianceVsArtisans_BO2_2,train,train
AllianceVsArtisans_BO2_2_87_jpg.rf.33ac1d5f1c5054dede845f9a9dfc6006.jpg,AllianceVsArtisans_BO2_2,train,train
AllianceVsArtisans_BO2_2_88_jpg.rf.06f840dd8759f6c2cd41e1321d078ee0.jpg,AllianceVsArtisans_BO2_2,train,train
AllianceVsArtisans_BO2_2_89_jpg.rf.832f7da176d827b9771ba9ab55c79245.jpg,AllianceVsArtisans_BO2_2,train,train
AllianceVsArtisans_BO2_2_8_jpg.rf.3d20818919a294aea4630a6062bd9232.jpg,AllianceVsArtisans_BO2_2,train,train
AllianceVsArtisans_BO2_2_90_jpg.rf.d877c6df249f4cfcf2653c5c0d3de9ee.jpg,AllianceVsArtisans_BO2_2,train,train
AllianceVsArtisans_BO2_2_91_jpg.rf.677d067e0271499ce388f20c2bfb6d0d.jpg,AllianceVsArtisans_BO2_2,train,train
AllianceVsArtisans_BO2_2_92_jpg.rf.ebed8f3a025c69ef1c0098a1f3e1ebff.jpg,AllianceVsArtisans_BO2_2,train,train
AllianceVsArtisans_BO2_2_93_jpg.rf.6d8f39c43deef13c23f3ee9ca59dbd2a.jpg,AllianceVsArtisans_BO2_2,train,train
AllianceVsArtisans_BO2_2_94_jpg.rf.18b23bbe09434153f3dee5b03f8f1fcc.jpg,AllianceVsArtisans_BO2_2,train,train
AllianceVsArtisans_BO2_2_95_jpg.rf.2f18bfe4b85766576a3a50b8746749c9.jpg,AllianceVsArtisans_BO2_2,valid,train
AllianceVsArtisans_BO2_2_96_jpg.rf.69ae809548c13e2837d2bf8887a7c1f7.jpg,AllianceVsArtisans_BO2_2,valid,train
AllianceVsArtisans_BO2_2_97_jpg.rf.45f8717ffb9a3feca063c01b417f5529.jpg,AllianceVsArtisans_BO2_2,train,train
AllianceVsArtisans_BO2_2_98_jpg.rf.87f50c931df51b126244f3ffac30a9cc.jpg,AllianceVsArtisans_BO2_2,train,train
AllianceVsArtisans_BO2_2_99_jpg.rf.582cbdc022ce914a40f279a854db8246.jpg,AllianceVsArtisans_BO2_2,test,train
AllianceVsArtisans_BO2_2_9_jpg.rf.c78519bcdf6b78897dc9c715134fc850.jpg,AllianceVsArtisans_BO2_2,valid,train
WMJVs-_BO2_2_0_jpg.rf.4a25ffa83dfe79e32581569599a7500b.jpg,WMJVs-_BO2_2,test,train
WMJVs-_BO2_2_100_jpg.rf.ce058bdf719f24bd03030d871f344cd5.jpg,WMJVs-_BO2_2,train,train
WMJVs-_BO2_2_101_jpg.rf.f505ea584e65e3e40b8b26e9a39a8b4e.jpg,WMJVs-_BO2_2,valid,train
WMJVs-_BO2_2_102_jpg.rf.ca4f89ac5c1070926bc679750a57c6dc.jpg,WMJVs-_BO2_2,train,train
WMJVs-_BO2_2_103_jpg.rf.e54488b2900acee7f80a2759d8154c68.jpg,WMJVs-_BO2_2,valid,train
WMJVs-_BO2_2_104_jpg.rf.fcf09154ec29bbb95df650f9f28ed534.jpg,WMJVs-_BO2_2,train,train
WMJVs-_BO2_2_105_jpg.rf.f2b36ffb2426bd25f52d934f4bd7195c.jpg,WMJVs-_BO2_2,train,train
WMJVs-_BO2_2_106_jpg.rf.e46c30b7a9d4fa95783242851dcacafa.jpg,WMJVs-_BO2_2,train,train
WMJVs-_BO2_2_107_jpg.rf.0162679eddc3c5e68f663b444198e2fc.jpg,WMJVs-_BO2_2,train,train
WMJVs-_BO2_2_108_jpg.rf.58831a5d5168f837a773fcfe82762e20.jpg,WMJVs-_BO2_2,train,train
WMJVs-_BO2_2_109_jpg.rf.fd69eb89c87b7f2eefc0da8b5fabcf19.jpg,WMJVs-_BO2_2,train,train
WMJVs-_BO2_2_10_jpg.rf.70369a50ba3a01abc3048baeaf609960.jpg,WMJVs-_BO2_2,valid,train
WMJVs-_BO2_2_110_jpg.rf.a52e7a423675a42fe5e6963d9f78bd01.jpg,WMJVs-_BO2_2,valid,train
WMJVs-_BO2_2_111_jpg.rf.def409018af5333278d34b6b7974eec1.jpg,WMJVs-_BO2_2,train,train
WMJVs-_BO2_2_112_jpg.rf.f87f6268c16c24879b173c3a3b372763.jpg,WMJVs-_BO2_2,train,train
WMJVs-_BO2_2_113_jpg.rf.5ebd677336fb983267d27e3882720f2b.jpg,WMJVs-_BO2_2,valid,train
WMJVs-_BO2_2_114_jpg.rf.3a2f75d719d66126dcbafdaf325a3422.jpg,WMJVs-_BO2_2,train,train
WMJVs-_BO2_2_115_jpg.rf.115ecc1333fcfe841d125befed17b5f6.jpg,WMJVs-_BO2_2,train,train
WMJVs-_BO2_2_116_jpg.rf.48c93fa4acee12d223049c3e1dd346a0.jpg,WMJVs-_BO2_2,train,train
WMJVs-_BO2_2_117_jpg.rf.07ab2ccf5fe5725b003579a5fcf16617.jpg,WMJVs-_BO2_2,train,train
WMJVs-_BO2_2_118_jpg.rf.4c717b36dc4de7e0bbab99369851ddc3.jpg,WMJVs-_BO2_2,train,train
WMJVs-_BO2_2_119_jpg.rf.1e69effeb0fc2ded3d41e18c123298ac.jpg,WMJVs-_BO2_2,valid,train
WMJVs-_BO2_2_11_jpg.rf.e205daa6d2cf3623bc2681aeb9c06522.jpg,WMJVs-_BO2_2,valid,train
WMJVs-_BO2_2_120_jpg.rf.23ad00ea33b790c81407a16903c782bb.jpg,WMJVs-_BO2_2,train,train
WMJVs-_BO2_2_121_jpg.rf.8d3bb6b976194a782dd8c566ef6cc9c7.jpg,WMJVs-_BO2_2,test,train
WMJVs-_BO2_2_122_jpg.rf.60892bfdfb024de11a36a709d25558af.jpg,WMJVs-_BO2_2,train,train
WMJVs-_BO2_2_123_jpg.rf.ee3385df78dae5462653d3871afb6fe2.jpg,WMJVs-_BO2_2,train,train
WMJVs-_BO2_2_124_jpg.rf.901649b977d1d7f2b9088f96da9cc736.jpg,WMJVs-_BO2_2,valid,train
WMJVs-_BO2_2_125_jpg.rf.3058e8a0ad0c30c082ff02a03e667a86.jpg,WMJVs-_BO2_2,valid,train
WMJVs-_BO2_2_126_jpg.rf.47dfb9b2c9203b4cb7cf875dc16d112d.jpg,WMJVs-_BO2_2,train,train
WMJVs-_BO2_2_127_jpg.rf.a3cfbac43bc3b9731ee97e6bb1940ac5.jpg,WMJVs-_BO2_2,train,train
WMJVs-_BO2_2_128_jpg.rf.c215b1b71d650859be2a00c59434a597.jpg,WMJVs-_BO2_2,train,train
WMJVs-_BO2_2_129_jpg.rf.8981839b608ef383d88dc27ee1cd7f40.jpg,WMJVs-_BO2_2,valid,train
WMJVs-_BO2_2_12_jpg.rf.42f0a056eaec407253f681d54d80bc08.jpg,WMJVs-_BO2_2,train,train
WMJVs-_BO2_2_130_jpg.rf.507e6efd25c6c554a976a17e76fbdad1.jpg,WMJVs-_BO2_2,train,train
WMJVs-_BO2_2_131_jpg.rf.a6149dd24efc720ef5d11ce6365290e9.jpg,WMJVs-_BO2_2,train,train
WMJVs-_BO2_2_132_jpg.rf.c32eccc74537fd5380bbf0c5f5d482d4.jpg,WMJVs-_BO2_2,train,train
WMJVs-_BO2_2_133_jpg.rf.f3f4b180f6726a99f1ee143e2c81877e.jpg,WMJVs-_BO2_2,test,train
WMJVs-_BO2_2_134_jpg.rf.b87c86e8549eacacfa39dc50dd4a467c.jpg,WMJVs-_BO2_2,valid,train
WMJVs-_BO2_2_135_jpg.rf.63e017bc09cb0db1b2572b7376a5254e.jpg,WMJVs-_BO2_2,train,train
WMJVs-_BO2_2_136_jpg.rf.ce92b0fa47dd673380782ef4cfca7a29.jpg,WMJVs-_BO2_2,test,train
WMJVs-_BO2_2_137_jpg.rf.bfd42daef02a1d7d6834d498694d1430.jpg,WMJVs-_BO2_2,train,train
WMJVs-_BO2_2_138_jpg.rf.6c2d958155e7353fe035a67f814e2ebf.jpg,WMJVs-_BO2_2,train,train
WMJVs-_BO2_2_139_jpg.rf.8d2ff4bed35088e7ec42a38bec6bbcdd.jpg,WMJVs-_BO2_2,train,train
WMJVs-_BO2_2_13_jpg.rf.5c51997442607c953cd9ea4d591ce58c.jpg,WMJVs-_BO2_2,train,train
WMJVs-_BO2_2_140_jpg.rf.f496341b19be5ce7e39b4dfd29530df8.jpg,WMJVs-_BO2_2,test,train
WMJVs-_BO2_2_141_jpg.rf.7d9f43a08004403c954a9c8b3593f30a.jpg,WMJVs-_BO2_2,train,train
WMJVs-_BO2_2_142_jpg.rf.a9ee1a4f999eb46dd39c283fe9f46b9f.jpg,WMJVs-_BO2_2,train,train
WMJVs-_BO2_2_143_jpg.rf.3c0a5112b61619f44239273007bb64dc.jpg,WMJVs-_BO2_2,valid,train
WMJVs-_BO2_2_144_jpg.rf.bf447508e3f838996f33e7e768ba17bf.jpg,WMJVs-_BO2_2,train,train
WMJVs-_BO2_2_145_jpg.rf.66046794e05057ae79e9734918120554.jpg,WMJVs-_BO2_2,test,train
WMJVs-_BO2_2_146_jpg.rf.00933ee5d42530c26682a7475404e107.jpg,WMJVs-_BO2_2,valid,train
WMJVs-_BO2_2_147_jpg.rf.4663b2aa6fdc9a4033e3cec955a75cb9.jpg,WMJVs-_BO2_2,train,train
WMJVs-_BO2_2_148_jpg.rf.2d0add531ff545f5e139c32f97793d79.jpg,WMJVs-_BO2_2,train,train
WMJVs-_BO2_2_149_jpg.rf.8cd3b879193bd5bb449f8470ae9ce3c2.jpg,WMJVs-_BO2_2,train,train
WMJVs-_BO2_2_14_jpg.rf.4c5d83ec3a1083f8e28e97d83a890322.jpg,WMJVs-_BO2_2,train,train
WMJVs-_BO2_2_150_jpg.rf.87ebe8379ae6e93350e38a93000c0133.jpg,WMJVs-_BO2_2,train,train
WMJVs-_BO2_2_151_jpg.rf.66f682ac81edd16bef917e7895624b48.jpg,WMJVs-_BO2_2,valid,train
WMJVs-_BO2_2_152_jpg.rf.245fe85b32b6b14114c85ada489f849f.jpg,WMJVs-_BO2_2,test,train
WMJVs-_BO2_2_153_jpg.rf.ede6c37a2ae9af5d0b62b5f1a06a43c8.jpg,WMJVs-_BO2_2,train,train
WMJVs-_BO2_2_154_jpg.rf.d38c037dadfebda01b437ebf47a31c19.jpg,WMJVs-_BO2_2,valid,train
WMJVs-_BO2_2_155_jpg.rf.0afa75c1ddbacf9c1ed5c59737dc6758.jpg,WMJVs-_BO2_2,train,train
WMJVs-_BO2_2_156_jpg.rf.db1d630c4f0bea5d8d7550d4ca7c7358.jpg,WMJVs-_BO2_2,train,train
WMJVs-_BO2_2_157_jpg.rf.140689d2ed513b50190c16b188db36c8.jpg,WMJVs-_BO2_2,train,train
WMJVs-_BO2_2_158_jpg.rf.6ea2021e22803140e58d49d52f6f2af7.jpg,WMJVs-_BO2_2,train,train
WMJVs-_BO2_2_159_jpg.rf.28cd619cb9e65148b405b542279a9fa7.jpg,WMJVs-_BO2_2,train,train
WMJVs-_BO2_2_15_jpg.rf.9496227ebfb4e7e3d435e9d81e7a817d.jpg,WMJVs-_BO2_2,test,train
WMJVs-_BO2_2_160_jpg.rf.7268ddf9d3027d0bfdf55d4edf030f6a.jpg,WMJVs-_BO2_2,valid,train
WMJVs-_BO2_2_161_jpg.rf.0bcdef368a39f22c98321b4f3609f637.jpg,WMJVs-_BO2_2,train,train
WMJVs-_BO2_2_162_jpg.rf.90023507ea592b55a37d7852ca827812.jpg,WMJVs-_BO2_2,train,train
WMJVs-_BO2_2_163_jpg.rf.d105b738d95cc99ca982c1dcda1bf3d5.jpg,WMJVs-_BO2_2,valid,train
WMJVs-_BO2_2_164_jpg.rf.e5b2ac50438dc5770ccbd146456f0701.jpg,WMJVs-_BO2_2,train,train
WMJVs-_BO2_2_165_jpg.rf.e63d9025a4a12aa84e6fda7b3a857b7e.jpg,WMJVs-_BO2_2,train,train
WMJVs-_BO2_2_166_jpg.rf.25b1c98b466ced821417835ed59810db.jpg,WMJVs-_BO2_2,train,train
WMJVs-_BO2_2_167_jpg.rf.aacb6c32aa29f38c337676e1c8f67af2.jpg,WMJVs-_BO2_2,train,train
WMJVs-_BO2_2_168_jpg.rf.502d0acce21732c994295168e1fd5f76.jpg,WMJVs-_BO2_2,valid,train
WMJVs-_BO2_2_169_jpg.rf.03bbe1834498a75e0f27fc5b9bfbc1ab.jpg,WMJVs-_BO2_2,valid,train
WMJVs-_BO2_2_16_jpg.rf.7a392525c4d8bb032ebc16e04c8eea05.jpg,WMJVs-_BO2_2,test,train
WMJVs-_BO2_2_170_jpg.rf.e92fcce7d5c8b1a11f577b6ff5fcfe46.jpg,WMJVs-_BO2_2,train,train
WMJVs-_BO2_2_171_jpg.rf.83697777e3830aa9e3908c8b5dd9cd54.jpg,WMJVs-_BO2_2,valid,train
WMJVs-_BO2_2_172_jpg.rf.197ee204347131f6089f7b69720ae6c1.jpg,WMJVs-_BO2_2,train,train
WMJVs-_BO2_2_173_jpg.rf.90f10183f719fdf66f54c2e3b83c9fe2.jpg,WMJVs-_BO2_2,train,train
WMJVs-_BO2_2_174_jpg.rf.0b2e66150ba7f0dab7c8de44d4f41ced.jpg,WMJVs-_BO2_2,train,train
WMJVs-_BO2_2_175_jpg.rf.d7d129a289601e59e3782273f8adfcfa.jpg,WMJVs-_BO2_2,train,train
WMJVs-_BO2_2_176_jpg.rf.aa42f8d1fc16a58f847d3964062d10bb.jpg,WMJVs-_BO2_2,train,train
WMJVs-_BO2_2_177_jpg.rf.6e3f09006d3b994af8a4e521ffc29449.jpg,WMJVs-_BO2_2,valid,train
WMJVs-_BO2_2_178_jpg.rf.d894331bc6c3c623dcee30ff6bffc64c.jpg,WMJVs-_BO2_2,train,train
WMJVs-_BO2_2_179_jpg.rf.251a3736640565172f85a679a7085b3a.jpg,WMJVs-_BO2_2,valid,train
WMJVs-_BO2_2_17_jpg.rf.c2baf6f44c9cef435cf6c56dbf151697.jpg,WMJVs-_BO2_2,train,train
WMJVs-_BO2_2_180_jpg.rf.d3fb72628e2709ef60e03882bb67abcb.jpg,WMJVs-_BO2_2,train,train
WMJVs-_BO2_2_181_jpg.rf.bf9d9681dfbd92d9dd52ebc3c523ef00.jpg,WMJVs-_BO2_2,valid,train
WMJVs-_BO2_2_182_jpg.rf.fb51d1caf60b0e7241aa59f628100c59.jpg,WMJVs-_BO2_2,test,train
WMJVs-_BO2_2_183_jpg.rf.9e46cae252829bda3863d57fc595d517.jpg,WMJVs-_BO2_2,train,train
WMJVs-_BO2_2_184_jpg.rf.47f1f747b63736eae9d06f29b4f2f952.jpg,WMJVs-_BO2_2,train,train
WMJVs-_BO2_2_185_jpg.rf.927a5ee8b7a39e56254fc5f770f6bec7.jpg,WMJVs-_BO2_2,train,train
WMJVs-_BO2_2_186_jpg.rf.af12999b6f860aef9c0f70d7d2c903eb.jpg,WMJVs-_BO2_2,test,train
WMJVs-_BO2_2_187_jpg.rf.919d73fb3b0434d7b4090dcf93d60572.jpg,WMJVs-_BO2_2,test,train
WMJVs-_BO2_2_188_jpg.rf.a2e87cafdec14ead50e66e5464bdbd61.jpg,WMJVs-_BO2_2,train,train
WMJVs-_BO2_2_189_jpg.rf.d92d0b7eae8a29482287d1b0358ff707.jpg,WMJVs-_BO2_2,valid,train
WMJVs-_BO2_2_18_jpg.rf.295b4152bd561a1f57d7136bb4879cda.jpg,WMJVs-_BO2_2,valid,train
WMJVs-_BO2_2_190_jpg.rf.690fe924ebdac76afd2547b48b661649.jpg,WMJVs-_BO2_2,train,train
WMJVs-_BO2_2_191_jpg.rf.769e7271cad8fe646bf51fa1ff349d5f.jpg,WMJVs-_BO2_2,train,train
WMJVs-_BO2_2_192_jpg.rf.108e010746224b7ce36c1ba3a75a5184.jpg,WMJVs-_BO2_2,valid,train
WMJVs-_BO2_2_193_jpg.rf.87e556290306b02f9c9b654b08b2f6a9.jpg,WMJVs-_BO2_2,train,train
WMJVs-_BO2_2_194_jpg.rf.0f9d7ae445ebbdbece45371f2e7950d6.jpg,WMJVs-_BO2_2,test,train
WMJVs-_BO2_2_195_jpg.rf.4884ab878cdc062af16838b16297c36e.jpg,WMJVs-_BO2_2,train,train
WMJVs-_BO2_2_196_jpg.rf.77529faa541ea9b1b9dbc75719863d16.jpg,WMJVs-_BO2_2,train,train
WMJVs-_BO2_2_197_jpg.rf.ae6c20796ce72299372f93f1ec79aa81.jpg,WMJVs-_BO2_2,valid,train
WMJVs-_BO2_2_198_jpg.rf.478ee4b76fa3d5a09a7f0dc893b62dc7.jpg,WMJVs-_BO2_2,train,train
WMJVs-_BO2_2_199_jpg.rf.9d71f75ce94666332f0f13d880a34c58.jpg,WMJVs-_BO2_2,train,train
WMJVs-_BO2_2_19_jpg.rf.c5ad81619a10b9f40ac5ea9a942acfb4.jpg,WMJVs-_BO2_2,valid,train
WMJVs-_BO2_2_1_jpg.rf.09ffd8a44511682c17935e5c32a98bf3.jpg,WMJVs-_BO2_2,train,train
WMJVs-_BO2_2_200_jpg.rf.3c210fc016eda263c5d354bb1cb07f6e.jpg,WMJVs-_BO2_2,train,train
WMJVs-_BO2_2_201_jpg.rf.aedcd596f9456247342967527eab131c.jpg,WMJVs-_BO2_2,train,train
WMJVs-_BO2_2_202_jpg.rf.2e15a1a955442666dab0ccb682249aba.jpg,WMJVs-_BO2_2,test,train
WMJVs-_BO2_2_203_jpg.rf.1223825bedcec802d88316030d9fbd99.jpg,WMJVs-_BO2_2,train,train
WMJVs-_BO2_2_204_jpg.rf.6ead0c9ffb01fe6f6db3495517d73eed.jpg,WMJVs-_BO2_2,test,train
WMJVs-_BO2_2_205_jpg.rf.887e1bb352ceb8ba9588ed48fa71897b.jpg,WMJVs-_BO2_2,train,train
WMJVs-_BO2_2_206_jpg.rf.4819b8304e35cfc19a5e8872fb77529c.jpg,WMJVs-_BO2_2,train,train
WMJVs-_BO2_2_207_jpg.rf.df6859cd294b7811f5d6fc7f4b6a49ab.jpg,WMJVs-_BO2_2,train,train
WMJVs-_BO2_2_208_jpg.rf.ed23e1a7ce72bbbd4efbc1f2c025a5c1.jpg,WMJVs-_BO2_2,test,train
WMJVs-_BO2_2_209_jpg.rf.070ecbcac458f47726dd26aec3f3c3f5.jpg,WMJVs-_BO2_2,train,train
WMJVs-_BO2_2_20_jpg.rf.8a6b1c6f295436f560ee13fdd9400656.jpg,WMJVs-_BO2_2,test,train
WMJVs-_BO2_2_210_jpg.rf.fb25e5cdfb19532b4a8266475a95cadc.jpg,WMJVs-_BO2_2,train,train
WMJVs-_BO2_2_211_jpg.rf.46842786f853fd8b00d6d4dc18980352.jpg,WMJVs-_BO2_2,test,train
WMJVs-_BO2_2_212_jpg.rf.91dbcc321daf07bae84db020fac0814e.jpg,WMJVs-_BO2_2,train,train
WMJVs-_BO2_2_213_jpg.rf.e53ac8e8ccc2e331dffdb50aa5b827f4.jpg,WMJVs-_BO2_2,train,train
WMJVs-_BO2_2_214_jpg.rf.dd8b6ac2182c62cd46044b84553416e8.jpg,WMJVs-_BO2_2,valid,train
WMJVs-_BO2_2_215_jpg.rf.c8d9affc467923c3eeed78e3240d6582.jpg,WMJVs-_BO2_2,train,train
WMJVs-_BO2_2_216_jpg.rf.cfcbd8ab08482784ea29f8fbc315cf34.jpg,WMJVs-_BO2_2,train,train
WMJVs-_BO2_2_217_jpg.rf.5cd9251c415f541899e3c4768efa6822.jpg,WMJVs-_BO2_2,train,train
WMJVs-_BO2_2_218_jpg.rf.cb745c5f9a852674be5ffb272c276c94.jpg,WMJVs-_BO2_2,test,train
WMJVs-_BO2_2_219_jpg.rf.85810caa3d8e7fc4b3890d6983a571f4.jpg,WMJVs-_BO2_2,train,train
WMJVs-_BO2_2_21_jpg.rf.219bd4803ea96c8b962ab4025f05e812.jpg,WMJVs-_BO2_2,test,train
WMJVs-_BO2_2_220_jpg.rf.0551f4ae5f3ee2e873f22d71dee1bf0f.jpg,WMJVs-_BO2_2,train,train
WMJVs-_BO2_2_221_jpg.rf.cc2e731ded62ad5822571cc16eaaacb2.jpg,WMJVs-_BO2_2,train,train
WMJVs-_BO2_2_222_jpg.rf.c56f36edbed41ab88f048cdf83ce8b23.jpg,WMJVs-_BO2_2,valid,train
WMJVs-_BO2_2_223_jpg.rf.531f23cb4660790edcaf096691646fb1.jpg,WMJVs-_BO2_2,train,train
WMJVs-_BO2_2_224_jpg.rf.f878ab6be96a19b78c28b2c615ae3ad3.jpg,WMJVs-_BO2_2,train,train
WMJVs-_BO2_2_225_jpg.rf.aee19f31e41be1139720f4850da33e67.jpg,WMJVs-_BO2_2,train,train
WMJVs-_BO2_2_226_jpg.rf.e4505561a402f2c1517db1da2df35057.jpg,WMJVs-_BO2_2,valid,train
WMJVs-_BO2_2_227_jpg.rf.458b74f0a6ae882a33a57aedb3b5b926.jpg,WMJVs-_BO2_2,train,train
WMJVs-_BO2_2_228_jpg.rf.c400742fa121ab24ce652e04e7bde84b.jpg,WMJVs-_BO2_2,train,train
WMJVs-_BO2_2_229_jpg.rf.28970e1800db79758c4757ecb78b4469.jpg,WMJVs-_BO2_2,train,train
WMJVs-_BO2_2_22_jpg.rf.9682603c1605e35521c03c6e34af9641.jpg,WMJVs-_BO2_2,train,train
WMJVs-_BO2_2_230_jpg.rf.ea5af15ed1fdf953165ea8607fa7e30f.jpg,WMJVs-_BO2_2,train,train
WMJVs-_BO2_2_231_jpg.rf.45a535863f49058d77062def5014a03f.jpg,WMJVs-_BO2_2,test,train
WMJVs-_BO2_2_232_jpg.rf.ad63ddd06521074856dfba5a121e8b7e.jpg,WMJVs-_BO2_2,train,train
WMJVs-_BO2_2_233_jpg.rf.cdc6fd3d4405cc828700a34d34e776fc.jpg,WMJVs-_BO2_2,valid,train
WMJVs-_BO2_2_234_jpg.rf.6df5fe0a547a6dcebb7500c9f8a27f72.jpg,WMJVs-_BO2_2,train,train
WMJVs-_BO2_2_235_jpg.rf.a0454ab4e5d7c908c6077376fcbb0e70.jpg,WMJVs-_BO2_2,train,train
WMJVs-_BO2_2_236_jpg.rf.e33f249f19ab977fc0a952f1cdd057bc.jpg,WMJVs-_BO2_2,train,train
WMJVs-_BO2_2_237_jpg.rf.3566642c06ae8d40148437e5918f1ba0.jpg,WMJVs-_BO2_2,train,train
WMJVs-_BO2_2_238_jpg.rf.124988727ab8c6e3a30183489414247e.jpg,WMJVs-_BO2_2,train,train
WMJVs-_BO2_2_239_jpg.rf.6b5191a36e462dff4cd3276480bb9b03.jpg,WMJVs-_BO2_2,train,train
WMJVs-_BO2_2_23_jpg.rf.bbd749deba2177718280cb2891bd9c13.jpg,WMJVs-_BO2_2,train,train
WMJVs-_BO2_2_240_jpg.rf.02ab56e53c78b63f1375f1b37e93783f.jpg,WMJVs-_BO2_2,train,train
WMJVs-_BO2_2_241_jpg.rf.5d7aa9f9e7ffb525f5f0b073338f95ba.jpg,WMJVs-_BO2_2,train,train
WMJVs-_BO2_2_242_jpg.rf.866cbec5a8605cb5f771d6dd79d785a0.jpg,WMJVs-_BO2_2,train,train
WMJVs-_BO2_2_243_jpg.rf.5ad103dfe90cb0951048ffc5afee3eb9.jpg,WMJVs-_BO2_2,train,train
WMJVs-_BO2_2_244_jpg.rf.839698cf11334b2a662130187a261a1b.jpg,WMJVs-_BO2_2,train,train
WMJVs-_BO2_2_245_jpg.rf.85e06cadbec83cfd55f2a379c8520f62.jpg,WMJVs-_BO2_2,train,train
WMJVs-_BO2_2_246_jpg.rf.9da929e58fdfcb755d340914e6e8db98.jpg,WMJVs-_BO2_2,valid,train
WMJVs-_BO2_2_247_jpg.rf.f5ab6f65dfef9b09e5bbeb4f4d033d71.jpg,WMJVs-_BO2_2,valid,train
WMJVs-_BO2_2_248_jpg.rf.700b42b173c0d899ac761864bd51da00.jpg,WMJVs-_BO2_2,train,train
WMJVs-_BO2_2_249_jpg.rf.2a39e2f950ba33d8d6630b6ad2ace6dc.jpg,WMJVs-_BO2_2,train,train
WMJVs-_BO2_2_24_jpg.rf.517bd531f2b0af9cfd08efaa74aaffde.jpg,WMJVs-_BO2_2,train,train
WMJVs-_BO2_2_250_jpg.rf.c885a1ca1e99ccfbb958c9936982219f.jpg,WMJVs-_BO2_2,test,train
WMJVs-_BO2_2_251_jpg.rf.b50c8f625e2adbbdabcaf3e4072e105d.jpg,WMJVs-_BO2_2,train,train
WMJVs-_BO2_2_252_jpg.rf.1c6ce1ca78f1e934cf3511d1923c021b.jpg,WMJVs-_BO2_2,train,train
WMJVs-_BO2_2_253_jpg.rf.0977bcf9b8cbef3a2a8589f45c3ae404.jpg,WMJVs-_BO2_2,train,train
WMJVs-_BO2_2_254_jpg.rf.93ec8b4846de06c3e797a39459914b6f.jpg,WMJVs-_BO2_2,test,train
WMJVs-_BO2_2_255_jpg.rf.fbef6641bd6c3ffa4f75e837e6669ba4.jpg,WMJVs-_BO2_2,train,train
WMJVs-_BO2_2_256_jpg.rf.4619f4fbde340766b95af7f181d0c2ac.jpg,WMJVs-_BO2_2,train,train
WMJVs-_BO2_2_257_jpg.rf.a5ebb9686087fe223c745646f2b36286.jpg,WMJVs-_BO2_2,train,train
WMJVs-_BO2_2_258_jpg.rf.9462cc1c2b159e6d22177fe037bb85de.jpg,WMJVs-_BO2_2,valid,train
WMJVs-_BO2_2_259_jpg.rf.e1647bc0d475d4f45969bca461a4fc60.jpg,WMJVs-_BO2_2,train,train
WMJVs-_BO2_2_25_jpg.rf.eeeb92b3801a34aa0cd6a6b838c2afcb.jpg,WMJVs-_BO2_2,train,train
WMJVs-_BO2_2_260_jpg.rf.c763bf2fb512c4f557ee792906ac8e13.jpg,WMJVs-_BO2_2,valid,train
WMJVs-_BO2_2_261_jpg.rf.b55344e205390d048dc3ac6bf0b66edc.jpg,WMJVs-_BO2_2,train,train
WMJVs-_BO2_2_262_jpg.rf.39cebb414b57952cf2c9af7be0b02fbb.jpg,WMJVs-_BO2_2,valid,train
WMJVs-_BO2_2_263_jpg.rf.07bb1e98b4239d4f6cadcca5cacca639.jpg,WMJVs-_BO2_2,train,train
WMJVs-_BO2_2_264_jpg.rf.4880eee6a56f3fc72796ee6605bad826.jpg,WMJVs-_BO2_2,train,train
WMJVs-_BO2_2_265_jpg.rf.bd0aceb728a499a108e3901844907c7a.jpg,WMJVs-_BO2_2,test,train
WMJVs-_BO2_2_266_jpg.rf.dec15eaa360c2b70c96ac1e748ca0868.jpg,WMJVs-_BO2_2,train,train
WMJVs-_BO2_2_267_jpg.rf.56a4a76b72c5a723880b92904a4514eb.jpg,WMJVs-_BO2_2,test,train
WMJVs-_BO2_2_268_jpg.rf.93656e41fc1d80537addb12e017cc395.jpg,WMJVs-_BO2_2,train,train
WMJVs-_BO2_2_269_jpg.rf.c95f8c275633898aa4869fff14694e9d.jpg,WMJVs-_BO2_2,valid,train
WMJVs-_BO2_2_26_jpg.rf.665484856f0e5de0d2671801d6b49a51.jpg,WMJVs-_BO2_2,test,train
WMJVs-_BO2_2_270_jpg.rf.328d591d63785f24648393b442f510c6.jpg,WMJVs-_BO2_2,valid,train
WMJVs-_BO2_2_271_jpg.rf.2e166e5dd8470f1dc4afd8c9207391dd.jpg,WMJVs-_BO2_2,train,train
WMJVs-_BO2_2_272_jpg.rf.de5e997ad4a18e3c587fe3a6fd1644e4.jpg,WMJVs-_BO2_2,valid,train
WMJVs-_BO2_2_273_jpg.rf.abac96fadd095145cde89d794936929b.jpg,WMJVs-_BO2_2,test,train
WMJVs-_BO2_2_274_jpg.rf.ca58cb8909a798f0315e17a077d919b5.jpg,WMJVs-_BO2_2,train,train
WMJVs-_BO2_2_275_jpg.rf.7274e15bfe6e4ac58d66a9455699c6ab.jpg,WMJVs-_BO2_2,valid,train
WMJVs-_BO2_2_276_jpg.rf.1ab8b5f92d7e00dd278ac7eae23ae780.jpg,WMJVs-_BO2_2,test,train
WMJVs-_BO2_2_277_jpg.rf.44bd3f4dd8b15dc92f26f9943fe010b9.jpg,WMJVs-_BO2_2,test,train
WMJVs-_BO2_2_278_jpg.rf.0e42fdba52537d3c2af9c26a474c947b.jpg,WMJVs-_BO2_2,train,train
WMJVs-_BO2_2_279_jpg.rf.291e49ec3b5d47d3380fbd0cd3b6826a.jpg,WMJVs-_BO2_2,train,train
WMJVs-_BO2_2_27_jpg.rf.4c9c4f2aee536c35004690796c640d05.jpg,WMJVs-_BO2_2,train,train
WMJVs-_BO2_2_280_jpg.rf.d57fea617a38b8a1cf8ecfdc1c10ca46.jpg,WMJVs-_BO2_2,valid,train
WMJVs-_BO2_2_281_jpg.rf.5f3ad2aac8926b0e1a127706451dab35.jpg,WMJVs-_BO2_2,train,train
WMJVs-_BO2_2_282_jpg.rf.f12514b29c6b75ab8e88f8e859844d6f.jpg,WMJVs-_BO2_2,test,train
WMJVs-_BO2_2_283_jpg.rf.f05134dd13b47e01784063351fdb71b9.jpg,WMJVs-_BO2_2,train,train
WMJVs-_BO2_2_284_jpg.rf.bb90de9a72e3e2a8ef3340b8764e91a3.jpg,WMJVs-_BO2_2,train,train
WMJVs-_BO2_2_285_jpg.rf.7642d298eff97d4d9ce78614a4c4cb64.jpg,WMJVs-_BO2_2,train,train
WMJVs-_BO2_2_286_jpg.rf.2f555b842d954501236eebdb2fb19c8d.jpg,WMJVs-_BO2_2,valid,train
WMJVs-_BO2_2_287_jpg.rf.2398141dde250e7f9734e5426aaa814c.jpg,WMJVs-_BO2_2,train,train
WMJVs-_BO2_2_288_jpg.rf.9be835486ae71559180a01670bef2cfd.jpg,WMJVs-_BO2_2,train,train
WMJVs-_BO2_2_289_jpg.rf.0bdbfb6452324cc69cb62ab3267b011d.jpg,WMJVs-_BO2_2,test,train
WMJVs-_BO2_2_28_jpg.rf.e1724290c724c1cc6aeb5ffe86b24925.jpg,WMJVs-_BO2_2,train,train
WMJVs-_BO2_2_290_jpg.rf.f7d9c3541b7bf61a92a428efa4816129.jpg,WMJVs-_BO2_2,train,train
WMJVs-_BO2_2_291_jpg.rf.c50e0e79c4917ac35f7092ff9404a179.jpg,WMJVs-_BO2_2,train,train
WMJVs-_BO2_2_292_jpg.rf.cf0c7fed2447f4a4cb40abad89eca0a9.jpg,WMJVs-_BO2_2,train,train
WMJVs-_BO2_2_293_jpg.rf.17916e90d99346307375f851dacb9a73.jpg,WMJVs-_BO2_2,train,train
WMJVs-_BO2_2_294_jpg.rf.a86cbcaf1bcac42a948058f1049a710b.jpg,WMJVs-_BO2_2,valid,train
WMJVs-_BO2_2_295_jpg.rf.8afbdcb1a64717499f0dfbc1aaf7e502.jpg,WMJVs-_BO2_2,test,train
WMJVs-_BO2_2_296_jpg.rf.de0e5ece66518e75445b86ec5cc929b7.jpg,WMJVs-_BO2_2,train,train
WMJVs-_BO2_2_297_jpg.rf.5cda738f300dd75b2080175c09a17a5a.jpg,WMJVs-_BO2_2,train,train
WMJVs-_BO2_2_298_jpg.rf.4990e97ba34874f29b78ccc24d4f39d6.jpg,WMJVs-_BO2_2,train,train
WMJVs-_BO2_2_299_jpg.rf.efcdabbfba81a1e3c6bb4a7ac9a61053.jpg,WMJVs-_BO2_2,test,train
WMJVs-_BO2_2_29_jpg.rf.3d70470a3697c462c0ae4d20a4b33c4d.jpg,WMJVs-_BO2_2,train,train
WMJVs-_BO2_2_2_jpg.rf.44cef1c107cf6b400d0a39919a96d6dc.jpg,WMJVs-_BO2_2,valid,train
WMJVs-_BO2_2_300_jpg.rf.424de8d2c9e8e1b1b015a1e6b716abb0.jpg,WMJVs-_BO2_2,train,train
WMJVs-_BO2_2_301_jpg.rf.d59c6e23156bb50740a70aa48d51de13.jpg,WMJVs-_BO2_2,train,train
WMJVs-_BO2_2_302_jpg.rf.9e1b7be7ef4d0d991f0149b63159708b.jpg,WMJVs-_BO2_2,train,train
WMJVs-_BO2_2_303_jpg.rf.c8b147952c530ba3fe89c03f8624afb2.jpg,WMJVs-_BO2_2,train,train
WMJVs-_BO2_2_304_jpg.rf.00caa252e940d3c1762ebaad6fd3fae0.jpg,WMJVs-_BO2_2,train,train
WMJVs-_BO2_2_305_jpg.rf.c10ec1f8636f1f6b6becb53d45685dc0.jpg,WMJVs-_BO2_2,valid,train
WMJVs-_BO2_2_306_jpg.rf.3db3d5c7d22cb8228465c7413cca0f2c.jpg,WMJVs-_BO2_2,train,train
WMJVs-_BO2_2_307_jpg.rf.e83ecec8a256650545efffcdfbc5c078.jpg,WMJVs-_BO2_2,train,train
WMJVs-_BO2_2_308_jpg.rf.79812ae919524d385f0ad1a70d0a138f.jpg,WMJVs-_BO2_2,train,train
WMJVs-_BO2_2_309_jpg.rf.8d9b0d249d8cfa058239f56978598f4a.jpg,WMJVs-_BO2_2,train,train
WMJVs-_BO2_2_30_jpg.rf.6ca8a7b3aa4d627cc5a964f4944a1594.jpg,WMJVs-_BO2_2,train,train
WMJVs-_BO2_2_310_jpg.rf.8a416c377bb99573429aece0f9166034.jpg,WMJVs-_BO2_2,train,train
WMJVs-_BO2_2_311_jpg.rf.8458594590acf950877f6cb05c7dfba9.jpg,WMJVs-_BO2_2,train,train
WMJVs-_BO2_2_312_jpg.rf.95ade45c32a17d923258fab19d337f4f.jpg,WMJVs-_BO2_2,train,train
WMJVs-_BO2_2_313_jpg.rf.619c0d600302a52384111a915fe37be9.jpg,WMJVs-_BO2_2,train,train
WMJVs-_BO2_2_314_jpg.rf.79d1401868beb99f33d6eac0958892a7.jpg,WMJVs-_BO2_2,valid,train
WMJVs-_BO2_2_315_jpg.rf.45381e061c4fdab3f6ad57bde4e90384.jpg,WMJVs-_BO2_2,train,train
WMJVs-_BO2_2_316_jpg.rf.8d3bb16a5b0632a91a60cdaba81be021.jpg,WMJVs-_BO2_2,train,train
WMJVs-_BO2_2_317_jpg.rf.15ac5cc7c356d6cbad414aa8f025aa8a.jpg,WMJVs-_BO2_2,valid,train
WMJVs-_BO2_2_318_jpg.rf.2c3c21f0e9591477d1baec3c083d5870.jpg,WMJVs-_BO2_2,valid,train
WMJVs-_BO2_2_319_jpg.rf.c480acc1c73e1bb7c7c399ac3c19a718.jpg,WMJVs-_BO2_2,valid,train
WMJVs-_BO2_2_31_jpg.rf.13f17430059f02705720e3bae0d881bf.jpg,WMJVs-_BO2_2,valid,train
WMJVs-_BO2_2_320_jpg.rf.264c9db00fc3419e58a4863a125a8239.jpg,WMJVs-_BO2_2,train,train
WMJVs-_BO2_2_321_jpg.rf.b7a0762be007460548bcfd3167d16004.jpg,WMJVs-_BO2_2,valid,train
WMJVs-_BO2_2_322_jpg.rf.f204b567cdb1e54067e9298b8388dbf1.jpg,WMJVs-_BO2_2,train,train
WMJVs-_BO2_2_323_jpg.rf.77ef212116bc97755c2f50dd42c7ec9d.jpg,WMJVs-_BO2_2,valid,train
WMJVs-_BO2_2_324_jpg.rf.d56a7fdc90c00c40c091db73659add95.jpg,WMJVs-_BO2_2,test,train
WMJVs-_BO2_2_325_jpg.rf.bb09a5b2f52d6954e99bf85f1a627f19.jpg,WMJVs-_BO2_2,train,train
WMJVs-_BO2_2_326_jpg.rf.c29b66c98b0ebbf1d106dd0f64eb98dc.jpg,WMJVs-_BO2_2,train,train
WMJVs-_BO2_2_327_jpg.rf.6c8bcb880a15e39eb390668a16a0031f.jpg,WMJVs-_BO2_2,train,train
WMJVs-_BO2_2_328_jpg.rf.9dc680ddb2f6a16336172f8332afae29.jpg,WMJVs-_BO2_2,train,train
WMJVs-_BO2_2_329_jpg.rf.919eaad384a183267b444d89d5532b55.jpg,WMJVs-_BO2_2,train,train
WMJVs-_BO2_2_32_jpg.rf.b016b33ca1b21b2834c83e5572cf95a6.jpg,WMJVs-_BO2_2,valid,train
WMJVs-_BO2_2_330_jpg.rf.6bc484a6a7d3aead173adebfc757ca9e.jpg,WMJVs-_BO2_2,valid,train
WMJVs-_BO2_2_331_jpg.rf.065158f2d87252a93dddfcdeb570a040.jpg,WMJVs-_BO2_2,train,train
WMJVs-_BO2_2_332_jpg.rf.7db40e0c83e6756911deb7ba939f2ac6.jpg,WMJVs-_BO2_2,train,train
WMJVs-_BO2_2_333_jpg.rf.7a92b60826f32885f1f8c51f96a59a5a.jpg,WMJVs-_BO2_2,train,train
WMJVs-_BO2_2_334_jpg.rf.b41451c01c0a30e14099ed69b4de6c5b.jpg,WMJVs-_BO2_2,train,train
WMJVs-_BO2_2_335_jpg.rf.1555d0533ef4bf631d14744d8b10df0c.jpg,WMJVs-_BO2_2,train,train
WMJVs-_BO2_2_336_jpg.rf.0ebbaa46964948f2c2625d08eb52640d.jpg,WMJVs-_BO2_2,train,train
WMJVs-_BO2_2_337_jpg.rf.d26c639866acc3fc59da757e5fcd1126.jpg,WMJVs-_BO2_2,train,train
WMJVs-_BO2_2_338_jpg.rf.9da2a9be63311542a33c2b2c77888915.jpg,WMJVs-_BO2_2,train,train
WMJVs-_BO2_2_339_jpg.rf.e47c24852a250d486401793d7e8e8339.jpg,WMJVs-_BO2_2,train,train
WMJVs-_BO2_2_33_jpg.rf.06bec00dffef52092e42413ab42078bb.jpg,WMJVs-_BO2_2,train,train
WMJVs-_BO2_2_340_jpg.rf.1d00bd2ee31d4a6f68b7a7b1c38f59e9.jpg,WMJVs-_BO2_2,valid,train
WMJVs-_BO2_2_341_jpg.rf.57efb4c3ad3d69b11cd9cab731b49c1c.jpg,WMJVs-_BO2_2,valid,train
WMJVs-_BO2_2_342_jpg.rf.05b00483c952f89213ef851c44bcb465.jpg,WMJVs-_BO2_2,train,train
WMJVs-_BO2_2_343_jpg.rf.b7bcdc1cfb308829e42f3f9dd65c7f9d.jpg,WMJVs-_BO2_2,train,train
WMJVs-_BO2_2_344_jpg.rf.e490c5e9d406c83a20003c99b7857883.jpg,WMJVs-_BO2_2,train,train
WMJVs-_BO2_2_345_jpg.rf.e7a2fb93390c35208a3b99427119aff9.jpg,WMJVs-_BO2_2,valid,train
WMJVs-_BO2_2_346_jpg.rf.dddf9bc20f1873617517e1d81cb30ecc.jpg,WMJVs-_BO2_2,train,train
WMJVs-_BO2_2_347_jpg.rf.3f57a5cba4e06aafc88699499818b0ec.jpg,WMJVs-_BO2_2,train,train
WMJVs-_BO2_2_348_jpg.rf.bd1592997f63a9df9251ed1fcff2e408.jpg,WMJVs-_BO2_2,valid,train
WMJVs-_BO2_2_349_jpg.rf.ebab2696ae2546cfceff08fef7d1f5a2.jpg,WMJVs-_BO2_2,train,train
WMJVs-_BO2_2_34_jpg.rf.572b8c4746e7839a844758656e476519.jpg,WMJVs-_BO2_2,train,train
WMJVs-_BO2_2_350_jpg.rf.e81772b31045077cb0ad10e967482e3d.jpg,WMJVs-_BO2_2,valid,train
WMJVs-_BO2_2_351_jpg.rf.31c04a614ced4dd99d7e32133501bbc9.jpg,WMJVs-_BO2_2,test,train
WMJVs-_BO2_2_352_jpg.rf.7797298399e0272bde35853526c03bb0.jpg,WMJVs-_BO2_2,train,train
WMJVs-_BO2_2_353_jpg.rf.210951c9d0f43ec0367ffe61fbc3cfe8.jpg,WMJVs-_BO2_2,valid,train
WMJVs-_BO2_2_354_jpg.rf.dc9bbf690d1e304658adc65c78fa984a.jpg,WMJVs-_BO2_2,train,train
WMJVs-_BO2_2_355_jpg.rf.06075a8593957b97d311c4e8cf97fe94.jpg,WMJVs-_BO2_2,train,train
WMJVs-_BO2_2_356_jpg.rf.82842aad231e53011f2aad933cfd5ea9.jpg,WMJVs-_BO2_2,train,train
WMJVs-_BO2_2_357_jpg.rf.47e38850b0b4393e75eec4eb8d003411.jpg,WMJVs-_BO2_2,train,train
WMJVs-_BO2_2_358_jpg.rf.97c26833d405f68ff48788d27dcd6371.jpg,WMJVs-_BO2_2,valid,train
WMJVs-_BO2_2_359_jpg.rf.3899063dfde0e366c75433e3bb9e244b.jpg,WMJVs-_BO2_2,train,train
WMJVs-_BO2_2_35_jpg.rf.cd1358f8f7e3e939f1db9391a23c6b94.jpg,WMJVs-_BO2_2,train,train
WMJVs-_BO2_2_360_jpg.rf.af73d40b2b4292f2ca512937f53c6052.jpg,WMJVs-_BO2_2,train,train
WMJVs-_BO2_2_361_jpg.rf.ec8a0f2ccb88d9fe562eea74a9b8ba75.jpg,WMJVs-_BO2_2,train,train
WMJVs-_BO2_2_362_jpg.rf.f4697b92e49485dda83994e466c85598.jpg,WMJVs-_BO2_2,valid,train
WMJVs-_BO2_2_363_jpg.rf.e475a72d068ce4752a932ba176dd1a20.jpg,WMJVs-_BO2_2,train,train
WMJVs-_BO2_2_364_jpg.rf.81cfa21686799349b30c8609591dc5ad.jpg,WMJVs-_BO2_2,train,train
WMJVs-_BO2_2_365_jpg.rf.285e9b8586490ce3fdbf20f4415a637b.jpg,WMJVs-_BO2_2,train,train
WMJVs-_BO2_2_366_jpg.rf.2b7ca6103618c00936510429c35e74be.jpg,WMJVs-_BO2_2,train,train
WMJVs-_BO2_2_367_jpg.rf.cc9beb3ccabf3cf9c6906798753de9ac.jpg,WMJVs-_BO2_2,train,train
WMJVs-_BO2_2_368_jpg.rf.8c725e86e2bc207fc249d5b4c7a2f587.jpg,WMJVs-_BO2_2,train,train
WMJVs-_BO2_2_369_jpg.rf.bc72637411bed0f79853919d871fc943.jpg,WMJVs-_BO2_2,train,train
WMJVs-_BO2_2_36_jpg.rf.bbb99d21d8ded8aaf45207a1df1f5f20.jpg,WMJVs-_BO2_2,train,train
WMJVs-_BO2_2_370_jpg.rf.7c5527c91d93ab699db5946e2c56cc8e.jpg,WMJVs-_BO2_2,valid,train
WMJVs-_BO2_2_371_jpg.rf.a538b6b369f315c4e1ba10ae8c1a8d6f.jpg,WMJVs-_BO2_2,train,train
WMJVs-_BO2_2_372_jpg.rf.0cbc4fe7e756731e1adf17947ac2fdb9.jpg,WMJVs-_BO2_2,train,train
WMJVs-_BO2_2_373_jpg.rf.6ef6462c31e7b53493a2cfbf2577b8d4.jpg,WMJVs-_BO2_2,train,train
WMJVs-_BO2_2_374_jpg.rf.df6c2293df39401e3a2bc569ace94738.jpg,WMJVs-_BO2_2,train,train
WMJVs-_BO2_2_375_jpg.rf.d3b867d4a0b5297ff1bd3275615ffc53.jpg,WMJVs-_BO2_2,test,train
WMJVs-_BO2_2_376_jpg.rf.7a0a6acc31c0ae24791f548e02d00733.jpg,WMJVs-_BO2_2,test,train
WMJVs-_BO2_2_377_jpg.rf.d1e07f3fbc1d19299d7eb0be5e76dc5b.jpg,WMJVs-_BO2_2,train,train
WMJVs-_BO2_2_378_jpg.rf.69cfd0360ea20e3aa2100d82cab2c491.jpg,WMJVs-_BO2_2,valid,train
WMJVs-_BO2_2_379_jpg.rf.5bcf3f1296c3c8107f5be8b240c8a859.jpg,WMJVs-_BO2_2,train,train
WMJVs-_BO2_2_37_jpg.rf.8bef2b6e3c2a3b3e6c78b1d717fbbd21.jpg,WMJVs-_BO2_2,train,train
WMJVs-_BO2_2_380_jpg.rf.bd7e1d20adb38ad193b47ddcdd242d17.jpg,WMJVs-_BO2_2,train,train
WMJVs-_BO2_2_381_jpg.rf.dc9a3736fe06a1373269f72ad560eab3.jpg,WMJVs-_BO2_2,train,train
WMJVs-_BO2_2_382_jpg.rf.6cc8c5494cd8787284cbb330a7009ef0.jpg,WMJVs-_BO2_2,test,train
WMJVs-_BO2_2_383_jpg.rf.1c45ba540afdbeda7d8c99dcf5f8c20e.jpg,WMJVs-_BO2_2,valid,train
WMJVs-_BO2_2_384_jpg.rf.fa0436293dca3ebf1b9d97b73e0985f0.jpg,WMJVs-_BO2_2,train,train
WMJVs-_BO2_2_385_jpg.rf.c1b15f32045026fe6029757103789ba3.jpg,WMJVs-_BO2_2,train,train
WMJVs-_BO2_2_386_jpg.rf.391bc087661d8848849501ab19e24d8e.jpg,WMJVs-_BO2_2,valid,train
WMJVs-_BO2_2_387_jpg.rf.d2f3068227c7d94f5338f8e6d6b8f514.jpg,WMJVs-_BO2_2,train,train
WMJVs-_BO2_2_388_jpg.rf.a7421e3edd1c0d42ca0518e6c5783cde.jpg,WMJVs-_BO2_2,test,train
WMJVs-_BO2_2_389_jpg.rf.b934756b3f0dc0e44c4cd2b1dcb343a2.jpg,WMJVs-_BO2_2,valid,train
WMJVs-_BO2_2_38_jpg.rf.1ca478a4b6246607ed0e09d85ac50de7.jpg,WMJVs-_BO2_2,test,train
WMJVs-_BO2_2_390_jpg.rf.d8370d922d117bcad5100c3a5c1c54c0.jpg,WMJVs-_BO2_2,train,train
WMJVs-_BO2_2_391_jpg.rf.6a7210d0b5e85b94882611bff77f6187.jpg,WMJVs-_BO2_2,valid,train
WMJVs-_BO2_2_392_jpg.rf.48fefefee19585c6d91837a937ba386a.jpg,WMJVs-_BO2_2,train,train
WMJVs-_BO2_2_393_jpg.rf.c5a28f82e574cfa471980655bd45cafa.jpg,WMJVs-_BO2_2,test,train
WMJVs-_BO2_2_394_jpg.rf.6a93a5bdc326a7a6be0acdd7f0130200.jpg,WMJVs-_BO2_2,train,train
WMJVs-_BO2_2_395_jpg.rf.0f8049393c31de0876ecf8764cda0e78.jpg,WMJVs-_BO2_2,valid,train
WMJVs-_BO2_2_396_jpg.rf.f8f9ca4066ef4e780df4e24950805c00.jpg,WMJVs-_BO2_2,train,train
WMJVs-_BO2_2_397_jpg.rf.a2712d7f5c5204b27e2603080c73fb78.jpg,WMJVs-_BO2_2,valid,train
WMJVs-_BO2_2_398_jpg.rf.b078af625d35185ae177903b638e7d9e.jpg,WMJVs-_BO2_2,test,train
WMJVs-_BO2_2_399_jpg.rf.4dede74fc888760f32a95a099dd59895.jpg,WMJVs-_BO2_2,valid,train
WMJVs-_BO2_2_39_jpg.rf.461b0407d0318517d514bb0ab4ded4c8.jpg,WMJVs-_BO2_2,valid,train
WMJVs-_BO2_2_3_jpg.rf.f5b82e0fffdbea8d6f7752433070ee20.jpg,WMJVs-_BO2_2,test,train
WMJVs-_BO2_2_400_jpg.rf.bd3120813f9a3d0cbb048f70e11aea94.jpg,WMJVs-_BO2_2,train,train
WMJVs-_BO2_2_401_jpg.rf.4b315553650932bb393da7dff8b67d4e.jpg,WMJVs-_BO2_2,train,train
WMJVs-_BO2_2_402_jpg.rf.33d917e69c2844724715fc4df8962ac0.jpg,WMJVs-_BO2_2,test,train
WMJVs-_BO2_2_403_jpg.rf.5f04643fe3357cae04aa9f8ef16ec6b4.jpg,WMJVs-_BO2_2,valid,train
WMJVs-_BO2_2_404_jpg.rf.05e24e59fe37c1529266828c7150653e.jpg,WMJVs-_BO2_2,train,train
WMJVs-_BO2_2_405_jpg.rf.5f3d221ce857dd8da4a82c59c008c4d2.jpg,WMJVs-_BO2_2,train,train
WMJVs-_BO2_2_406_jpg.rf.fc1fe01a2628fb5b70ca469ac6c9ca89.jpg,WMJVs-_BO2_2,train,train
WMJVs-_BO2_2_407_jpg.rf.ba6a8e61223d7f6b37aa07fb97b47c7e.jpg,WMJVs-_BO2_2,train,train
WMJVs-_BO2_2_408_jpg.rf.a931579598d69feb8e1cb591bf8fb430.jpg,WMJVs-_BO2_2,train,train
WMJVs-_BO2_2_409_jpg.rf.19eeb7fc2cfd99c473dc0e7cb6b9c58d.jpg,WMJVs-_BO2_2,train,train
WMJVs-_BO2_2_40_jpg.rf.721c9aae6c73defee7bdede5e32dfc69.jpg,WMJVs-_BO2_2,train,train
WMJVs-_BO2_2_410_jpg.rf.d5aea642876d3f5015afc1195161d1f8.jpg,WMJVs-_BO2_2,test,train
WMJVs-_BO2_2_411_jpg.rf.60dd7dec2f23b1cde58ff6aa2e7390fc.jpg,WMJVs-_BO2_2,valid,train
WMJVs-_BO2_2_412_jpg.rf.31512a83833bb23cbccdb3122fc77c23.jpg,WMJVs-_BO2_2,train,train
WMJVs-_BO2_2_413_jpg.rf.d96fd5d0db6c1d6095c943be2151c477.jpg,WMJVs-_BO2_2,test,train
WMJVs-_BO2_2_414_jpg.rf.ad63dec1536927b786fd2802609e6d1c.jpg,WMJVs-_BO2_2,train,train
WMJVs-_BO2_2_415_jpg.rf.b6271d1ed601d2b21bb382fb973d45e0.jpg,WMJVs-_BO2_2,valid,train
WMJVs-_BO2_2_416_jpg.rf.d08e58044e9fee2a9530e3f0513b1fbd.jpg,WMJVs-_BO2_2,train,train
WMJVs-_BO2_2_417_jpg.rf.dfff1611f41e3b2b36a7b1f6d70fe141.jpg,WMJVs-_BO2_2,train,train
WMJVs-_BO2_2_418_jpg.rf.990a4b706f1265fc6306b9e631deaf32.jpg,WMJVs-_BO2_2,valid,train
WMJVs-_BO2_2_419_jpg.rf.cf36a58eb7f1049e8a53cc95e464263d.jpg,WMJVs-_BO2_2,train,train
WMJVs-_BO2_2_41_jpg.rf.adc1eba7a04f753af120bdb5aeb91fc8.jpg,WMJVs-_BO2_2,train,train
WMJVs-_BO2_2_42_jpg.rf.9ae0124af166ac4e96d748ef46b9227a.jpg,WMJVs-_BO2_2,valid,train
WMJVs-_BO2_2_43_jpg.rf.6cdeaf65a5b4a59c6115d521c23b032c.jpg,WMJVs-_BO2_2,valid,train
WMJVs-_BO2_2_44_jpg.rf.f50f56f0013be6dc9c9a0b9fcafc538a.jpg,WMJVs-_BO2_2,train,train
WMJVs-_BO2_2_45_jpg.rf.465008479579554132614b8783814c8a.jpg,WMJVs-_BO2_2,valid,train
WMJVs-_BO2_2_46_jpg.rf.4ec1bb153c67f563fd2dba78b457989e.jpg,WMJVs-_BO2_2,train,train
WMJVs-_BO2_2_47_jpg.rf.1a9ee1ded5e805bc299954d8c2c61932.jpg,WMJVs-_BO2_2,train,train
WMJVs-_BO2_2_48_jpg.rf.ebab1314394752a3b1e6786c3b766af6.jpg,WMJVs-_BO2_2,train,train
WMJVs-_BO2_2_49_jpg.rf.871715790e3875e819a6f223ca7d6ce6.jpg,WMJVs-_BO2_2,train,train
WMJVs-_BO2_2_4_jpg.rf.e38f24fcc1791660ed66a1a3a152568b.jpg,WMJVs-_BO2_2,valid,train
WMJVs-_BO2_2_50_jpg.rf.fad856419c776579a977eaedf185f732.jpg,WMJVs-_BO2_2,test,train
WMJVs-_BO2_2_51_jpg.rf.00247a4369b8dd4992cdc5aa02fe4656.jpg,WMJVs-_BO2_2,train,train
WMJVs-_BO2_2_52_jpg.rf.ad62399eab2edca86c8a726404bb701c.jpg,WMJVs-_BO2_2,valid,train
WMJVs-_BO2_2_53_jpg.rf.a6451ca307c89dad1f3d236c012a3d1c.jpg,WMJVs-_BO2_2,train,train
WMJVs-_BO2_2_54_jpg.rf.455e0c30b3c5df897290a08b6001a454.jpg,WMJVs-_BO2_2,train,train
WMJVs-_BO2_2_55_jpg.rf.61134b955b4a12a116bb8f8a2fb5b61b.jpg,WMJVs-_BO2_2,train,train
WMJVs-_BO2_2_56_jpg.rf.fc6de4b0a00689baf84e87b94ccccb31.jpg,WMJVs-_BO2_2,valid,train
WMJVs-_BO2_2_57_jpg.rf.2051d7efb4f393530a2bcc7ac7aefb61.jpg,WMJVs-_BO2_2,train,train
WMJVs-_BO2_2_58_jpg.rf.9aababe7e8b98ffbca06127a955daf87.jpg,WMJVs-_BO2_2,valid,train
WMJVs-_BO2_2_59_jpg.rf.ec2a9e78bf8eb7b88eac19c63d6a7223.jpg,WMJVs-_BO2_2,valid,train
WMJVs-_BO2_2_5_jpg.rf.f263f12458920f4ecd9bcc0ad31d3b1e.jpg,WMJVs-_BO2_2,train,train
WMJVs-_BO2_2_60_jpg.rf.8ce13b5c82622fda825fe66fdaa64a7a.jpg,WMJVs-_BO2_2,train,train
WMJVs-_BO2_2_61_jpg.rf.bef0eb8e434c070dbce17f045de877a8.jpg,WMJVs-_BO2_2,train,train
WMJVs-_BO2_2_62_jpg.rf.6b2982ab7dc1bb44b5b2ab14cda2a200.jpg,WMJVs-_BO2_2,train,train
WMJVs-_BO2_2_63_jpg.rf.d9f91393d978ba8880bfa2af9d5ea001.jpg,WMJVs-_BO2_2,valid,train
WMJVs-_BO2_2_64_jpg.rf.fc83245c61c76fc541f51a2bc5457026.jpg,WMJVs-_BO2_2,valid,train
WMJVs-_BO2_2_65_jpg.rf.43eeafee974ddf2b9260d8046c31c1bb.jpg,WMJVs-_BO2_2,valid,train
WMJVs-_BO2_2_66_jpg.rf.309820a8ca7b0aa196f310813631f14c.jpg,WMJVs-_BO2_2,train,train
WMJVs-_BO2_2_67_jpg.rf.14796104b46212b8c365e490e64d3d63.jpg,WMJVs-_BO2_2,train,train
WMJVs-_BO2_2_68_jpg.rf.58d5d5fca8296abd448685d94986bb12.jpg,WMJVs-_BO2_2,train,train
WMJVs-_BO2_2_69_jpg.rf.c885a351cc7801d0366a9d60aa58e562.jpg,WMJVs-_BO2_2,train,train
WMJVs-_BO2_2_6_jpg.rf.c34e4604fc84231db0686f7c0d44a24e.jpg,WMJVs-_BO2_2,train,train
WMJVs-_BO2_2_70_jpg.rf.dec5952380aca1323837b0b7757bfb40.jpg,WMJVs-_BO2_2,train,train
WMJVs-_BO2_2_71_jpg.rf.cfcea5b89669c852938e4e3f9ec245a1.jpg,WMJVs-_BO2_2,train,train
WMJVs-_BO2_2_72_jpg.rf.06ece185d7170411aa6d01a0317d8c45.jpg,WMJVs-_BO2_2,train,train
WMJVs-_BO2_2_73_jpg.rf.d0c6e864ae7116f82c0f361dfef8df5d.jpg,WMJVs-_BO2_2,train,train
WMJVs-_BO2_2_74_jpg.rf.1e4af29d52ef28455e654d055a37d035.jpg,WMJVs-_BO2_2,valid,train
WMJVs-_BO2_2_75_jpg.rf.e05cab57731c2fc8f4dec15ed4f2ef04.jpg,WMJVs-_BO2_2,train,train
WMJVs-_BO2_2_76_jpg.rf.b2810383cc11a945bd837c3f56446e38.jpg,WMJVs-_BO2_2,valid,train
WMJVs-_BO2_2_77_jpg.rf.28ad3921cf548ecda21d81b5bcad291b.jpg,WMJVs-_BO2_2,train,train
WMJVs-_BO2_2_78_jpg.rf.bd87addb396abb8e9222b67b639ffc1d.jpg,WMJVs-_BO2_2,train,train
WMJVs-_BO2_2_79_jpg.rf.1ba1b1da32cb34e97815c26f7768c1b4.jpg,WMJVs-_BO2_2,train,train
WMJVs-_BO2_2_7_jpg.rf.b49dc7221ff05acfe7da84ec9668940c.jpg,WMJVs-_BO2_2,test,train
WMJVs-_BO2_2_80_jpg.rf.09c4d85f1ead7f3d341dfe4cb630053f.jpg,WMJVs-_BO2_2,train,train
WMJVs-_BO2_2_81_jpg.rf.3e223c787e34055c1a646d26a59fe559.jpg,WMJVs-_BO2_2,train,train
WMJVs-_BO2_2_82_jpg.rf.0a764f5e56056408a5cb1ebcb6084e14.jpg,WMJVs-_BO2_2,train,train
WMJVs-_BO2_2_83_jpg.rf.45d0c945769bbace7ca593d88e19adf3.jpg,WMJVs-_BO2_2,train,train
WMJVs-_BO2_2_84_jpg.rf.a32206c256ecde67ea8767da55e98af4.jpg,WMJVs-_BO2_2,train,train
WMJVs-_BO2_2_85_jpg.rf.1f9729a3a7d5d7bd11b5fae72ee52add.jpg,WMJVs-_BO2_2,train,train
WMJVs-_BO2_2_86_jpg.rf.78eaec8842d616221ced1df99b286a6b.jpg,WMJVs-_BO2_2,train,train
WMJVs-_BO2_2_87_jpg.rf.b113afaa081a89dba16e72570f96db51.jpg,WMJVs-_BO2_2,train,train
WMJVs-_BO2_2_88_jpg.rf.49f8eb6f21ae2804aa5c42802d591f02.jpg,WMJVs-_BO2_2,train,train
WMJVs-_BO2_2_89_jpg.rf.cf580fbcfd6e1000c7ff535677a4a152.jpg,WMJVs-_BO2_2,test,train
WMJVs-_BO2_2_8_jpg.rf.519d892202ec3f10ce2c5f3f0923e740.jpg,WMJVs-_BO2_2,train,train
WMJVs-_BO2_2_90_jpg.rf.0715734a99851c9f1735936f4d53369f.jpg,WMJVs-_BO2_2,valid,train
WMJVs-_BO2_2_91_jpg.rf.411c0740f917f47c80da8000bb83b307.jpg,WMJVs-_BO2_2,train,train
WMJVs-_BO2_2_92_jpg.rf.44bfc412861a393e3270162bcaf453ed.jpg,WMJVs-_BO2_2,train,train
WMJVs-_BO2_2_93_jpg.rf.effb8116848ee27f707d16ea1e70bc5f.jpg,WMJVs-_BO2_2,train,train
WMJVs-_BO2_2_94_jpg.rf.8cdabc35bb3bffe9e3859abe0b993bbd.jpg,WMJVs-_BO2_2,train,train
WMJVs-_BO2_2_95_jpg.rf.830b2066eec1fdcb6efd13426bd9d756.jpg,WMJVs-_BO2_2,train,train
WMJVs-_BO2_2_96_jpg.rf.2effc7f184709332782dcff195485fd2.jpg,WMJVs-_BO2_2,train,train
WMJVs-_BO2_2_97_jpg.rf.124c96ddeffde74f4467dba923296d29.jpg,WMJVs-_BO2_2,valid,train
WMJVs-_BO2_2_98_jpg.rf.6da4da2e152ad2b3728d63124d8a37cb.jpg,WMJVs-_BO2_2,train,train
WMJVs-_BO2_2_99_jpg.rf.4d5345214a93905e72aac32a41819382.jpg,WMJVs-_BO2_2,valid,train
WMJVs-_BO2_2_9_jpg.rf.8ddd87fcfc33b9d59165bcc5c1c722fa.jpg,WMJVs-_BO2_2,valid,train
