1,1,827.28,562.81,206.61,157.12,1,car,1
1,2,39.13,852.82,139.26,129.4,1,car,1
1,3,233.37,115.69,110.0,89.18,1,car,1
1,4,357.19,109.68,102.68,89.83,1,car,1
1,5,1580.36,113.71,105.98,85.57,1,car,1
1,6,1462.18,110.39,101.98,76.45,1,car,1
2,1,831.74,564.11,205.82,155.69,1,car,1
2,2,39.12,852.82,139.24,129.4,1,car,1
2,3,234.58,115.78,109.12,89.09,1,car,1
2,4,357.07,109.73,103.57,90.35,1,car,1
2,5,1580.33,113.7,106.38,85.49,1,car,1
2,6,1462.41,110.42,101.89,77.01,1,car,1
3,1,836.19,565.41,205.04,154.27,1,car,1
3,2,39.1,852.82,139.21,129.41,1,car,1
3,3,235.8,115.87,108.24,88.99,1,car,1
3,4,356.96,109.79,104.46,90.87,1,car,1
3,5,1580.3,113.69,106.77,85.42,1,car,1
3,6,1462.63,110.44,101.8,77.57,1,car,1
4,1,840.65,566.71,204.26,152.84,1,car,1
4,2,39.08,852.83,139.19,129.41,1,car,1
4,3,237.02,115.97,107.35,88.9,1,car,1
4,4,356.85,109.85,105.35,91.4,1,car,1
4,5,1580.28,113.68,107.17,85.35,1,car,1
4,6,1462.86,110.46,101.7,78.13,1,car,1
5,1,845.11,568.02,203.47,151.42,1,car,1
5,2,39.06,852.83,139.17,129.42,1,car,1
5,3,238.24,116.06,106.47,88.8,1,car,1
5,4,356.74,109.9,106.24,91.92,1,car,1
5,5,1580.25,113.67,107.57,85.28,1,car,1
5,6,1463.09,110.49,101.61,78.69,1,car,1
6,1,849.56,569.32,202.69,150.0,1,car,1
6,2,39.05,852.83,139.15,129.42,1,car,1
6,3,239.45,116.15,105.59,88.7,1,car,1
6,4,356.63,109.96,107.13,92.44,1,car,1
6,5,1580.22,113.66,107.97,85.21,1,car,1
6,6,1463.32,110.51,101.51,79.26,1,car,1
6,7,1697.21,114.91,108.84,90.53,1,car,1
7,1,849.6,568.65,204.57,152.04,1,car,1
7,2,39.03,852.82,139.25,129.44,1,car,1
7,3,239.55,116.12,105.4,88.52,1,car,1
7,4,356.81,110.18,105.84,91.89,1,car,1
7,5,1580.19,113.66,108.37,85.14,1,car,1
7,6,1462.9,110.52,102.04,79.79,1,car,1
7,7,1697.32,114.81,108.84,90.44,1,car,1
8,1,849.63,567.97,206.45,154.09,1,car,1
8,2,39.01,852.81,139.35,129.45,1,car,1
8,3,239.66,116.08,105.2,88.34,1,car,1
8,4,357.0,110.4,104.54,91.34,1,car,1
8,5,1580.27,113.71,107.48,84.0,1,car,1
8,6,1462.47,110.54,102.58,80.33,1,car,1
8,7,1697.44,114.71,108.84,90.34,1,car,1
9,1,849.66,567.3,208.34,156.13,1,car,1
9,2,39.0,852.8,139.46,129.47,1,car,1
9,3,239.76,116.05,105.0,88.15,1,car,1
9,4,357.19,110.62,103.24,90.78,1,car,1
9,5,1580.35,113.76,106.6,82.86,1,car,1
9,6,1462.05,110.55,103.11,80.87,1,car,1
9,7,1697.55,114.61,108.84,90.24,1,car,1
10,1,849.7,566.63,210.22,158.18,1,car,1
10,2,38.98,852.8,139.56,129.48,1,car,1
10,3,239.86,116.01,104.81,87.97,1,car,1
10,4,357.38,110.84,101.95,90.23,1,car,1
10,5,1580.43,113.81,105.72,81.72,1,car,1
10,6,1461.62,110.56,103.64,81.4,1,car,1
10,7,1697.67,114.51,108.84,90.14,1,car,1
11,1,849.73,565.95,212.1,160.22,1,car,1
11,2,38.97,852.79,139.66,129.5,1,car,1
11,3,239.96,115.98,104.61,87.79,1,car,1
11,4,357.56,111.06,100.65,89.68,1,car,1
11,5,1580.51,113.86,104.84,80.58,1,car,1
11,6,1461.2,110.58,104.18,81.94,1,car,1
11,7,1697.78,114.41,108.84,90.04,1,car,1
12,1,860.1,573.17,199.66,152.53,1,car,1
12,2,39.01,852.8,139.58,129.49,1,car,1
12,3,239.77,116.06,104.48,87.94,1,car,1
12,4,357.48,110.78,101.23,89.66,1,car,1
12,5,1580.58,113.91,103.96,79.45,1,car,1
12,6,1461.41,110.56,103.88,80.79,1,car,1
12,7,1697.89,114.31,108.84,89.94,1,car,1
13,1,870.48,580.39,187.21,144.84,1,car,1
13,2,39.05,852.81,139.51,129.47,1,car,1
13,3,239.59,116.13,104.34,88.09,1,car,1
13,4,357.4,110.49,101.82,89.64,1,car,1
13,5,1580.66,113.96,103.08,78.31,1,car,1
13,6,1461.62,110.54,103.58,79.64,1,car,1
13,7,1698.01,114.21,108.84,89.85,1,car,1
14,1,880.85,587.61,174.76,137.15,1,car,1
14,2,39.09,852.82,139.43,129.46,1,car,1
14,3,239.4,116.21,104.2,88.25,1,car,1
14,4,357.31,110.21,102.4,89.61,1,car,1
14,5,1580.68,113.96,103.09,78.26,1,car,1
14,6,1461.83,110.52,103.29,78.48,1,car,1
14,7,1698.12,114.11,108.84,89.75,1,car,1
15,1,891.23,594.83,162.32,129.46,1,car,1
15,2,39.13,852.84,139.35,129.44,1,car,1
15,3,239.22,116.29,104.07,88.4,1,car,1
15,4,357.23,109.92,102.98,89.59,1,car,1
15,5,1580.69,113.96,103.11,78.21,1,car,1
15,6,1462.04,110.5,102.99,77.33,1,car,1
15,7,1698.23,114.0,108.84,89.65,1,car,1
16,1,901.6,602.05,149.87,121.77,1,car,1
16,2,39.17,852.85,139.27,129.43,1,car,1
16,3,239.03,116.37,103.93,88.55,1,car,1
16,4,357.15,109.64,103.56,89.57,1,car,1
16,5,1580.7,113.96,103.12,78.16,1,car,1
16,6,1462.25,110.48,102.7,76.18,1,car,1
16,7,1698.35,113.9,108.85,89.55,1,car,1
17,1,904.42,601.51,149.96,123.75,1,car,1
17,2,39.19,852.83,139.23,129.51,1,car,1
17,3,239.07,116.38,103.96,88.65,1,car,1
17,4,356.95,109.59,103.89,89.96,1,car,1
17,5,1580.72,113.96,103.14,78.11,1,car,1
17,6,1462.04,110.44,102.89,77.05,1,car,1
17,7,1698.46,113.8,108.85,89.45,1,car,1
18,1,907.23,600.97,150.05,125.73,1,car,1
18,2,39.2,852.81,139.18,129.6,1,car,1
18,3,239.11,116.39,103.98,88.75,1,car,1
18,4,356.74,109.54,104.22,90.36,1,car,1
18,5,1580.73,113.96,103.15,78.06,1,car,1
18,6,1461.82,110.4,103.08,77.92,1,car,1
18,7,1698.58,113.7,108.85,89.35,1,car,1
18,8,832.58,561.91,135.82,130.26,1,car,1
19,1,910.05,600.43,150.14,127.71,1,car,1
19,2,39.21,852.8,139.14,129.68,1,car,1
19,3,239.14,116.4,104.0,88.85,1,car,1
19,4,356.54,109.49,104.55,90.75,1,car,1
19,5,1580.75,113.95,103.17,78.01,1,car,1
19,6,1461.61,110.36,103.27,78.78,1,car,1
19,7,1698.61,113.78,108.9,90.84,1,car,1
19,8,826.42,561.57,136.16,130.22,1,car,1
20,1,912.87,599.9,150.22,129.68,1,car,1
20,2,39.22,852.78,139.1,129.77,1,car,1
20,3,239.18,116.41,104.02,88.94,1,car,1
20,4,356.34,109.44,104.88,91.14,1,car,1
20,5,1580.76,113.95,103.19,77.95,1,car,1
20,6,1461.4,110.32,103.47,79.65,1,car,1
20,7,1698.65,113.86,108.95,92.32,1,car,1
20,8,820.25,561.22,136.51,130.18,1,car,1
21,1,915.68,599.36,150.31,131.66,1,car,1
21,2,39.24,852.76,139.05,129.85,1,car,1
21,3,239.22,116.41,104.04,89.04,1,car,1
21,4,356.14,109.39,105.21,91.54,1,car,1
21,5,1580.78,113.95,103.2,77.9,1,car,1
21,6,1461.19,110.28,103.66,80.51,1,car,1
21,7,1698.68,113.94,109.01,93.81,1,car,1
21,8,814.09,560.87,136.85,130.14,1,car,1
22,1,907.52,598.87,154.52,132.76,1,car,1
22,2,39.18,852.76,139.18,129.88,1,car,1
22,3,237.57,116.18,105.3,88.61,1,car,1
22,4,356.47,109.74,103.7,90.62,1,car,1
22,5,1580.79,113.95,103.22,77.85,1,car,1
22,6,1461.29,110.29,103.41,79.43,1,car,1
22,7,1698.72,114.01,109.06,95.29,1,car,1
22,8,807.93,560.53,137.2,130.1,1,car,1
23,1,899.37,598.37,158.73,133.86,1,car,1
23,2,39.12,852.75,139.31,129.9,1,car,1
23,3,235.92,115.94,106.57,88.19,1,car,1
23,4,356.8,110.08,102.19,89.69,1,car,1
23,5,1580.8,113.95,103.23,77.8,1,car,1
23,6,1461.4,110.3,103.16,78.35,1,car,1
23,7,1698.76,114.09,109.11,96.78,1,car,1
23,8,801.77,560.18,137.54,130.05,1,car,1
24,1,891.21,597.88,162.94,134.97,1,car,1
24,2,39.06,852.74,139.43,129.93,1,car,1
24,3,234.27,115.71,107.83,87.76,1,car,1
24,4,357.13,110.43,100.68,88.77,1,car,1
24,5,1580.82,113.95,103.25,77.75,1,car,1
24,6,1461.51,110.31,102.91,77.26,1,car,1
24,7,1698.79,114.17,109.16,98.27,1,car,1
24,8,795.6,559.83,137.89,130.01,1,car,1
25,1,883.05,597.39,167.15,136.07,1,car,1
25,2,39.0,852.73,139.56,129.95,1,car,1
25,3,232.63,115.47,109.09,87.33,1,car,1
25,4,357.46,110.78,99.17,87.84,1,car,1
25,5,1580.83,113.94,103.26,77.7,1,car,1
25,6,1461.62,110.32,102.65,76.18,1,car,1
25,7,1698.83,114.25,109.21,99.75,1,car,1
25,8,789.44,559.49,138.23,129.97,1,car,1
26,1,874.89,596.89,171.36,137.17,1,car,1
26,2,38.94,852.72,139.69,129.98,1,car,1
26,3,230.98,115.24,110.36,86.91,1,car,1
26,4,357.79,111.13,97.65,86.92,1,car,1
26,5,1580.85,113.94,103.28,77.65,1,car,1
26,6,1461.72,110.34,102.4,75.1,1,car,1
26,7,1698.86,114.33,109.27,101.24,1,car,1
26,8,789.8,560.13,137.66,128.68,1,car,1
27,1,878.43,597.2,172.86,139.08,1,car,1
27,2,39.03,852.72,139.85,130.11,1,car,1
27,3,231.88,115.48,109.01,87.09,1,car,1
27,4,357.69,110.99,99.08,87.69,1,car,1
27,5,1580.86,113.94,103.29,77.6,1,car,1
27,6,1461.42,110.35,102.75,75.44,1,car,1
27,7,1698.9,114.41,109.32,102.72,1,car,1
27,8,790.16,560.78,137.09,127.4,1,car,1
28,1,881.97,597.51,174.35,141.0,1,car,1
28,2,39.11,852.72,140.02,130.24,1,car,1
28,3,232.77,115.72,107.67,87.28,1,car,1
28,4,357.6,110.85,100.51,88.45,1,car,1
28,5,1580.87,113.94,103.31,77.55,1,car,1
28,6,1461.11,110.36,103.1,75.78,1,car,1
28,7,1698.93,114.48,109.37,104.21,1,car,1
28,8,790.52,561.42,136.52,126.11,1,car,1
29,1,885.51,597.82,175.85,142.91,1,car,1
29,2,39.2,852.71,140.19,130.36,1,car,1
29,3,233.67,115.96,106.33,87.46,1,car,1
29,4,357.51,110.71,101.93,89.22,1,car,1
29,5,1580.89,113.94,103.32,77.5,1,car,1
29,6,1460.81,110.37,103.44,76.12,1,car,1
29,7,1698.97,114.56,109.42,105.69,1,car,1
29,8,790.88,562.06,135.95,124.83,1,car,1
30,1,889.04,598.13,177.34,144.82,1,car,1
30,2,39.29,852.71,140.36,130.49,1,car,1
30,3,234.57,116.2,104.99,87.64,1,car,1
30,4,357.41,110.57,103.36,89.99,1,car,1
30,5,1580.9,113.94,103.34,77.45,1,car,1
30,6,1460.5,110.39,103.79,76.46,1,car,1
30,7,1699.01,114.64,109.48,107.18,1,car,1
30,8,791.25,562.71,135.38,123.54,1,car,1
31,1,892.58,598.44,178.84,146.73,1,car,1
31,2,39.38,852.71,140.52,130.62,1,car,1
31,3,235.47,116.44,103.64,87.83,1,car,1
31,4,357.32,110.43,104.79,90.75,1,car,1
31,5,1580.92,113.93,103.35,77.4,1,car,1
31,6,1460.2,110.4,104.14,76.8,1,car,1
31,7,1699.04,114.72,109.53,108.66,1,car,1
31,8,791.0,559.87,135.78,124.41,1,car,1
32,1,889.08,589.39,180.86,153.77,1,car,1
32,2,39.18,852.7,140.69,130.65,1,car,1
32,3,235.87,116.19,103.64,86.4,1,car,1
32,4,356.92,110.35,105.75,91.35,1,car,1
32,5,1580.93,113.93,103.37,77.35,1,car,1
32,6,1460.4,110.39,103.97,77.43,1,car,1
32,7,1699.08,114.8,109.58,110.15,1,car,1
32,8,790.76,557.03,136.18,125.28,1,car,1
33,1,885.58,580.34,182.89,160.82,1,car,1
33,2,38.98,852.69,140.85,130.68,1,car,1
33,3,236.26,115.94,103.64,84.97,1,car,1
33,4,356.53,110.27,106.72,91.95,1,car,1
33,5,1580.94,113.93,103.38,77.3,1,car,1
33,6,1460.61,110.38,103.81,78.06,1,car,1
33,7,1699.11,114.87,109.63,111.63,1,car,1
33,8,790.51,554.19,136.58,126.15,1,car,1
34,1,882.07,571.29,184.92,167.86,1,car,1
34,2,38.78,852.68,141.02,130.71,1,car,1
34,3,236.66,115.69,103.64,83.55,1,car,1
34,4,356.13,110.19,107.69,92.55,1,car,1
34,5,1580.96,113.93,103.4,77.25,1,car,1
34,6,1460.82,110.37,103.64,78.7,1,car,1
34,7,1699.15,114.95,109.69,113.12,1,car,1
34,8,790.27,551.34,136.98,127.02,1,car,1
35,1,878.57,562.24,186.94,174.91,1,car,1
35,2,38.59,852.67,141.18,130.74,1,car,1
35,3,237.05,115.44,103.64,82.12,1,car,1
35,4,355.74,110.1,108.66,93.15,1,car,1
35,5,1580.97,113.93,103.41,77.2,1,car,1
35,6,1461.02,110.36,103.48,79.33,1,car,1
35,7,1699.19,115.03,109.74,114.6,1,car,1
35,8,790.03,548.5,137.38,127.89,1,car,1
36,1,875.07,553.19,188.97,181.95,1,car,1
36,2,38.39,852.66,141.35,130.77,1,car,1
36,3,237.45,115.2,103.64,80.69,1,car,1
36,4,355.35,110.02,109.63,93.75,1,car,1
36,5,1580.99,113.93,103.43,77.15,1,car,1
36,6,1461.23,110.35,103.31,79.96,1,car,1
36,7,1699.22,115.11,109.79,116.09,1,car,1
36,8,786.11,546.59,140.17,126.95,1,car,1
37,1,873.19,558.27,187.96,178.26,1,car,1
37,2,38.46,852.64,141.2,130.76,1,car,1
37,3,237.85,114.95,103.64,79.27,1,car,1
37,4,355.59,110.1,108.78,93.3,1,car,1
37,5,1581.0,113.92,103.44,77.1,1,car,1
37,6,1461.32,110.35,102.81,80.03,1,car,1
37,7,1699.26,115.19,109.84,117.57,1,car,1
37,8,782.18,544.67,142.95,126.01,1,car,1
38,1,871.31,563.34,186.96,174.57,1,car,1
38,2,38.54,852.61,141.06,130.76,1,car,1
38,3,238.24,114.7,103.64,77.84,1,car,1
38,4,355.83,110.19,107.93,92.85,1,car,1
38,5,1581.02,113.92,103.46,77.05,1,car,1
38,6,1461.41,110.35,102.31,80.11,1,car,1
38,7,1699.29,115.26,109.89,119.06,1,car,1
38,8,778.26,542.76,145.73,125.08,1,car,1
39,1,869.43,568.41,185.95,170.88,1,car,1
39,2,38.62,852.59,140.92,130.76,1,car,1
39,3,238.93,114.99,103.55,77.18,1,car,1
39,4,356.07,110.27,107.08,92.4,1,car,1
39,5,1581.03,113.92,103.47,77.0,1,car,1
39,6,1461.5,110.35,101.81,80.18,1,car,1
39,7,1699.33,115.34,109.95,120.54,1,car,1
39,8,774.34,540.84,148.52,124.14,1,car,1
40,1,867.55,573.49,184.94,167.19,1,car,1
40,2,38.69,852.57,140.77,130.75,1,car,1
40,3,239.61,115.27,103.45,76.52,1,car,1
40,4,356.31,110.35,106.23,91.95,1,car,1
40,5,1581.04,113.92,103.49,76.95,1,car,1
40,6,1461.59,110.35,101.31,80.26,1,car,1
40,7,1699.37,115.42,110.0,122.03,1,car,1
40,8,770.42,538.92,151.3,123.2,1,car,1
41,1,865.67,578.56,183.94,163.5,1,car,1
41,2,38.77,852.55,140.63,130.75,1,car,1
41,3,240.29,115.56,103.36,75.85,1,car,1
41,4,356.55,110.43,105.38,91.5,1,car,1
41,5,1581.06,113.92,103.5,76.9,1,car,1
41,6,1461.68,110.35,100.81,80.33,1,car,1
41,7,1699.4,115.5,110.05,123.51,1,car,1
41,8,772.31,536.63,149.97,123.48,1,car,1
42,1,863.81,577.35,189.29,166.08,1,car,1
42,2,38.74,852.55,140.61,130.71,1,car,1
42,3,240.98,115.85,103.27,75.19,1,car,1
42,4,356.56,110.47,105.99,91.6,1,car,1
42,5,1581.07,113.92,103.52,76.85,1,car,1
42,6,1461.89,110.31,100.94,80.19,1,car,1
42,7,1699.16,115.5,110.76,124.94,1,car,1
42,8,774.19,534.34,148.63,123.77,1,car,1
43,1,861.95,576.14,194.63,168.65,1,car,1
43,2,38.72,852.56,140.59,130.67,1,car,1
43,3,241.66,116.14,103.17,74.53,1,car,1
43,4,356.57,110.51,106.61,91.7,1,car,1
43,5,1581.09,113.91,103.54,76.8,1,car,1
43,6,1462.1,110.28,101.07,80.05,1,car,1
43,7,1698.92,115.5,111.46,126.37,1,car,1
43,8,776.08,532.05,147.3,124.06,1,car,1
44,1,860.09,574.93,199.98,171.23,1,car,1
44,2,38.7,852.56,140.57,130.63,1,car,1
44,3,240.69,116.02,104.3,76.59,1,car,1
44,4,356.58,110.55,107.23,91.79,1,car,1
44,5,1581.1,113.91,103.55,76.75,1,car,1
44,6,1462.31,110.24,101.2,79.91,1,car,1
44,7,1698.68,115.5,112.17,127.8,1,car,1
44,8,777.97,529.76,145.97,124.34,1,car,1
45,1,858.23,573.72,205.32,173.81,1,car,1
45,2,38.67,852.57,140.54,130.59,1,car,1
45,3,239.72,115.91,105.44,78.65,1,car,1
45,4,356.59,110.59,107.84,91.89,1,car,1
45,5,1581.11,113.91,103.57,76.7,1,car,1
45,6,1462.51,110.2,101.33,79.78,1,car,1
45,7,1698.44,115.5,112.88,129.23,1,car,1
45,8,779.85,527.46,144.63,124.63,1,car,1
46,1,856.37,572.51,210.67,176.39,1,car,1
46,2,38.65,852.57,140.52,130.55,1,car,1
46,3,238.75,115.8,106.57,80.72,1,car,1
46,4,356.6,110.63,108.46,91.99,1,car,1
46,5,1581.13,113.91,103.58,76.65,1,car,1
46,6,1462.72,110.17,101.46,79.64,1,car,1
46,7,1698.2,115.5,113.58,130.66,1,car,1
46,8,785.96,524.66,145.84,124.64,1,car,1
47,1,862.55,570.32,211.8,178.71,1,car,1
47,2,38.64,852.56,140.73,130.64,1,car,1
47,3,237.77,115.68,107.7,82.78,1,car,1
47,4,356.46,110.67,108.28,92.01,1,car,1
47,5,1581.14,113.91,103.6,76.6,1,car,1
47,6,1462.32,110.17,102.32,78.74,1,car,1
47,7,1696.9,115.52,114.62,130.89,1,car,1
47,8,792.06,521.86,147.06,124.65,1,car,1
48,1,868.74,568.13,212.94,181.03,1,car,1
48,2,38.63,852.55,140.94,130.73,1,car,1
48,3,236.8,115.57,108.84,84.85,1,car,1
48,4,356.33,110.72,108.11,92.03,1,car,1
48,5,1581.16,113.91,103.61,76.55,1,car,1
48,6,1461.92,110.17,103.17,77.85,1,car,1
48,7,1695.61,115.55,115.66,131.13,1,car,1
48,8,798.17,519.06,148.27,124.66,1,car,1
49,1,874.92,565.93,214.08,183.35,1,car,1
49,2,38.62,852.54,141.15,130.83,1,car,1
49,3,237.11,115.68,107.52,84.84,1,car,1
49,4,356.19,110.76,107.93,92.05,1,car,1
49,5,1581.17,113.9,103.63,76.5,1,car,1
49,6,1461.52,110.17,104.02,76.95,1,car,1
49,7,1694.32,115.58,116.69,131.37,1,car,1
49,8,804.27,516.26,149.48,124.68,1,car,1
50,1,881.1,563.74,215.21,185.67,1,car,1
50,2,38.61,852.53,141.36,130.92,1,car,1
50,3,237.42,115.8,106.2,84.84,1,car,1
50,4,356.05,110.81,107.76,92.07,1,car,1
50,5,1581.18,113.9,103.64,76.44,1,car,1
50,6,1461.11,110.17,104.87,76.05,1,car,1
50,7,1693.02,115.6,117.73,131.61,1,car,1
50,8,810.38,513.46,150.7,124.69,1,car,1
51,1,887.29,561.55,216.35,188.0,1,car,1
51,2,38.59,852.52,141.57,131.01,1,car,1
51,3,237.73,115.91,104.88,84.83,1,car,1
51,4,355.91,110.85,107.58,92.09,1,car,1
51,5,1581.2,113.9,103.66,76.39,1,car,1
51,6,1460.71,110.17,105.72,75.16,1,car,1
51,7,1691.73,115.63,118.76,131.84,1,car,1
51,8,812.61,511.77,150.61,126.2,1,car,1
52,1,889.74,562.91,215.0,188.8,1,car,1
52,2,38.38,852.4,140.15,130.98,1,car,1
52,3,238.04,116.02,103.56,84.83,1,car,1
52,4,355.77,110.89,107.41,92.11,1,car,1
52,5,1581.21,113.9,103.67,76.34,1,car,1
52,6,1460.5,110.18,105.99,75.69,1,car,1
52,7,1690.43,115.66,119.8,132.08,1,car,1
52,8,814.84,510.08,150.52,127.7,1,car,1
53,1,892.2,564.27,213.65,189.6,1,car,1
53,2,38.17,852.28,138.73,130.95,1,car,1
53,3,238.34,116.14,102.23,84.82,1,car,1
53,4,355.63,110.94,107.24,92.13,1,car,1
53,5,1581.23,113.9,103.69,76.29,1,car,1
53,6,1460.28,110.19,106.25,76.23,1,car,1
53,7,1689.14,115.68,120.84,132.32,1,car,1
53,8,817.06,508.38,150.43,129.21,1,car,1
54,1,894.65,565.64,212.3,190.4,1,car,1
54,2,37.96,852.16,137.32,130.92,1,car,1
54,3,238.37,116.08,102.6,85.87,1,car,1
54,4,355.49,110.98,107.06,92.15,1,car,1
54,5,1581.24,113.9,103.7,76.24,1,car,1
54,6,1460.06,110.2,106.52,76.76,1,car,1
54,7,1687.84,115.71,121.87,132.56,1,car,1
54,8,819.29,506.69,150.35,130.72,1,car,1
55,1,897.11,567.0,210.95,191.2,1,car,1
55,2,37.75,852.04,135.9,130.89,1,car,1
55,3,238.39,116.02,102.97,86.92,1,car,1
55,4,355.35,111.02,106.89,92.17,1,car,1
55,5,1581.26,113.9,103.72,76.19,1,car,1
55,6,1459.85,110.21,106.78,77.3,1,car,1
55,7,1687.69,115.68,122.12,132.29,1,car,1
55,8,821.52,505.0,150.26,132.22,1,car,1
56,1,899.56,568.36,209.6,192.0,1,car,1
56,2,37.53,851.93,134.48,130.86,1,car,1
56,3,238.41,115.96,103.34,87.96,1,car,1
56,4,355.21,111.07,106.71,92.2,1,car,1
56,5,1581.27,113.89,103.73,76.14,1,car,1
56,6,1459.63,110.23,107.05,77.83,1,car,1
56,7,1687.54,115.64,122.37,132.02,1,car,1
56,8,823.51,506.2,146.29,130.81,1,car,1
57,1,894.0,569.24,216.35,196.91,1,car,1
57,2,37.23,851.96,136.04,131.1,1,car,1
57,3,238.43,115.9,103.71,89.01,1,car,1
57,4,355.07,111.11,106.54,92.22,1,car,1
57,5,1581.28,113.89,103.75,76.09,1,car,1
57,6,1459.3,110.23,107.3,78.62,1,car,1
57,7,1687.38,115.61,122.62,131.76,1,car,1
57,8,825.5,507.41,142.31,129.4,1,car,1
57,9,114.51,116.94,113.93,118.73,1,car,1
58,1,888.43,570.12,223.09,201.82,1,car,1
58,2,36.92,851.99,137.6,131.34,1,car,1
58,3,238.45,115.84,104.08,90.06,1,car,1
58,4,354.94,111.16,106.36,92.24,1,car,1
58,5,1581.3,113.89,103.76,76.04,1,car,1
58,6,1458.97,110.24,107.55,79.41,1,car,1
58,7,1687.23,115.58,122.86,131.49,1,car,1
58,8,827.5,508.61,138.34,127.98,1,car,1
58,9,114.12,116.84,114.42,117.11,1,car,1
59,1,882.87,571.0,229.83,206.74,1,car,1
59,2,36.61,852.02,139.16,131.58,1,car,1
59,3,239.14,115.81,102.42,89.5,1,car,1
59,4,354.8,111.2,106.19,92.26,1,car,1
59,5,1581.31,113.89,103.78,75.99,1,car,1
59,6,1458.64,110.24,107.81,80.19,1,car,1
59,7,1687.08,115.54,123.11,131.22,1,car,1
59,8,829.49,509.81,134.37,126.57,1,car,1
59,9,113.72,116.75,114.92,115.49,1,car,1
60,1,877.3,571.88,236.58,211.65,1,car,1
60,2,36.31,852.05,140.72,131.82,1,car,1
60,3,239.83,115.78,100.76,88.94,1,car,1
60,4,354.66,111.24,106.01,92.28,1,car,1
60,5,1581.33,113.89,103.79,75.94,1,car,1
60,6,1458.31,110.25,108.06,80.98,1,car,1
60,7,1686.92,115.51,123.36,130.95,1,car,1
60,8,831.48,511.02,130.4,125.16,1,car,1
60,9,113.32,116.66,115.42,113.87,1,car,1
61,1,871.74,572.76,243.32,216.56,1,car,1
61,2,36.0,852.09,142.28,132.05,1,car,1
61,3,240.52,115.75,99.1,88.38,1,car,1
61,4,355.0,111.1,105.66,92.51,1,car,1
61,5,1581.34,113.89,103.81,75.89,1,car,1
61,6,1457.97,110.25,108.31,81.76,1,car,1
61,7,1686.77,115.48,123.61,130.69,1,car,1
61,8,832.1,509.47,134.27,124.67,1,car,1
61,9,112.93,116.57,115.92,112.24,1,car,1
62,1,866.17,573.64,250.07,221.47,1,car,1
62,2,36.78,852.13,140.89,132.0,1,car,1
62,3,241.21,115.72,97.44,87.83,1,car,1
62,4,355.35,110.97,105.3,92.73,1,car,1
62,5,1581.35,113.88,103.82,75.84,1,car,1
62,6,1458.63,110.21,107.34,81.03,1,car,1
62,7,1686.61,115.44,123.86,130.42,1,car,1
62,8,832.71,507.92,138.14,124.19,1,car,1
62,9,112.53,116.47,116.41,110.62,1,car,1
63,1,864.35,571.68,255.57,224.23,1,car,1
63,2,37.55,852.17,139.5,131.95,1,car,1
63,3,241.89,115.69,95.78,87.27,1,car,1
63,4,355.7,110.83,104.94,92.96,1,car,1
63,5,1581.37,113.88,103.84,75.79,1,car,1
63,6,1459.29,110.18,106.36,80.3,1,car,1
63,7,1686.46,115.41,124.1,130.15,1,car,1
63,8,833.32,506.36,142.01,123.7,1,car,1
63,9,112.13,116.38,116.91,109.0,1,car,1
64,1,862.52,569.73,261.07,227.0,1,car,1
64,2,38.33,852.21,138.11,131.9,1,car,1
64,3,242.18,115.67,96.19,87.85,1,car,1
64,4,356.04,110.69,104.59,93.19,1,car,1
64,5,1581.38,113.88,103.86,75.74,1,car,1
64,6,1459.95,110.14,105.39,79.57,1,car,1
64,7,1686.31,115.38,124.35,129.89,1,car,1
64,8,833.93,504.81,145.88,123.21,1,car,1
64,9,111.73,116.29,117.41,107.38,1,car,1
65,1,860.69,567.78,266.56,229.76,1,car,1
65,2,39.1,852.25,136.72,131.85,1,car,1
65,3,242.47,115.65,96.61,88.43,1,car,1
65,4,356.39,110.55,104.23,93.42,1,car,1
65,5,1581.4,113.88,103.87,75.69,1,car,1
65,6,1460.61,110.1,104.42,78.84,1,car,1
65,7,1686.15,115.35,124.6,129.62,1,car,1
65,8,834.55,503.26,149.75,122.72,1,car,1
65,9,111.34,116.2,117.9,105.76,1,car,1
66,1,858.86,565.83,272.06,232.52,1,car,1
66,2,39.88,852.29,135.33,131.8,1,car,1
66,3,242.75,115.63,97.03,89.01,1,car,1
66,4,356.36,110.53,103.42,93.53,1,car,1
66,5,1581.41,113.88,103.89,75.64,1,car,1
66,6,1461.27,110.06,103.45,78.11,1,car,1
66,7,1686.0,115.31,124.85,129.35,1,car,1
66,8,837.47,499.08,149.33,123.85,1,car,1
66,9,110.94,116.1,118.4,104.13,1,car,1
67,1,857.03,563.88,277.56,235.28,1,car,1
67,2,39.87,852.26,135.34,131.85,1,car,1
67,3,243.04,115.61,97.45,89.59,1,car,1
67,4,356.32,110.51,102.61,93.64,1,car,1
67,5,1581.43,113.88,103.9,75.59,1,car,1
67,6,1461.43,110.11,103.19,78.3,1,car,1
67,7,1685.85,115.28,125.1,129.08,1,car,1
67,8,840.39,494.9,148.92,124.97,1,car,1
67,9,110.54,116.01,118.9,102.51,1,car,1
68,1,878.54,579.54,257.66,220.49,1,car,1
68,2,39.86,852.23,135.35,131.9,1,car,1
68,3,243.33,115.59,97.87,90.17,1,car,1
68,4,356.29,110.49,101.79,93.76,1,car,1
68,5,1581.44,113.87,103.92,75.54,1,car,1
68,6,1461.59,110.16,102.94,78.49,1,car,1
68,7,1685.69,115.25,125.34,128.82,1,car,1
68,8,843.32,490.72,148.5,126.1,1,car,1
68,9,110.15,115.92,119.4,100.89,1,car,1
69,1,900.04,595.19,237.76,205.7,1,car,1
69,2,39.85,852.2,135.36,131.95,1,car,1
69,3,242.8,115.59,98.32,90.36,1,car,1
69,4,356.26,110.47,100.98,93.87,1,car,1
69,5,1581.45,113.87,103.93,75.49,1,car,1
69,6,1461.75,110.22,102.68,78.68,1,car,1
69,7,1685.54,115.21,125.59,128.55,1,car,1
69,8,846.24,486.54,148.09,127.22,1,car,1
69,9,110.16,115.88,119.34,100.09,1,car,1
70,1,921.55,610.85,217.86,190.92,1,car,1
70,2,39.84,852.17,135.38,132.0,1,car,1
70,3,242.28,115.59,98.78,90.55,1,car,1
70,4,356.22,110.45,100.17,93.99,1,car,1
70,5,1581.47,113.87,103.95,75.44,1,car,1
70,6,1461.9,110.27,102.43,78.87,1,car,1
70,7,1686.54,115.14,124.22,125.75,1,car,1
70,8,849.16,482.36,147.67,128.35,1,car,1
70,9,110.17,115.84,119.27,99.29,1,car,1
70,10,849.32,560.46,180.69,250.29,1,car,1
71,1,943.05,626.51,197.96,176.13,1,car,1
71,2,39.84,852.14,135.39,132.04,1,car,1
71,3,241.76,115.59,99.23,90.74,1,car,1
71,4,355.5,110.5,101.68,93.54,1,car,1
71,5,1581.48,113.87,103.96,75.39,1,car,1
71,6,1462.06,110.32,102.17,79.06,1,car,1
71,7,1687.54,115.07,122.85,122.96,1,car,1
71,8,847.19,482.11,145.74,126.8,1,car,1
71,9,110.18,115.79,119.21,98.49,1,car,1
71,10,841.14,564.11,178.52,244.7,1,car,1
72,1,964.56,642.17,178.05,161.34,1,car,1
72,2,38.73,852.61,137.15,131.41,1,car,1
72,3,241.24,115.59,99.68,90.94,1,car,1
72,4,354.78,110.55,103.19,93.09,1,car,1
72,5,1581.5,113.87,103.98,75.34,1,car,1
72,6,1462.22,110.37,101.92,79.25,1,car,1
72,7,1688.55,115.0,121.48,120.16,1,car,1
72,8,845.21,481.86,143.8,125.25,1,car,1
72,10,832.95,567.76,176.35,239.11,1,car,1
73,1,934.21,637.63,207.06,170.67,1,car,1
73,2,37.62,853.07,138.92,130.77,1,car,1
73,3,240.72,115.6,100.14,91.13,1,car,1
73,4,354.07,110.61,104.7,92.64,1,car,1
73,5,1581.51,113.87,103.99,75.29,1,car,1
73,6,1462.38,110.42,101.66,79.44,1,car,1
73,7,1689.55,114.92,120.11,117.36,1,car,1
73,8,843.23,481.6,141.87,123.7,1,car,1
73,10,824.77,571.41,174.17,233.52,1,car,1
74,1,903.86,633.1,236.07,179.99,1,car,1
74,2,36.51,853.53,140.69,130.13,1,car,1
74,3,240.89,115.65,100.68,90.45,1,car,1
74,4,353.35,110.66,106.21,92.2,1,car,1
74,5,1581.52,113.86,104.01,75.24,1,car,1
74,6,1462.54,110.47,101.41,79.63,1,car,1
74,7,1690.55,114.85,118.73,114.57,1,car,1
74,8,841.25,481.35,139.93,122.15,1,car,1
74,10,816.59,575.06,172.0,227.93,1,car,1
75,1,873.52,628.56,265.07,189.32,1,car,1
75,2,35.4,853.99,142.45,129.49,1,car,1
75,3,241.06,115.7,101.23,89.77,1,car,1
75,4,352.63,110.71,107.72,91.75,1,car,1
75,5,1581.54,113.86,104.02,75.19,1,car,1
75,6,1462.69,110.52,101.15,79.82,1,car,1
75,7,1691.56,114.78,117.36,111.77,1,car,1
75,8,839.28,481.1,138.0,120.59,1,car,1
75,10,808.41,578.71,169.82,222.34,1,car,1
76,1,843.17,624.03,294.08,198.65,1,car,1
76,2,34.29,854.45,144.22,128.85,1,car,1
76,3,241.22,115.75,101.77,89.09,1,car,1
76,4,353.49,109.81,106.94,92.64,1,car,1
76,5,1581.55,113.86,104.04,75.14,1,car,1
76,6,1462.85,110.57,100.9,80.01,1,car,1
76,7,1692.56,114.71,115.99,108.98,1,car,1
76,8,835.87,472.61,143.24,121.07,1,car,1
76,10,800.22,582.36,167.65,216.75,1,car,1
77,2,33.89,854.4,144.82,128.96,1,car,1
77,3,241.39,115.8,102.32,88.41,1,car,1
77,4,354.36,108.9,106.16,93.52,1,car,1
77,5,1581.57,113.86,104.05,75.09,1,car,1
77,6,1463.01,110.62,100.64,80.2,1,car,1
77,7,1693.56,114.64,114.62,106.18,1,car,1
77,8,832.47,464.13,148.48,121.54,1,car,1
77,10,792.04,586.01,165.47,211.16,1,car,1
78,2,33.48,854.34,145.43,129.06,1,car,1
78,3,241.55,115.84,102.86,87.74,1,car,1
78,4,355.22,108.0,105.38,94.41,1,car,1
78,5,1581.58,113.86,104.07,75.04,1,car,1
78,6,1463.17,110.67,100.39,80.39,1,car,1
78,7,1694.56,114.56,113.25,103.38,1,car,1
78,8,829.07,455.64,153.71,122.01,1,car,1
78,10,783.86,589.66,163.3,205.57,1,car,1
79,2,33.08,854.29,146.03,129.17,1,car,1
79,3,241.39,115.84,102.65,87.41,1,car,1
79,4,356.09,107.09,104.6,95.3,1,car,1
79,5,1581.59,113.86,104.08,74.98,1,car,1
79,6,1463.32,110.5,100.27,80.3,1,car,1
79,7,1695.57,114.49,111.88,100.59,1,car,1
79,8,825.67,447.16,158.95,122.48,1,car,1
79,10,775.67,593.31,161.12,199.98,1,car,1
79,11,1320.33,422.31,140.03,142.5,1,car,1
80,2,32.68,854.23,146.64,129.28,1,car,1
80,3,241.23,115.84,102.43,87.09,1,car,1
80,4,356.96,106.19,103.82,96.18,1,car,1
80,5,1581.61,113.85,104.1,74.93,1,car,1
80,6,1463.47,110.34,100.15,80.2,1,car,1
80,7,1696.57,114.42,110.51,97.79,1,car,1
80,8,822.26,438.67,164.19,122.95,1,car,1
80,10,767.49,596.96,158.95,194.39,1,car,1
80,11,1320.33,422.31,139.96,142.49,1,car,1
80,12,1523.78,49.71,165.17,135.58,1,car,1
81,2,32.28,854.18,147.24,129.38,1,car,1
81,3,241.07,115.83,102.22,86.77,1,car,1
81,4,356.65,107.0,103.49,95.08,1,car,1
81,5,1581.62,113.85,104.11,74.88,1,car,1
81,6,1463.62,110.17,100.02,80.1,1,car,1
81,7,1697.57,114.35,109.13,94.99,1,car,1
81,8,818.86,430.18,169.43,123.43,1,car,1
81,10,759.31,600.61,156.77,188.8,1,car,1
81,11,1320.33,422.31,139.89,142.47,1,car,1
81,12,1524.77,50.81,164.17,134.6,1,car,1
82,2,32.33,854.19,147.3,129.37,1,car,1
82,3,240.91,115.83,102.0,86.45,1,car,1
82,4,356.35,107.82,103.16,93.97,1,car,1
82,5,1581.64,113.85,104.13,74.83,1,car,1
82,6,1463.77,110.0,99.9,80.01,1,car,1
82,7,1698.57,114.27,107.76,92.2,1,car,1
82,8,815.46,421.7,174.67,123.9,1,car,1
82,10,751.13,604.26,154.6,183.21,1,car,1
82,11,1320.33,422.31,139.82,142.46,1,car,1
82,12,1525.76,51.91,163.18,133.62,1,car,1
82,13,1517.62,48.57,170.96,136.15,1,car,1
83,2,32.38,854.2,147.35,129.36,1,car,1
83,3,240.76,115.82,101.79,86.12,1,car,1
83,4,356.05,108.63,102.83,92.86,1,car,1
83,5,1581.65,113.85,104.14,74.78,1,car,1
83,6,1463.93,109.83,99.78,79.91,1,car,1
83,7,1698.55,114.66,108.87,99.43,1,car,1
83,8,814.55,414.65,174.51,125.93,1,car,1
83,10,742.52,598.42,160.7,179.95,1,car,1
83,11,1320.33,422.32,139.75,142.45,1,car,1
83,12,1526.75,53.01,162.19,132.64,1,car,1
83,13,1519.76,49.64,168.83,134.91,1,car,1
84,2,32.44,854.2,147.41,129.36,1,car,1
84,3,240.6,115.82,101.57,85.8,1,car,1
84,4,355.75,109.45,102.5,91.76,1,car,1
84,5,1581.67,113.85,104.16,74.73,1,car,1
84,6,1463.6,109.93,99.95,79.5,1,car,1
84,7,1698.53,115.05,109.98,106.66,1,car,1
84,8,813.64,407.6,174.35,127.96,1,car,1
84,10,733.91,592.59,166.81,176.69,1,car,1
84,11,1320.33,422.32,139.68,142.43,1,car,1
84,12,1527.74,54.11,161.19,131.66,1,car,1
84,13,1521.9,50.72,166.69,133.68,1,car,1
85,2,32.49,854.21,147.46,129.35,1,car,1
85,3,240.44,115.81,101.36,85.48,1,car,1
85,4,355.45,110.26,102.16,90.65,1,car,1
85,5,1581.68,113.85,104.18,74.68,1,car,1
85,6,1463.28,110.02,100.12,79.08,1,car,1
85,7,1698.51,115.44,111.09,113.89,1,car,1
85,8,812.74,400.55,174.2,129.99,1,car,1
85,10,725.3,586.76,172.92,173.44,1,car,1
85,11,1320.33,422.32,139.61,142.42,1,car,1
85,12,1528.73,55.21,160.2,130.69,1,car,1
85,13,1524.05,51.8,164.56,132.44,1,car,1
86,2,32.55,854.22,147.52,129.34,1,car,1
86,3,240.28,115.81,101.14,85.16,1,car,1
86,4,355.27,110.27,102.18,90.66,1,car,1
86,5,1581.69,113.84,104.19,74.63,1,car,1
86,6,1462.95,110.12,100.29,78.66,1,car,1
86,7,1698.49,115.83,112.19,121.12,1,car,1
86,8,811.83,393.5,174.04,132.03,1,car,1
86,10,716.69,580.93,179.03,170.18,1,car,1
86,11,1320.33,422.32,139.54,142.41,1,car,1
86,12,1529.71,56.32,159.2,129.71,1,car,1
86,13,1526.19,52.87,162.43,131.21,1,car,1
87,2,32.57,854.26,147.42,129.28,1,car,1
87,3,240.12,115.8,100.93,84.83,1,car,1
87,4,355.08,110.28,102.19,90.67,1,car,1
87,5,1581.71,113.84,104.21,74.58,1,car,1
87,6,1462.63,110.21,100.46,78.25,1,car,1
87,7,1698.46,116.21,113.3,128.35,1,car,1
87,8,810.93,386.45,173.88,134.06,1,car,1
87,10,708.08,575.1,185.14,166.92,1,car,1
87,11,1320.33,422.32,139.48,142.39,1,car,1
87,12,1530.7,57.42,158.21,128.73,1,car,1
87,13,1528.34,53.95,160.3,129.97,1,car,1
88,2,32.6,854.31,147.31,129.22,1,car,1
88,3,239.78,115.85,101.79,85.07,1,car,1
88,4,354.89,110.29,102.2,90.68,1,car,1
88,5,1581.72,113.84,104.22,74.53,1,car,1
88,6,1462.31,110.31,100.63,77.83,1,car,1
88,7,1698.45,116.2,113.34,128.08,1,car,1
88,8,821.54,384.55,170.75,131.12,1,car,1
88,10,712.87,577.21,167.8,151.23,1,car,1
88,11,1320.33,422.33,139.41,142.38,1,car,1
88,12,1531.69,58.52,157.21,127.75,1,car,1
88,13,1530.48,55.03,158.16,128.74,1,car,1
89,2,32.63,854.35,147.21,129.17,1,car,1
89,3,239.44,115.9,102.65,85.3,1,car,1
89,4,354.71,110.31,102.21,90.69,1,car,1
89,5,1581.74,113.84,104.24,74.48,1,car,1
89,6,1461.68,110.34,101.55,76.83,1,car,1
89,7,1698.43,116.18,113.37,127.82,1,car,1
89,8,832.16,382.66,167.61,128.18,1,car,1
89,10,717.66,579.31,150.47,135.54,1,car,1
89,11,1320.33,422.33,139.34,142.36,1,car,1
89,12,1532.68,59.62,156.22,126.77,1,car,1
89,13,1532.63,56.11,156.03,127.5,1,car,1
90,2,32.66,854.4,147.1,129.11,1,car,1
90,3,239.11,115.95,103.51,85.54,1,car,1
90,4,354.52,110.32,102.22,90.69,1,car,1
90,5,1581.75,113.84,104.25,74.43,1,car,1
90,6,1461.05,110.37,102.46,75.83,1,car,1
90,7,1698.42,116.16,113.41,127.56,1,car,1
90,8,842.78,380.76,164.48,125.24,1,car,1
90,10,722.44,581.41,133.14,119.84,1,car,1
90,11,1320.33,422.33,139.27,142.35,1,car,1
90,12,1533.67,60.72,155.22,125.79,1,car,1
90,13,1534.77,57.18,153.9,126.27,1,car,1
91,2,32.68,854.44,147.0,129.05,1,car,1
91,3,238.77,116.0,104.37,85.77,1,car,1
91,4,354.6,110.56,102.06,89.98,1,car,1
91,5,1581.76,113.84,104.27,74.38,1,car,1
91,6,1460.43,110.4,103.38,74.83,1,car,1
91,7,1698.4,116.14,113.44,127.29,1,car,1
91,8,853.4,378.87,161.34,122.3,1,car,1
91,10,727.23,583.51,115.8,104.15,1,car,1
91,11,1320.33,422.33,139.2,142.34,1,car,1
91,12,1534.66,61.82,154.23,124.81,1,car,1
91,13,1536.91,58.26,151.76,125.03,1,car,1
92,2,32.68,854.43,147.01,129.04,1,car,1
92,3,238.43,116.05,105.23,86.0,1,car,1
92,4,354.67,110.8,101.91,89.27,1,car,1
92,5,1581.78,113.83,104.28,74.33,1,car,1
92,6,1459.8,110.43,104.29,73.83,1,car,1
92,7,1698.39,116.12,113.48,127.03,1,car,1
92,8,864.02,376.97,158.21,119.36,1,car,1
92,10,732.02,585.61,98.47,88.46,1,car,1
92,11,1320.33,422.34,139.13,142.32,1,car,1
92,12,1535.65,62.92,153.23,123.83,1,car,1
92,13,1539.06,59.34,149.63,123.8,1,car,1
93,2,32.68,854.41,147.02,129.02,1,car,1
93,3,238.09,116.11,106.1,86.24,1,car,1
93,4,354.75,111.05,101.75,88.56,1,car,1
93,5,1581.79,113.83,104.3,74.28,1,car,1
93,6,1459.17,110.46,105.21,72.83,1,car,1
93,7,1698.37,116.1,113.51,126.77,1,car,1
93,8,865.27,374.88,156.29,119.56,1,car,1
93,10,732.03,562.66,132.83,118.24,1,car,1
93,11,1320.33,422.34,139.06,142.31,1,car,1
93,12,1536.64,64.02,152.24,122.85,1,car,1
93,13,1541.2,60.42,147.5,122.56,1,car,1
94,2,32.68,854.4,147.03,129.01,1,car,1
94,3,237.76,116.16,106.96,86.47,1,car,1
94,4,354.82,111.29,101.6,87.85,1,car,1
94,5,1581.81,113.83,104.31,74.23,1,car,1
94,6,1459.61,110.43,104.66,73.14,1,car,1
94,7,1698.35,116.08,113.55,126.5,1,car,1
94,8,866.53,372.79,154.37,119.76,1,car,1
94,10,732.04,539.7,167.18,148.02,1,car,1
94,11,1320.33,422.34,138.99,142.3,1,car,1
94,12,1537.63,65.12,151.24,121.87,1,car,1
94,13,1543.35,61.49,145.37,121.33,1,car,1
95,2,32.67,854.38,147.05,129.0,1,car,1
95,3,237.42,116.21,107.82,86.71,1,car,1
95,4,354.9,111.54,101.44,87.13,1,car,1
95,5,1581.82,113.83,104.33,74.18,1,car,1
95,6,1460.05,110.41,104.11,73.44,1,car,1
95,7,1698.34,116.07,113.58,126.24,1,car,1
95,8,867.78,370.7,152.46,119.96,1,car,1
95,10,732.05,516.74,201.54,177.8,1,car,1
95,11,1320.33,422.34,138.93,142.28,1,car,1
95,12,1538.61,66.23,150.25,120.89,1,car,1
95,13,1545.49,62.57,143.23,120.09,1,car,1
96,2,32.67,854.36,147.06,128.98,1,car,1
96,3,237.08,116.26,108.68,86.94,1,car,1
96,4,355.64,111.37,101.52,87.21,1,car,1
96,5,1581.83,113.83,104.34,74.13,1,car,1
96,6,1460.49,110.39,103.56,73.75,1,car,1
96,7,1698.32,116.05,113.62,125.98,1,car,1
96,8,869.04,368.61,150.54,120.16,1,car,1
96,10,732.06,493.78,235.89,207.58,1,car,1
96,11,1320.33,422.34,138.86,142.27,1,car,1
96,12,1539.6,67.33,149.26,119.91,1,car,1
96,13,1547.63,63.65,141.1,118.86,1,car,1
97,2,32.59,854.31,146.83,128.85,1,car,1
97,3,236.74,116.31,109.54,87.17,1,car,1
97,4,356.38,111.21,101.6,87.28,1,car,1
97,5,1581.85,113.83,104.36,74.08,1,car,1
97,6,1460.93,110.36,103.01,74.05,1,car,1
97,7,1698.31,116.03,113.65,125.71,1,car,1
97,8,870.29,366.52,148.62,120.36,1,car,1
97,10,732.07,470.82,270.25,237.36,1,car,1
97,11,1320.33,422.35,138.79,142.26,1,car,1
97,12,1540.59,68.43,148.26,118.93,1,car,1
97,13,1549.78,64.72,138.97,117.62,1,car,1
98,2,32.5,854.26,146.6,128.73,1,car,1
98,3,236.41,116.36,110.4,87.41,1,car,1
98,4,357.13,111.05,101.69,87.36,1,car,1
98,5,1581.86,113.83,104.37,74.03,1,car,1
98,6,1461.37,110.34,102.47,74.36,1,car,1
98,7,1698.29,116.01,113.69,125.45,1,car,1
98,8,885.1,374.29,147.14,119.58,1,car,1
98,10,744.88,476.97,267.57,238.04,1,car,1
98,11,1320.33,422.35,138.72,142.24,1,car,1
98,12,1541.58,69.53,147.27,117.95,1,car,1
98,13,1551.92,65.8,136.83,116.39,1,car,1
99,2,32.42,854.2,146.38,128.6,1,car,1
99,3,236.07,116.41,111.26,87.64,1,car,1
99,4,357.87,110.88,101.77,87.43,1,car,1
99,5,1581.88,113.82,104.39,73.98,1,car,1
99,6,1460.19,110.35,103.95,76.8,1,car,1
99,7,1698.7,116.1,112.82,122.12,1,car,1
99,8,899.9,382.07,145.66,118.81,1,car,1
99,10,757.68,483.12,264.89,238.73,1,car,1
99,11,1320.33,422.35,138.65,142.23,1,car,1
99,12,1542.57,70.63,146.27,116.97,1,car,1
99,13,1554.07,66.88,134.7,115.15,1,car,1
100,2,32.34,854.15,146.15,128.47,1,car,1
100,3,235.73,116.46,112.13,87.88,1,car,1
100,4,358.62,110.72,101.85,87.51,1,car,1
100,5,1581.89,113.82,104.4,73.93,1,car,1
100,6,1459.01,110.36,105.43,79.24,1,car,1
100,7,1699.11,116.19,111.95,118.79,1,car,1
100,8,914.7,389.85,144.18,118.03,1,car,1
100,10,770.49,489.26,262.21,239.41,1,car,1
100,11,1320.33,422.35,138.58,142.21,1,car,1
100,12,1543.56,71.73,145.28,115.99,1,car,1
100,13,1556.21,67.96,132.57,113.92,1,car,1
101,2,32.25,854.1,145.92,128.34,1,car,1
101,3,235.4,116.51,112.99,88.11,1,car,1
101,4,358.09,110.57,103.45,88.77,1,car,1
101,5,1581.91,113.82,104.42,73.88,1,car,1
101,6,1457.83,110.37,106.92,81.68,1,car,1
101,7,1699.52,116.28,111.09,115.46,1,car,1
101,8,929.5,397.63,142.7,117.26,1,car,1
101,10,783.29,495.41,259.53,240.1,1,car,1
101,11,1320.33,422.36,138.51,142.2,1,car,1
101,12,1544.55,72.83,144.28,115.01,1,car,1
101,13,1558.36,69.03,130.44,112.68,1,car,1
102,2,32.75,854.21,145.02,128.32,1,car,1
102,3,235.06,116.56,113.85,88.34,1,car,1
102,4,357.55,110.42,105.06,90.04,1,car,1
102,5,1581.92,113.82,104.43,73.83,1,car,1
102,6,1456.65,110.38,108.4,84.12,1,car,1
102,7,1699.93,116.37,110.22,112.13,1,car,1
102,8,944.3,405.41,141.22,116.48,1,car,1
102,10,796.1,501.55,256.85,240.78,1,car,1
102,11,1320.33,422.36,138.44,142.19,1,car,1
102,12,1545.54,73.93,143.29,114.03,1,car,1
102,13,1560.5,70.11,128.3,111.45,1,car,1
103,2,33.24,854.33,144.11,128.3,1,car,1
103,3,234.72,116.61,114.71,88.58,1,car,1
103,4,357.02,110.27,106.66,91.31,1,car,1
103,5,1581.93,113.82,104.45,73.78,1,car,1
103,6,1455.47,110.39,109.88,86.57,1,car,1
103,7,1700.34,116.45,109.36,108.8,1,car,1
103,8,959.1,413.18,139.74,115.7,1,car,1
103,10,798.3,505.28,257.35,237.39,1,car,1
103,11,1320.33,422.36,138.37,142.17,1,car,1
103,12,1546.53,75.04,142.29,113.06,1,car,1
103,13,1562.64,71.19,126.17,110.22,1,car,1
104,2,33.73,854.44,143.2,128.28,1,car,1
104,3,234.38,116.66,115.57,88.81,1,car,1
104,4,356.49,110.11,108.26,92.58,1,car,1
104,5,1581.95,113.82,104.46,73.73,1,car,1
104,6,1456.36,110.34,109.02,84.33,1,car,1
104,7,1700.61,116.18,108.26,104.41,1,car,1
104,8,963.37,414.9,140.9,115.98,1,car,1
104,10,800.5,509.01,257.84,234.01,1,car,1
104,11,1320.33,422.36,138.31,142.16,1,car,1
104,12,1547.52,76.14,141.3,112.08,1,car,1
104,13,1564.79,72.27,124.04,108.98,1,car,1
105,2,34.22,854.55,142.29,128.25,1,car,1
105,3,235.31,116.28,113.37,87.63,1,car,1
105,4,355.96,109.96,109.87,93.85,1,car,1
105,5,1581.96,113.81,104.48,73.68,1,car,1
105,6,1457.26,110.29,108.15,82.1,1,car,1
105,7,1700.87,115.91,107.16,100.02,1,car,1
105,8,967.65,416.62,142.07,116.25,1,car,1
105,10,802.69,512.74,258.34,230.62,1,car,1
105,11,1320.33,422.36,138.24,142.15,1,car,1
105,12,1548.5,77.24,140.3,111.1,1,car,1
105,13,1566.93,73.34,121.9,107.75,1,car,1
106,2,34.71,854.66,141.39,128.23,1,car,1
106,3,236.24,115.9,111.17,86.46,1,car,1
106,4,355.91,110.15,107.9,93.33,1,car,1
106,5,1581.98,113.81,104.49,73.63,1,car,1
106,6,1458.15,110.24,107.28,79.87,1,car,1
106,7,1701.13,115.64,106.06,95.63,1,car,1
106,8,971.92,418.34,143.24,116.53,1,car,1
106,10,804.89,516.47,258.83,227.23,1,car,1
106,11,1320.33,422.37,138.17,142.13,1,car,1
106,12,1549.49,78.34,139.31,110.12,1,car,1
106,13,1569.08,74.42,119.77,106.51,1,car,1
107,2,35.03,854.89,141.36,128.5,1,car,1
107,3,237.17,115.52,108.97,85.28,1,car,1
107,4,355.87,110.33,105.93,92.82,1,car,1
107,5,1581.99,113.81,104.51,73.58,1,car,1
107,6,1459.04,110.19,106.41,77.64,1,car,1
107,7,1701.4,115.37,104.96,91.23,1,car,1
107,8,976.19,420.06,144.4,116.8,1,car,1
107,10,807.09,520.2,259.33,223.84,1,car,1
107,11,1320.33,422.37,138.1,142.12,1,car,1
107,12,1550.48,79.44,138.31,109.14,1,car,1
107,13,1571.22,75.5,117.64,105.28,1,car,1
108,2,35.35,855.12,141.34,128.77,1,car,1
108,3,238.09,115.14,106.77,84.1,1,car,1
108,4,355.82,110.51,103.97,92.3,1,car,1
108,5,1582.0,113.81,104.53,73.53,1,car,1
108,6,1459.93,110.14,105.55,75.41,1,car,1
108,7,1701.66,115.1,103.86,86.84,1,car,1
108,8,980.47,421.77,145.57,117.07,1,car,1
108,10,799.93,514.07,263.97,226.02,1,car,1
108,11,1320.33,422.37,138.03,142.11,1,car,1
108,12,1551.47,80.54,137.32,108.16,1,car,1
108,13,1573.36,76.57,115.51,104.04,1,car,1
109,2,35.66,855.35,141.31,129.04,1,car,1
109,3,239.02,114.76,104.57,82.93,1,car,1
109,4,355.77,110.7,102.0,91.78,1,car,1
109,5,1582.02,113.81,104.54,73.47,1,car,1
109,6,1460.1,110.06,105.56,76.45,1,car,1
109,7,1701.93,114.83,102.76,82.45,1,car,1
109,8,984.74,423.49,146.74,117.35,1,car,1
109,10,792.77,507.94,268.61,228.19,1,car,1
109,11,1320.33,422.37,137.96,142.09,1,car,1
109,12,1552.46,81.64,136.33,107.18,1,car,1
110,2,35.98,855.58,141.28,129.32,1,car,1
110,3,239.1,114.87,104.24,83.4,1,car,1
110,4,355.72,110.88,100.03,91.26,1,car,1
110,5,1582.03,113.81,104.56,73.42,1,car,1
110,6,1460.26,109.97,105.58,77.48,1,car,1
110,7,1701.67,114.87,103.22,83.83,1,car,1
110,8,987.86,421.05,148.66,116.16,1,car,1
110,10,785.61,501.8,273.24,230.37,1,car,1
110,11,1320.33,422.38,137.89,142.08,1,car,1
110,12,1553.45,82.74,135.33,106.2,1,car,1
111,2,36.3,855.81,141.26,129.59,1,car,1
111,3,239.19,114.98,103.92,83.87,1,car,1
111,4,355.71,110.91,100.5,90.05,1,car,1
111,5,1582.05,113.8,104.57,73.37,1,car,1
111,6,1460.43,109.89,105.6,78.52,1,car,1
111,7,1701.41,114.91,103.68,85.21,1,car,1
111,8,990.99,418.61,150.58,114.97,1,car,1
111,10,778.45,495.67,277.88,232.54,1,car,1
111,11,1320.33,422.38,137.82,142.06,1,car,1
111,12,1554.44,83.84,134.34,105.22,1,car,1
112,2,35.4,855.67,142.38,129.45,1,car,1
112,3,239.27,115.09,103.59,84.34,1,car,1
112,4,355.69,110.94,100.96,88.84,1,car,1
112,5,1582.06,113.8,104.59,73.32,1,car,1
112,6,1460.59,109.81,105.61,79.55,1,car,1
112,7,1701.15,114.95,104.14,86.59,1,car,1
112,8,994.11,416.17,152.5,113.78,1,car,1
112,10,771.28,489.54,282.52,234.71,1,car,1
112,11,1320.33,422.38,137.76,142.05,1,car,1
112,12,1555.43,84.95,133.34,104.24,1,car,1
113,2,34.5,855.53,143.51,129.3,1,car,1
113,3,239.35,115.2,103.26,84.81,1,car,1
113,4,355.67,110.98,101.42,87.62,1,car,1
113,5,1582.07,113.8,104.6,73.27,1,car,1
113,6,1460.76,109.73,105.63,80.59,1,car,1
113,7,1700.89,115.0,104.59,87.97,1,car,1
113,8,997.23,413.73,154.42,112.6,1,car,1
113,10,774.54,492.66,273.74,228.23,1,car,1
113,11,1320.33,422.38,137.69,142.04,1,car,1
113,12,1556.42,86.05,132.35,103.26,1,car,1
114,2,33.61,855.39,144.63,129.16,1,car,1
114,3,239.44,115.31,102.93,85.28,1,car,1
114,4,355.66,111.01,101.88,86.41,1,car,1
114,5,1582.09,113.8,104.62,73.22,1,car,1
114,6,1460.69,109.83,105.31,79.84,1,car,1
114,7,1700.63,115.04,105.05,89.35,1,car,1
114,8,1000.35,411.29,156.34,111.41,1,car,1
114,10,777.79,495.78,264.95,221.74,1,car,1
114,11,1320.33,422.38,137.62,142.02,1,car,1
114,12,1557.4,87.15,131.35,102.28,1,car,1
115,2,32.71,855.25,145.76,129.02,1,car,1
115,3,239.52,115.42,102.6,85.74,1,car,1
115,4,355.64,111.04,102.35,85.19,1,car,1
115,5,1582.1,113.8,104.63,73.17,1,car,1
115,6,1460.63,109.93,104.99,79.1,1,car,1
115,7,1700.37,115.08,105.51,90.73,1,car,1
115,8,1006.08,415.65,151.98,109.93,1,car,1
115,10,781.04,498.9,256.17,215.26,1,car,1
115,11,1320.33,422.39,137.55,142.01,1,car,1
115,12,1558.39,88.25,130.36,101.3,1,car,1
116,2,31.81,855.1,146.88,128.88,1,car,1
116,3,239.6,115.53,102.27,86.21,1,car,1
116,4,355.62,111.07,102.81,83.98,1,car,1
116,5,1582.12,113.8,104.65,73.12,1,car,1
116,6,1460.57,110.03,104.67,78.35,1,car,1
116,7,1700.11,115.12,105.96,92.11,1,car,1
116,8,1011.81,420.01,147.63,108.46,1,car,1
116,10,784.3,502.01,247.38,208.77,1,car,1
116,11,1320.33,422.39,137.48,142.0,1,car,1
116,12,1559.38,89.35,129.36,100.32,1,car,1
117,2,32.33,854.92,145.67,128.95,1,car,1
117,3,239.68,115.64,101.95,86.68,1,car,1
117,4,355.59,110.9,102.66,85.9,1,car,1
117,5,1582.13,113.79,104.66,73.07,1,car,1
117,6,1460.5,110.13,104.35,77.61,1,car,1
117,7,1699.85,115.16,106.42,93.49,1,car,1
117,8,1017.54,424.36,143.27,106.99,1,car,1
117,10,787.55,505.13,238.6,202.29,1,car,1
117,11,1320.33,422.39,137.41,141.98,1,car,1
117,12,1560.37,90.45,128.37,99.34,1,car,1
118,2,32.86,854.73,144.45,129.02,1,car,1
118,3,239.77,115.75,101.62,87.15,1,car,1
118,4,355.56,110.72,102.51,87.82,1,car,1
118,5,1582.15,113.79,104.68,73.02,1,car,1
118,6,1460.44,110.23,104.03,76.86,1,car,1
118,7,1699.59,115.2,106.88,94.87,1,car,1
118,8,1023.27,428.72,138.92,105.51,1,car,1
118,10,790.8,508.25,229.81,195.81,1,car,1
118,11,1320.33,422.39,137.34,141.97,1,car,1
118,12,1561.36,91.55,127.37,98.36,1,car,1
119,2,33.38,854.55,143.24,129.09,1,car,1
119,3,239.85,115.86,101.29,87.62,1,car,1
119,4,355.53,110.54,102.36,89.73,1,car,1
119,5,1582.16,113.79,104.69,72.97,1,car,1
119,6,1460.51,110.14,104.5,77.24,1,car,1
119,7,1699.33,115.24,107.34,96.25,1,car,1
119,8,1029.0,433.07,134.57,104.04,1,car,1
119,10,794.05,511.37,221.03,189.32,1,car,1
119,11,1320.33,422.4,137.27,141.96,1,car,1
119,12,1562.35,92.65,126.38,97.38,1,car,1
120,2,33.9,854.36,142.02,129.15,1,car,1
120,3,239.03,115.88,101.85,87.58,1,car,1
120,4,355.5,110.37,102.21,91.65,1,car,1
120,5,1582.17,113.79,104.71,72.92,1,car,1
120,6,1460.58,110.05,104.97,77.62,1,car,1
120,7,1699.07,115.28,107.79,97.63,1,car,1
120,8,1026.85,435.51,131.9,102.8,1,car,1
120,10,797.31,514.49,212.24,182.84,1,car,1
120,11,1320.33,422.4,137.21,141.94,1,car,1
120,12,1563.34,93.75,125.39,96.4,1,car,1
121,2,34.43,854.18,140.81,129.22,1,car,1
121,3,238.22,115.89,102.41,87.53,1,car,1
121,4,355.47,110.19,102.06,93.57,1,car,1
121,5,1582.19,113.79,104.72,72.87,1,car,1
121,6,1460.64,109.96,105.45,78.01,1,car,1
121,7,1698.81,115.32,108.25,99.01,1,car,1
121,8,1024.7,437.95,129.23,101.55,1,car,1
121,10,788.69,513.45,212.29,181.93,1,car,1
121,11,1320.33,422.4,137.14,141.93,1,car,1
121,12,1564.33,94.86,124.39,95.42,1,car,1
122,2,34.88,854.4,140.45,129.27,1,car,1
122,3,237.4,115.91,102.98,87.49,1,car,1
122,4,355.74,110.14,102.48,92.88,1,car,1
122,5,1582.2,113.79,104.74,72.82,1,car,1
122,6,1460.71,109.87,105.92,78.39,1,car,1
122,7,1698.55,115.36,108.71,100.39,1,car,1
122,8,1022.55,440.39,126.56,100.31,1,car,1
122,10,780.08,512.4,212.33,181.03,1,car,1
122,11,1320.33,422.4,137.07,141.91,1,car,1
122,12,1565.32,95.96,123.4,94.45,1,car,1
123,2,35.33,854.62,140.1,129.31,1,car,1
123,3,236.58,115.93,103.54,87.44,1,car,1
123,4,356.01,110.08,102.89,92.19,1,car,1
123,5,1582.22,113.78,104.75,72.77,1,car,1
123,6,1460.78,109.77,106.39,78.77,1,car,1
123,7,1698.29,115.4,109.16,101.77,1,car,1
123,8,1020.4,442.83,123.9,99.07,1,car,1
123,10,771.46,511.35,212.37,180.13,1,car,1
123,11,1320.33,422.41,137.0,141.9,1,car,1
123,12,1566.3,97.06,122.4,93.47,1,car,1
124,2,35.78,854.85,139.74,129.35,1,car,1
124,3,235.76,115.95,104.1,87.4,1,car,1
124,4,356.28,110.03,103.3,91.5,1,car,1
124,5,1582.23,113.78,104.77,72.72,1,car,1
124,6,1461.78,109.33,104.86,79.23,1,car,1
124,7,1698.03,115.44,109.62,103.15,1,car,1
124,8,1018.25,445.27,121.23,97.83,1,car,1
124,10,762.85,510.31,212.41,179.23,1,car,1
124,11,1320.33,422.41,136.93,141.89,1,car,1
124,12,1567.29,98.16,121.41,92.49,1,car,1
125,2,36.23,855.07,139.39,129.39,1,car,1
125,3,236.73,115.99,103.13,87.83,1,car,1
125,4,356.56,109.97,103.71,90.81,1,car,1
125,5,1582.24,113.78,104.78,72.67,1,car,1
125,6,1462.78,108.89,103.34,79.7,1,car,1
125,7,1697.77,115.48,110.08,104.53,1,car,1
125,8,1031.53,444.87,122.84,96.96,1,car,1
125,10,754.23,509.26,212.46,178.32,1,car,1
125,11,1320.33,422.41,136.86,141.87,1,car,1
125,12,1568.28,99.26,120.41,91.51,1,car,1
126,2,36.68,855.3,139.04,129.44,1,car,1
126,3,237.7,116.04,102.16,88.26,1,car,1
126,4,356.83,109.91,104.13,90.12,1,car,1
126,5,1582.26,113.78,104.8,72.62,1,car,1
126,6,1463.78,108.45,101.81,80.17,1,car,1
126,7,1697.51,115.52,110.54,105.91,1,car,1
126,8,1044.81,444.47,124.45,96.09,1,car,1
126,10,779.3,506.62,212.51,176.59,1,car,1
126,11,1320.33,422.41,136.79,141.86,1,car,1
126,12,1569.27,100.36,119.42,90.53,1,car,1
127,2,36.36,855.1,139.65,129.48,1,car,1
127,3,238.67,116.08,101.19,88.7,1,car,1
127,4,357.12,109.95,103.62,90.34,1,car,1
127,5,1582.27,113.78,104.81,72.57,1,car,1
127,6,1464.78,108.01,100.29,80.64,1,car,1
127,7,1697.25,115.56,110.99,107.29,1,car,1
127,8,1058.09,444.07,126.05,95.23,1,car,1
127,10,804.36,503.98,212.56,174.85,1,car,1
127,11,1320.33,422.41,136.72,141.85,1,car,1
127,12,1570.26,101.46,118.42,89.55,1,car,1
128,2,36.03,854.91,140.26,129.53,1,car,1
128,3,239.64,116.13,100.22,89.13,1,car,1
128,4,357.42,109.98,103.12,90.56,1,car,1
128,5,1582.29,113.78,104.83,72.52,1,car,1
128,6,1465.78,107.57,98.76,81.1,1,car,1
128,7,1696.99,115.6,111.45,108.67,1,car,1
128,8,1071.36,443.68,127.66,94.36,1,car,1
128,10,829.43,501.35,212.6,173.11,1,car,1
128,11,1320.33,422.42,136.65,141.83,1,car,1
128,12,1571.25,102.56,117.43,88.57,1,car,1
129,2,35.7,854.71,140.87,129.57,1,car,1
129,3,240.61,116.17,99.24,89.56,1,car,1
129,4,357.72,110.02,102.62,90.79,1,car,1
129,5,1582.3,113.77,104.85,72.47,1,car,1
129,6,1465.02,108.02,99.69,79.35,1,car,1
129,7,1696.73,115.64,111.91,110.05,1,car,1
129,8,1084.64,443.28,129.27,93.49,1,car,1
129,10,854.5,498.71,212.65,171.38,1,car,1
129,11,1320.33,422.42,136.59,141.82,1,car,1
129,12,1572.24,103.66,116.43,87.59,1,car,1
130,2,35.37,854.52,141.49,129.61,1,car,1
130,3,241.58,116.21,98.27,90.0,1,car,1
130,4,358.01,110.06,102.11,91.01,1,car,1
130,5,1582.31,113.77,104.86,72.42,1,car,1
130,6,1464.25,108.48,100.61,77.59,1,car,1
130,7,1696.47,115.68,112.36,111.43,1,car,1
130,8,1097.92,442.88,130.88,92.62,1,car,1
130,10,879.56,496.07,212.7,169.64,1,car,1
130,11,1320.33,422.42,136.52,141.8,1,car,1
130,12,1573.23,104.77,115.44,86.61,1,car,1
131,2,35.05,854.32,142.1,129.66,1,car,1
131,3,241.77,116.1,97.83,89.28,1,car,1
131,4,358.31,110.09,101.61,91.23,1,car,1
131,5,1582.33,113.77,104.88,72.37,1,car,1
131,6,1463.49,108.94,101.54,75.83,1,car,1
131,7,1696.21,115.72,112.82,112.81,1,car,1
131,8,1111.2,442.48,132.49,91.75,1,car,1
131,10,854.87,494.0,210.24,170.47,1,car,1
131,11,1320.33,422.42,136.45,141.79,1,car,1
131,12,1574.22,105.87,114.44,85.63,1,car,1
132,2,35.05,854.39,141.94,129.68,1,car,1
132,3,241.96,115.98,97.4,88.56,1,car,1
132,4,358.21,110.09,101.28,90.93,1,car,1
132,5,1582.34,113.77,104.89,72.32,1,car,1
132,6,1462.73,109.4,102.46,74.07,1,car,1
132,7,1695.95,115.76,113.28,114.19,1,car,1
132,8,1124.47,442.08,134.1,90.88,1,car,1
132,10,830.17,491.93,207.78,171.3,1,car,1
132,11,1320.33,422.43,136.38,141.78,1,car,1
132,12,1575.21,106.97,113.45,84.65,1,car,1
133,2,35.04,854.46,141.77,129.7,1,car,1
133,3,242.15,115.87,96.96,87.84,1,car,1
133,4,358.11,110.09,100.96,90.63,1,car,1
133,5,1582.36,113.77,104.91,72.27,1,car,1
133,6,1461.96,109.86,103.39,72.31,1,car,1
133,7,1695.69,115.8,113.73,115.57,1,car,1
133,8,1137.75,441.68,135.71,90.01,1,car,1
133,10,805.47,489.85,205.32,172.13,1,car,1
133,11,1320.33,422.43,136.31,141.76,1,car,1
133,12,1576.19,108.07,112.46,83.67,1,car,1
134,2,35.04,854.53,141.6,129.71,1,car,1
134,3,242.33,115.76,96.52,87.12,1,car,1
134,4,358.02,110.09,100.63,90.33,1,car,1
134,5,1582.37,113.77,104.92,72.22,1,car,1
134,6,1461.49,109.7,103.64,82.95,1,car,1
134,7,1695.43,115.84,114.19,116.95,1,car,1
134,8,1148.26,441.17,135.89,90.52,1,car,1
134,10,780.78,487.78,202.86,172.95,1,car,1
134,11,1320.33,422.43,136.24,141.75,1,car,1
134,12,1577.18,109.17,111.46,82.69,1,car,1
135,2,35.04,854.6,141.44,129.73,1,car,1
135,3,242.52,115.64,96.08,86.4,1,car,1
135,4,357.92,110.09,100.3,90.03,1,car,1
135,5,1582.39,113.76,104.94,72.17,1,car,1
135,6,1461.02,109.55,103.88,93.6,1,car,1
135,7,1695.17,115.88,114.65,118.33,1,car,1
135,8,1158.78,440.65,136.07,91.02,1,car,1
135,10,756.08,485.71,200.4,173.78,1,car,1
135,11,1320.33,422.43,136.17,141.74,1,car,1
135,12,1578.17,110.27,110.47,81.71,1,car,1
135,14,1078.37,428.96,116.88,86.77,1,car,1
136,2,35.04,854.67,141.27,129.75,1,car,1
136,3,242.71,115.53,95.64,85.68,1,car,1
136,4,357.82,110.09,99.97,89.74,1,car,1
136,5,1582.4,113.76,104.95,72.12,1,car,1
136,6,1460.55,109.39,104.13,104.24,1,car,1
136,7,1694.91,115.92,115.11,119.71,1,car,1
136,8,1169.29,440.14,136.25,91.52,1,car,1
136,10,731.38,483.64,197.94,174.61,1,car,1
136,11,1320.33,422.43,136.1,141.72,1,car,1
136,12,1579.16,111.37,109.47,80.73,1,car,1
136,14,1090.22,440.68,120.72,90.04,1,car,1
137,2,35.53,854.82,141.21,129.85,1,car,1
137,3,242.9,115.41,95.2,84.96,1,car,1
137,4,357.63,110.05,100.69,90.09,1,car,1
137,5,1582.41,113.76,104.97,72.07,1,car,1
137,6,1460.08,109.24,104.38,114.88,1,car,1
137,7,1694.65,115.96,115.56,121.09,1,car,1
137,8,1179.8,439.62,136.44,92.02,1,car,1
137,10,742.14,491.58,193.26,172.48,1,car,1
137,11,1320.33,422.44,136.04,141.71,1,car,1
137,12,1580.15,112.47,108.48,79.75,1,car,1
137,14,1102.08,452.41,124.55,93.3,1,car,1
138,2,36.01,854.98,141.14,129.94,1,car,1
138,3,241.88,115.37,96.18,85.29,1,car,1
138,4,357.44,110.0,101.41,90.45,1,car,1
138,5,1582.43,113.76,104.98,72.01,1,car,1
138,6,1459.6,109.08,104.63,125.52,1,car,1
138,7,1694.39,116.0,116.02,122.47,1,car,1
138,8,1190.31,439.11,136.62,92.52,1,car,1
138,10,752.9,499.53,188.58,170.36,1,car,1
138,11,1320.33,422.44,135.97,141.7,1,car,1
138,12,1581.14,113.58,107.48,78.77,1,car,1
138,14,1113.93,464.14,128.39,96.57,1,car,1
139,2,36.49,855.14,141.07,130.04,1,car,1
139,3,240.87,115.32,97.17,85.61,1,car,1
139,4,357.25,109.96,102.13,90.8,1,car,1
139,5,1582.44,113.76,105.0,71.96,1,car,1
139,6,1460.21,109.35,104.2,116.04,1,car,1
139,7,1694.39,116.01,116.07,122.48,1,car,1
139,8,1200.83,438.59,136.8,93.02,1,car,1
139,10,763.67,507.47,183.91,168.23,1,car,1
139,11,1320.33,422.44,135.9,141.68,1,car,1
139,12,1582.13,114.68,106.49,77.79,1,car,1
139,14,1125.79,475.87,132.23,99.83,1,car,1
140,2,36.97,855.3,141.0,130.14,1,car,1
140,3,239.85,115.28,98.15,85.94,1,car,1
140,4,357.07,109.92,102.85,91.16,1,car,1
140,5,1582.46,113.76,105.01,71.91,1,car,1
140,6,1460.81,109.62,103.77,106.55,1,car,1
140,7,1694.39,116.02,116.13,122.5,1,car,1
140,8,1211.34,438.08,136.98,93.52,1,car,1
140,10,774.43,515.41,179.23,166.1,1,car,1
140,11,1320.33,422.44,135.83,141.67,1,car,1
140,12,1582.06,114.71,106.68,77.03,1,car,1
140,14,1137.64,487.6,136.06,103.1,1,car,1
141,2,37.45,855.46,140.93,130.23,1,car,1
141,3,238.84,115.24,99.14,86.27,1,car,1
141,4,356.88,109.88,103.57,91.51,1,car,1
141,5,1582.47,113.76,105.03,71.86,1,car,1
141,6,1461.41,109.89,103.33,97.07,1,car,1
141,7,1694.38,116.03,116.18,122.51,1,car,1
141,8,1221.85,437.56,137.17,94.03,1,car,1
141,10,785.19,523.36,174.55,163.98,1,car,1
141,11,1320.33,422.45,135.76,141.65,1,car,1
141,12,1581.99,114.74,106.87,76.27,1,car,1
141,14,1138.09,489.08,135.54,101.32,1,car,1
142,2,37.08,855.27,140.85,130.05,1,car,1
142,3,237.82,115.19,100.12,86.6,1,car,1
142,4,356.81,109.94,103.61,91.64,1,car,1
142,5,1582.48,113.75,105.04,71.81,1,car,1
142,6,1462.01,110.16,102.9,87.58,1,car,1
142,7,1694.38,116.04,116.24,122.53,1,car,1
142,8,1232.37,437.04,137.35,94.53,1,car,1
142,10,779.91,520.3,178.07,162.57,1,car,1
142,11,1320.33,422.45,135.69,141.64,1,car,1
142,12,1581.91,114.77,107.06,75.5,1,car,1
142,14,1138.53,490.57,135.01,99.54,1,car,1
143,2,36.7,855.08,140.77,129.86,1,car,1
143,3,236.8,115.15,101.11,86.93,1,car,1
143,4,356.74,109.99,103.65,91.78,1,car,1
143,5,1582.5,113.75,105.06,71.76,1,car,1
143,6,1462.61,110.43,102.47,78.1,1,car,1
143,7,1694.38,116.05,116.29,122.54,1,car,1
143,8,1242.88,436.53,137.53,95.03,1,car,1
143,10,774.63,517.24,181.59,161.17,1,car,1
143,11,1320.33,422.45,135.62,141.63,1,car,1
143,12,1581.84,114.81,107.25,74.74,1,car,1
143,14,1138.97,492.06,134.48,97.76,1,car,1
144,2,36.32,854.89,140.69,129.68,1,car,1
144,3,235.79,115.1,102.09,87.26,1,car,1
144,4,356.67,110.05,103.69,91.91,1,car,1
144,5,1582.51,113.75,105.07,71.71,1,car,1
144,6,1462.2,110.39,103.15,79.37,1,car,1
144,7,1694.38,116.07,116.34,122.56,1,car,1
144,8,1253.39,436.01,137.72,95.53,1,car,1
144,10,769.35,514.18,185.11,159.77,1,car,1
144,11,1320.33,422.45,135.55,141.61,1,car,1
144,12,1581.77,114.84,107.44,73.97,1,car,1
144,14,1139.42,493.54,133.96,95.98,1,car,1
145,2,35.95,854.7,140.6,129.49,1,car,1
145,3,234.77,115.06,103.07,87.59,1,car,1
145,4,356.6,110.11,103.73,92.04,1,car,1
145,5,1582.53,113.75,105.09,71.66,1,car,1
145,6,1461.8,110.34,103.83,80.65,1,car,1
145,7,1694.38,116.08,116.4,122.57,1,car,1
145,8,1263.91,435.5,137.9,96.03,1,car,1
145,10,764.07,511.12,188.64,158.37,1,car,1
145,11,1320.33,422.45,135.49,141.6,1,car,1
145,12,1581.7,114.87,107.63,73.21,1,car,1
145,14,1139.86,495.03,133.43,94.2,1,car,1
146,2,35.57,854.51,140.52,129.3,1,car,1
146,3,233.76,115.02,104.06,87.92,1,car,1
146,4,356.53,110.17,103.78,92.17,1,car,1
146,5,1582.54,113.75,105.1,71.61,1,car,1
146,6,1461.39,110.29,104.52,81.93,1,car,1
146,7,1694.38,116.09,116.45,122.59,1,car,1
146,8,1274.42,434.98,138.08,96.53,1,car,1
146,10,758.79,508.06,192.16,156.97,1,car,1
146,11,1320.33,422.46,135.42,141.59,1,car,1
146,12,1527.37,45.06,159.7,149.89,1,car,1
146,14,1139.05,487.32,132.71,93.99,1,car,1
147,2,35.73,854.53,140.48,129.35,1,car,1
147,3,232.74,114.97,105.04,88.24,1,car,1
147,4,356.68,110.33,104.12,92.05,1,car,1
147,5,1582.55,113.75,105.12,71.56,1,car,1
147,6,1460.99,110.25,105.2,83.2,1,car,1
147,7,1694.37,116.1,116.51,122.6,1,car,1
147,8,1284.93,434.47,138.26,97.03,1,car,1
147,10,737.42,504.76,194.08,158.26,1,car,1
147,11,1320.33,422.46,135.35,141.57,1,car,1
147,14,1138.24,479.6,132.0,93.77,1,car,1
148,2,35.89,854.55,140.44,129.4,1,car,1
148,3,234.18,115.17,104.06,88.4,1,car,1
148,4,356.84,110.5,104.47,91.93,1,car,1
148,5,1582.57,113.74,105.13,71.51,1,car,1
148,6,1460.58,110.2,105.88,84.48,1,car,1
148,7,1694.37,116.11,116.56,122.62,1,car,1
148,8,1295.44,433.95,138.45,97.54,1,car,1
148,10,716.05,501.47,196.0,159.56,1,car,1
148,11,1320.33,422.46,135.28,141.56,1,car,1
148,14,1137.44,471.89,131.28,93.56,1,car,1
149,2,36.06,854.57,140.41,129.45,1,car,1
149,3,235.61,115.37,103.07,88.56,1,car,1
149,4,357.0,110.67,104.82,91.81,1,car,1
149,5,1582.58,113.74,105.15,71.46,1,car,1
149,6,1461.43,110.29,104.43,81.61,1,car,1
149,7,1694.37,116.12,116.61,122.63,1,car,1
149,8,1305.96,433.44,138.63,98.04,1,car,1
149,10,694.68,498.17,197.93,160.85,1,car,1
149,11,1320.33,422.46,135.21,141.55,1,car,1
149,14,1136.63,464.18,130.56,93.34,1,car,1
150,2,36.22,854.59,140.37,129.5,1,car,1
150,3,237.05,115.57,102.08,88.72,1,car,1
150,4,357.16,110.83,105.17,91.68,1,car,1
150,5,1582.6,113.74,105.16,71.41,1,car,1
150,6,1462.28,110.39,102.98,78.74,1,car,1
150,7,1694.37,116.13,116.67,122.65,1,car,1
150,8,1316.47,432.92,138.81,98.54,1,car,1
150,10,673.31,494.87,199.85,162.14,1,car,1
150,11,1320.33,422.47,135.14,141.53,1,car,1
150,14,1135.82,456.47,129.85,93.13,1,car,1
151,2,36.38,854.61,140.33,129.55,1,car,1
151,3,238.49,115.77,101.09,88.88,1,car,1
151,4,357.31,111.0,105.51,91.56,1,car,1
151,5,1582.61,113.74,105.18,71.36,1,car,1
151,6,1463.14,110.48,101.54,75.88,1,car,1
151,7,1694.37,116.14,116.72,122.66,1,car,1
151,8,1326.98,432.4,138.99,99.04,1,car,1
151,10,651.95,491.57,201.77,163.44,1,car,1
151,11,1320.33,422.47,135.07,141.52,1,car,1
151,14,1137.57,456.18,129.72,93.41,1,car,1
152,2,36.41,854.58,140.17,129.37,1,car,1
152,3,239.93,115.97,100.11,89.04,1,car,1
152,4,356.96,110.88,104.92,91.92,1,car,1
152,5,1582.63,113.74,105.2,71.31,1,car,1
152,6,1463.99,110.58,100.09,73.01,1,car,1
152,7,1694.36,116.15,116.78,122.68,1,car,1
152,8,1337.5,431.89,139.18,99.54,1,car,1
152,10,656.59,490.18,199.87,163.28,1,car,1
152,11,1320.33,422.47,135.0,141.5,1,car,1
152,14,1139.33,455.9,129.59,93.69,1,car,1
153,2,36.44,854.56,140.01,129.19,1,car,1
153,3,241.36,116.17,99.12,89.2,1,car,1
153,4,356.6,110.77,104.33,92.28,1,car,1
153,5,1582.64,113.74,105.21,71.26,1,car,1
153,6,1464.84,110.67,98.64,70.14,1,car,1
153,7,1694.36,116.16,116.83,122.69,1,car,1
153,8,1348.01,431.37,139.36,100.04,1,car,1
153,10,661.24,488.78,197.96,163.13,1,car,1
153,11,1320.33,422.47,134.93,141.49,1,car,1
153,14,1141.08,455.61,129.46,93.98,1,car,1
154,2,36.47,854.54,139.85,129.0,1,car,1
154,3,241.29,116.1,99.23,89.16,1,car,1
154,4,356.25,110.66,103.73,92.63,1,car,1
154,5,1582.65,113.73,105.23,71.21,1,car,1
154,6,1464.72,110.65,99.25,71.92,1,car,1
154,7,1694.36,116.17,116.88,122.71,1,car,1
154,8,1358.52,430.86,139.54,100.55,1,car,1
154,10,665.88,487.38,196.06,162.98,1,car,1
154,11,1320.33,422.47,134.87,141.48,1,car,1
154,14,1142.83,455.32,129.33,94.26,1,car,1
155,2,36.5,854.51,139.69,128.82,1,car,1
155,3,241.22,116.04,99.33,89.12,1,car,1
155,4,355.9,110.54,103.14,92.99,1,car,1
155,5,1582.67,113.73,105.24,71.16,1,car,1
155,6,1464.6,110.62,99.87,73.69,1,car,1
155,7,1694.36,116.18,116.94,122.72,1,car,1
155,8,1369.04,430.34,139.72,101.05,1,car,1
155,10,670.52,485.99,194.15,162.82,1,car,1
155,11,1320.33,422.48,134.8,141.46,1,car,1
155,14,1144.58,455.03,129.21,94.54,1,car,1
156,2,36.53,854.49,139.53,128.63,1,car,1
156,3,241.14,115.98,99.44,89.08,1,car,1
156,4,355.54,110.43,102.54,93.35,1,car,1
156,5,1582.68,113.73,105.26,71.11,1,car,1
156,6,1464.48,110.6,100.49,75.47,1,car,1
156,7,1694.36,116.19,116.99,122.74,1,car,1
156,8,1379.55,429.83,139.91,101.55,1,car,1
156,10,675.17,484.59,192.25,162.67,1,car,1
156,11,1320.33,422.48,134.73,141.45,1,car,1
156,14,1169.42,459.47,132.0,94.46,1,car,1
157,2,36.07,854.62,140.53,128.52,1,car,1
157,3,241.07,115.92,99.54,89.04,1,car,1
157,4,355.99,110.18,102.67,93.2,1,car,1
157,5,1582.7,113.73,105.27,71.06,1,car,1
157,6,1464.36,110.58,101.1,77.25,1,car,1
157,7,1694.35,116.2,117.05,122.76,1,car,1
157,8,1390.06,429.31,140.09,102.05,1,car,1
157,10,726.43,476.54,192.51,161.55,1,car,1
157,11,1320.33,422.48,134.66,141.44,1,car,1
157,14,1194.26,463.91,134.8,94.37,1,car,1
158,2,35.62,854.76,141.53,128.41,1,car,1
158,3,241.0,115.86,99.65,89.0,1,car,1
158,4,356.43,109.94,102.79,93.04,1,car,1
158,5,1582.71,113.73,105.29,71.01,1,car,1
158,6,1464.25,110.55,101.72,79.03,1,car,1
158,7,1694.35,116.21,117.1,122.77,1,car,1
158,8,1400.57,428.8,140.27,102.55,1,car,1
158,10,777.69,468.49,192.76,160.43,1,car,1
158,11,1320.33,422.48,134.59,141.42,1,car,1
159,2,35.17,854.89,142.52,128.3,1,car,1
159,3,240.93,115.79,99.76,88.96,1,car,1
159,4,356.88,109.69,102.91,92.89,1,car,1
159,5,1582.38,113.77,105.68,72.21,1,car,1
159,6,1464.18,110.55,101.69,78.94,1,car,1
159,7,1694.35,116.22,117.15,122.79,1,car,1
159,8,1411.09,428.28,140.46,103.05,1,car,1
159,10,828.95,460.45,193.02,159.31,1,car,1
159,11,1320.33,422.49,134.52,141.41,1,car,1
160,2,34.71,855.02,143.52,128.18,1,car,1
160,3,240.85,115.73,99.86,88.92,1,car,1
160,4,357.32,109.44,103.03,92.73,1,car,1
160,5,1582.04,113.82,106.07,73.41,1,car,1
160,6,1464.11,110.54,101.67,78.85,1,car,1
160,7,1694.35,116.23,117.21,122.8,1,car,1
160,8,1421.6,427.76,140.64,103.55,1,car,1
160,10,880.22,452.4,193.28,158.19,1,car,1
160,11,1320.33,422.49,134.45,141.4,1,car,1
161,2,34.26,855.16,144.51,128.07,1,car,1
161,3,240.78,115.67,99.97,88.87,1,car,1
161,4,357.77,109.2,103.15,92.58,1,car,1
161,5,1581.71,113.87,106.45,74.61,1,car,1
161,6,1464.04,110.53,101.64,78.76,1,car,1
161,7,1694.35,116.24,117.26,122.82,1,car,1
161,8,1432.11,427.25,140.82,104.06,1,car,1
161,10,931.48,444.35,193.53,157.07,1,car,1
161,11,1320.33,422.49,134.38,141.38,1,car,1
162,2,34.85,855.3,143.83,128.31,1,car,1
162,3,240.71,115.61,100.07,88.83,1,car,1
162,4,357.08,109.16,103.44,92.98,1,car,1
162,5,1581.38,113.91,106.84,75.81,1,car,1
162,6,1463.97,110.53,101.62,78.67,1,car,1
162,7,1694.34,116.25,117.32,122.83,1,car,1
162,8,1442.63,426.73,141.0,104.56,1,car,1
162,10,937.18,441.76,191.54,157.95,1,car,1
162,11,1320.33,422.49,134.32,141.37,1,car,1
163,2,35.44,855.45,143.16,128.55,1,car,1
163,3,240.64,115.55,100.18,88.79,1,car,1
163,4,356.39,109.11,103.72,93.39,1,car,1
163,5,1581.05,113.96,107.23,77.01,1,car,1
163,6,1463.9,110.52,101.59,78.58,1,car,1
163,7,1694.34,116.26,117.37,122.85,1,car,1
163,8,1453.14,426.22,141.19,105.06,1,car,1
163,10,942.89,439.16,189.54,158.82,1,car,1
163,11,1320.33,422.5,134.25,141.35,1,car,1
164,2,36.03,855.59,142.48,128.78,1,car,1
164,3,240.56,115.48,100.29,88.75,1,car,1
164,4,355.71,109.07,104.01,93.79,1,car,1
164,5,1580.71,114.01,107.62,78.21,1,car,1
164,6,1463.83,110.52,101.56,78.5,1,car,1
164,7,1694.34,116.27,117.42,122.86,1,car,1
164,8,1463.65,425.7,141.37,105.56,1,car,1
164,10,948.6,436.57,187.55,159.7,1,car,1
164,11,1320.33,422.5,134.18,141.34,1,car,1
165,2,36.62,855.74,141.8,129.02,1,car,1
165,3,240.49,115.42,100.39,88.71,1,car,1
165,4,355.02,109.03,104.29,94.2,1,car,1
165,5,1580.38,114.05,108.01,79.42,1,car,1
165,6,1463.77,110.51,101.54,78.41,1,car,1
165,7,1694.34,116.28,117.48,122.88,1,car,1
165,8,1474.17,425.19,141.55,106.06,1,car,1
165,10,954.3,433.98,185.55,160.57,1,car,1
165,11,1320.33,422.5,134.11,141.33,1,car,1
166,2,37.21,855.88,141.13,129.26,1,car,1
166,3,240.42,115.36,100.5,88.67,1,car,1
166,4,354.33,108.99,104.58,94.6,1,car,1
166,5,1580.05,114.1,108.4,80.62,1,car,1
166,6,1463.7,110.5,101.51,78.32,1,car,1
166,7,1694.34,116.29,117.53,122.89,1,car,1
166,8,1484.68,424.67,141.73,106.56,1,car,1
166,10,960.01,431.39,183.56,161.45,1,car,1
166,11,1320.33,422.5,134.04,141.31,1,car,1
167,2,37.19,855.81,140.89,129.35,1,car,1
167,3,240.35,115.3,100.6,88.63,1,car,1
167,4,354.68,109.36,104.49,93.37,1,car,1
167,5,1579.72,114.15,108.79,81.82,1,car,1
167,6,1463.63,110.5,101.49,78.23,1,car,1
167,7,1694.33,116.3,117.59,122.91,1,car,1
167,8,1491.83,410.78,141.73,105.45,1,car,1
167,10,967.14,419.99,186.15,160.0,1,car,1
167,11,1320.33,422.5,133.97,141.3,1,car,1
168,2,37.17,855.75,140.65,129.44,1,car,1
168,3,240.32,115.29,100.68,88.66,1,car,1
168,4,355.03,109.72,104.4,92.13,1,car,1
168,5,1579.38,114.2,109.18,83.02,1,car,1
168,6,1463.56,110.49,101.46,78.14,1,car,1
168,7,1694.33,116.31,117.64,122.92,1,car,1
168,8,1498.98,396.9,141.74,104.34,1,car,1
168,10,974.27,408.59,188.74,158.55,1,car,1
168,11,1320.33,422.51,133.9,141.29,1,car,1
169,2,37.16,855.68,140.42,129.53,1,car,1
169,3,240.29,115.29,100.75,88.69,1,car,1
169,4,355.38,110.08,104.32,90.9,1,car,1
169,5,1579.05,114.24,109.57,84.22,1,car,1
169,6,1463.49,110.49,101.43,78.06,1,car,1
169,7,1694.33,116.32,117.69,122.94,1,car,1
169,8,1506.13,383.01,141.74,103.23,1,car,1
169,10,981.4,397.19,191.33,157.1,1,car,1
169,11,1320.33,422.51,133.83,141.27,1,car,1
170,2,37.14,855.61,140.18,129.62,1,car,1
170,3,240.26,115.29,100.83,88.71,1,car,1
170,4,355.73,110.45,104.23,89.67,1,car,1
170,5,1578.72,114.29,109.96,85.42,1,car,1
170,6,1463.42,110.48,101.41,77.97,1,car,1
170,7,1694.33,116.33,117.75,122.95,1,car,1
170,8,1513.28,369.13,141.74,102.12,1,car,1
170,10,988.53,385.8,193.92,155.65,1,car,1
170,11,1320.33,422.51,133.77,141.26,1,car,1
171,2,37.12,855.55,139.94,129.71,1,car,1
171,3,240.23,115.28,100.9,88.74,1,car,1
171,4,356.08,110.81,104.14,88.44,1,car,1
171,5,1578.39,114.34,110.35,86.62,1,car,1
171,6,1463.35,110.47,101.38,77.88,1,car,1
171,7,1694.33,116.34,117.8,122.97,1,car,1
171,8,1520.44,355.24,141.74,101.01,1,car,1
171,10,995.66,374.4,196.51,154.2,1,car,1
171,11,1320.33,422.51,133.7,141.25,1,car,1
172,2,37.16,855.52,140.03,129.77,1,car,1
172,3,240.2,115.28,100.98,88.77,1,car,1
172,4,355.72,110.79,103.83,88.62,1,car,1
172,5,1578.05,114.38,110.74,87.82,1,car,1
172,6,1463.29,110.47,101.36,77.79,1,car,1
172,7,1694.32,116.35,117.86,122.98,1,car,1
172,8,1527.59,341.35,141.74,99.9,1,car,1
172,10,1013.2,367.76,196.41,154.46,1,car,1
172,11,1320.33,422.52,133.63,141.23,1,car,1
173,2,37.2,855.49,140.11,129.83,1,car,1
173,3,240.17,115.28,101.05,88.8,1,car,1
173,4,355.37,110.77,103.51,88.8,1,car,1
173,5,1577.72,114.43,111.13,89.02,1,car,1
173,6,1463.22,110.46,101.33,77.7,1,car,1
173,7,1694.32,116.36,117.91,123.0,1,car,1
173,8,1547.92,342.59,140.59,99.56,1,car,1
173,10,1030.74,361.13,196.32,154.71,1,car,1
173,11,1320.33,422.52,133.56,141.22,1,car,1
174,2,37.24,855.46,140.19,129.89,1,car,1
174,3,240.14,115.27,101.13,88.82,1,car,1
174,4,355.01,110.76,103.19,88.98,1,car,1
174,5,1577.39,114.48,111.52,90.22,1,car,1
174,6,1463.15,110.46,101.31,77.61,1,car,1
174,7,1694.32,116.37,117.96,123.01,1,car,1
174,8,1568.25,343.82,139.45,99.22,1,car,1
174,10,1048.29,354.49,196.22,154.97,1,car,1
174,11,1320.33,422.52,133.49,141.2,1,car,1
175,2,37.28,855.43,140.27,129.95,1,car,1
175,3,240.11,115.27,101.2,88.85,1,car,1
175,4,354.65,110.74,102.87,89.16,1,car,1
175,5,1577.06,114.52,111.91,91.43,1,car,1
175,6,1463.08,110.45,101.28,77.53,1,car,1
175,7,1694.32,116.38,118.02,123.03,1,car,1
175,8,1588.58,345.06,138.31,98.88,1,car,1
175,10,1065.83,347.85,196.12,155.23,1,car,1
175,11,1320.33,422.52,133.42,141.19,1,car,1
176,2,37.32,855.4,140.36,130.01,1,car,1
176,3,240.08,115.27,101.28,88.88,1,car,1
176,4,354.3,110.72,102.56,89.34,1,car,1
176,5,1576.72,114.57,112.3,92.63,1,car,1
176,6,1463.01,110.44,101.25,77.44,1,car,1
176,7,1694.32,116.39,118.07,123.04,1,car,1
176,8,1608.92,346.3,137.16,98.55,1,car,1
176,10,1083.37,341.22,196.03,155.48,1,car,1
176,11,1320.33,422.52,133.35,141.18,1,car,1
177,2,36.69,855.24,141.35,129.84,1,car,1
177,3,240.06,115.26,101.35,88.91,1,car,1
177,4,353.94,110.7,102.24,89.52,1,car,1
177,5,1576.39,114.62,112.69,93.83,1,car,1
177,6,1462.94,110.44,101.23,77.35,1,car,1
177,7,1694.31,116.4,118.13,123.06,1,car,1
177,8,1629.25,347.53,136.02,98.21,1,car,1
177,10,1100.92,334.58,195.93,155.74,1,car,1
177,11,1320.33,422.53,133.28,141.16,1,car,1
178,2,36.06,855.07,142.34,129.68,1,car,1
178,3,240.03,115.26,101.43,88.93,1,car,1
178,4,353.83,110.68,102.56,90.09,1,car,1
178,5,1576.06,114.66,113.08,95.03,1,car,1
178,6,1462.88,110.43,101.2,77.26,1,car,1
178,7,1694.31,116.41,118.18,123.08,1,car,1
178,8,1625.18,357.65,133.43,99.64,1,car,1
178,10,1101.21,339.18,190.32,155.45,1,car,1
178,11,1320.33,422.53,133.21,141.15,1,car,1
179,2,35.43,854.9,143.34,129.51,1,car,1
179,3,240.0,115.26,101.5,88.96,1,car,1
179,4,353.73,110.66,102.88,90.66,1,car,1
179,5,1575.72,114.71,113.47,96.23,1,car,1
179,6,1462.81,110.43,101.18,77.17,1,car,1
179,7,1694.31,116.42,118.23,123.09,1,car,1
179,8,1621.12,367.77,130.84,101.07,1,car,1
179,10,1101.5,343.79,184.7,155.16,1,car,1
179,11,1320.33,422.53,133.15,141.14,1,car,1
180,2,34.8,854.73,144.33,129.34,1,car,1
180,3,239.97,115.25,101.58,88.99,1,car,1
180,4,353.63,110.64,103.2,91.23,1,car,1
180,5,1575.39,114.76,113.85,97.43,1,car,1
180,6,1462.74,110.42,101.15,77.09,1,car,1
180,7,1694.31,116.43,118.29,123.11,1,car,1
180,8,1617.05,377.9,128.26,102.5,1,car,1
180,10,1101.79,348.39,179.08,154.87,1,car,1
180,11,1320.33,422.53,133.08,141.12,1,car,1
181,2,34.16,854.56,145.33,129.18,1,car,1
181,3,239.94,115.25,101.65,89.02,1,car,1
181,4,353.53,110.62,103.52,91.8,1,car,1
181,5,1575.06,114.8,114.24,98.63,1,car,1
181,6,1462.67,110.41,101.12,77.0,1,car,1
181,7,1694.31,116.44,118.34,123.12,1,car,1
181,8,1612.98,388.02,125.67,103.92,1,car,1
181,10,1102.09,352.99,173.47,154.58,1,car,1
181,11,1320.33,422.54,133.01,141.11,1,car,1
182,2,34.05,854.49,145.35,129.31,1,car,1
182,3,239.91,115.24,101.72,89.04,1,car,1
182,4,353.42,110.6,103.84,92.36,1,car,1
182,5,1574.73,114.85,114.63,99.83,1,car,1
182,6,1462.6,110.41,101.1,76.91,1,car,1
182,7,1694.3,116.45,118.39,123.14,1,car,1
182,8,1608.92,398.14,123.08,105.35,1,car,1
182,10,1102.38,357.59,167.85,154.29,1,car,1
182,11,1320.33,422.54,132.94,141.09,1,car,1
183,2,33.94,854.41,145.36,129.44,1,car,1
183,3,239.88,115.24,101.8,89.07,1,car,1
183,4,353.32,110.59,104.16,92.93,1,car,1
183,5,1574.39,114.9,115.02,101.03,1,car,1
183,6,1462.58,110.41,101.13,76.88,1,car,1
183,7,1694.3,116.46,118.45,123.15,1,car,1
183,8,1610.05,395.7,122.49,102.09,1,car,1
183,10,1102.91,357.98,167.83,154.59,1,car,1
183,11,1320.33,422.54,132.87,141.08,1,car,1
184,2,33.82,854.34,145.38,129.57,1,car,1
184,3,239.85,115.24,101.87,89.1,1,car,1
184,4,353.22,110.57,104.48,93.5,1,car,1
184,5,1574.06,114.94,115.41,102.23,1,car,1
184,6,1462.56,110.41,101.16,76.85,1,car,1
184,7,1694.3,116.47,118.5,123.17,1,car,1
184,8,1611.19,393.26,121.9,98.83,1,car,1
184,10,1103.43,358.36,167.8,154.89,1,car,1
184,11,1320.33,422.54,132.8,141.07,1,car,1
185,2,33.71,854.26,145.39,129.7,1,car,1
185,3,239.82,115.23,101.95,89.13,1,car,1
185,4,353.11,110.55,104.8,94.07,1,car,1
185,5,1573.73,114.99,115.8,103.44,1,car,1
185,6,1462.53,110.41,101.2,76.83,1,car,1
185,7,1694.3,116.48,118.56,123.18,1,car,1
185,8,1612.33,390.82,121.31,95.57,1,car,1
185,10,1103.96,358.74,167.78,155.18,1,car,1
185,11,1320.33,422.54,132.73,141.05,1,car,1
186,2,33.59,854.19,145.41,129.82,1,car,1
186,3,239.79,115.23,102.02,89.15,1,car,1
186,4,353.01,110.53,105.12,94.64,1,car,1
186,5,1573.4,115.04,116.19,104.64,1,car,1
186,6,1462.51,110.41,101.23,76.8,1,car,1
186,7,1694.3,116.49,118.61,123.2,1,car,1
186,8,1613.46,388.38,120.71,92.31,1,car,1
186,10,1104.49,359.13,167.76,155.48,1,car,1
186,11,1320.33,422.55,132.66,141.04,1,car,1
187,2,33.58,854.16,145.58,129.84,1,car,1
187,3,239.77,115.23,102.1,89.18,1,car,1
187,4,352.91,110.51,105.45,95.21,1,car,1
187,5,1573.06,115.08,116.58,105.84,1,car,1
187,6,1462.49,110.41,101.26,76.77,1,car,1
187,7,1694.29,116.5,118.66,123.21,1,car,1
187,8,1614.6,385.93,120.12,89.05,1,car,1
187,10,1105.02,359.51,167.74,155.78,1,car,1
187,11,1320.33,422.55,132.6,141.03,1,car,1
188,2,33.57,854.13,145.76,129.86,1,car,1
188,3,239.74,115.22,102.17,89.21,1,car,1
188,4,352.8,110.49,105.77,95.77,1,car,1
188,5,1572.73,115.13,116.97,107.04,1,car,1
188,6,1462.47,110.41,101.29,76.74,1,car,1
188,7,1694.29,116.51,118.72,123.23,1,car,1
188,8,1613.41,384.99,120.29,89.3,1,car,1
188,10,1105.54,359.89,167.71,156.08,1,car,1
188,11,1320.33,422.55,132.53,141.01,1,car,1
189,2,33.56,854.11,145.93,129.87,1,car,1
189,3,239.71,115.22,102.25,89.23,1,car,1
189,4,352.7,110.47,106.09,96.34,1,car,1
189,5,1572.4,115.18,117.36,108.24,1,car,1
189,6,1462.45,110.41,101.33,76.72,1,car,1
189,7,1694.29,116.52,118.77,123.24,1,car,1
189,8,1612.21,384.04,120.45,89.54,1,car,1
189,10,1106.07,360.28,167.69,156.38,1,car,1
189,11,1320.33,422.55,132.46,141.0,1,car,1
190,2,33.54,854.08,146.11,129.89,1,car,1
190,3,239.68,115.22,102.32,89.26,1,car,1
190,4,352.6,110.46,106.41,96.91,1,car,1
190,5,1572.07,115.22,117.75,109.44,1,car,1
190,6,1462.42,110.41,101.36,76.69,1,car,1
190,7,1694.29,116.53,118.83,123.26,1,car,1
190,8,1611.02,383.09,120.61,89.79,1,car,1
190,10,1106.6,360.66,167.67,156.68,1,car,1
190,11,1320.33,422.56,132.39,140.99,1,car,1
190,15,1477.03,340.64,129.04,87.51,1,car,1
191,2,33.53,854.05,146.28,129.9,1,car,1
191,3,239.65,115.21,102.4,89.29,1,car,1
191,4,352.49,110.44,106.73,97.48,1,car,1
191,5,1571.73,115.27,118.14,110.64,1,car,1
191,6,1462.4,110.41,101.39,76.66,1,car,1
191,7,1694.29,116.54,118.88,123.27,1,car,1
191,8,1609.82,382.15,120.78,90.04,1,car,1
191,10,1107.13,361.04,167.65,156.98,1,car,1
191,11,1320.33,422.56,132.32,140.97,1,car,1
191,15,1461.15,338.06,124.87,87.52,1,car,1
191,16,885.89,306.09,175.35,142.7,1,car,1
192,2,34.01,854.31,144.96,129.78,1,car,1
192,3,239.62,115.21,102.47,89.32,1,car,1
192,4,352.39,110.42,107.05,98.05,1,car,1
192,5,1571.4,115.32,118.53,111.84,1,car,1
192,6,1462.38,110.41,101.42,76.63,1,car,1
192,7,1694.29,116.55,118.93,123.29,1,car,1
192,8,1608.63,381.2,120.94,90.29,1,car,1
192,10,1107.65,361.43,167.62,157.28,1,car,1
192,11,1320.33,422.56,132.25,140.96,1,car,1
192,15,1445.26,335.48,120.71,87.52,1,car,1
192,16,877.11,306.66,171.0,139.37,1,car,1
193,2,34.5,854.58,143.63,129.66,1,car,1
193,3,239.59,115.21,102.55,89.34,1,car,1
193,4,352.29,110.4,107.37,98.62,1,car,1
193,5,1571.07,115.36,118.92,113.04,1,car,1
193,6,1462.36,110.41,101.45,76.61,1,car,1
193,7,1694.28,116.56,118.99,123.3,1,car,1
193,8,1607.43,380.25,121.11,90.53,1,car,1
193,10,1108.18,361.81,167.6,157.58,1,car,1
193,11,1320.33,422.56,132.18,140.94,1,car,1
193,15,1429.37,332.9,116.55,87.52,1,car,1
193,16,868.34,307.22,166.65,136.04,1,car,1
194,2,34.98,854.84,142.31,129.54,1,car,1
194,3,239.56,115.2,102.62,89.37,1,car,1
194,4,352.18,110.38,107.69,99.18,1,car,1
194,5,1570.73,115.41,119.31,114.25,1,car,1
194,6,1462.33,110.41,101.49,76.58,1,car,1
194,7,1694.28,116.57,119.04,123.32,1,car,1
194,8,1606.24,379.3,121.27,90.78,1,car,1
194,10,1108.71,362.19,167.58,157.87,1,car,1
194,11,1320.33,422.56,132.11,140.93,1,car,1
194,15,1413.49,330.33,112.38,87.53,1,car,1
194,16,859.56,307.79,162.3,132.71,1,car,1
195,2,35.46,855.1,140.99,129.42,1,car,1
195,3,239.53,115.2,102.7,89.4,1,car,1
195,4,352.08,110.36,108.01,99.75,1,car,1
195,5,1570.4,115.46,119.7,115.45,1,car,1
195,6,1462.31,110.41,101.52,76.55,1,car,1
195,7,1694.28,116.58,119.1,123.33,1,car,1
195,8,1605.04,378.36,121.43,91.03,1,car,1
195,10,1109.23,362.58,167.55,158.17,1,car,1
195,11,1320.33,422.57,132.05,140.92,1,car,1
195,15,1397.6,327.75,108.22,87.53,1,car,1
195,16,850.79,308.35,157.94,129.38,1,car,1
196,2,35.94,855.37,139.66,129.3,1,car,1
196,3,239.5,115.2,102.77,89.43,1,car,1
196,4,351.98,110.34,108.33,100.32,1,car,1
196,5,1570.07,115.51,120.09,116.65,1,car,1
196,6,1462.29,110.41,101.55,76.52,1,car,1
196,7,1694.28,116.59,119.15,123.35,1,car,1
196,8,1603.85,377.41,121.6,91.28,1,car,1
196,10,1109.76,362.96,167.53,158.47,1,car,1
196,11,1320.33,422.57,131.98,140.9,1,car,1
196,15,1398.12,330.44,109.13,88.26,1,car,1
196,16,842.01,308.92,153.59,126.05,1,car,1
197,2,35.87,855.29,139.97,129.39,1,car,1
197,3,239.48,115.19,102.85,89.45,1,car,1
197,4,351.88,110.32,108.65,100.89,1,car,1
197,5,1569.74,115.55,120.48,117.85,1,car,1
197,6,1462.27,110.41,101.58,76.5,1,car,1
197,7,1694.28,116.6,119.2,123.36,1,car,1
197,8,1602.65,376.46,121.76,91.52,1,car,1
197,10,1110.29,363.34,167.51,158.77,1,car,1
197,11,1320.33,422.57,131.91,140.89,1,car,1
197,15,1398.64,333.14,110.04,88.99,1,car,1
197,16,842.34,309.3,153.56,126.05,1,car,1
198,2,35.8,855.21,140.27,129.48,1,car,1
198,3,239.45,115.19,102.92,89.48,1,car,1
198,4,351.77,110.31,108.97,101.46,1,car,1
198,5,1569.4,115.6,120.86,119.05,1,car,1
198,6,1462.25,110.41,101.62,76.47,1,car,1
198,7,1694.27,116.61,119.26,123.38,1,car,1
198,8,1601.46,375.51,121.93,91.77,1,car,1
198,10,1110.82,363.72,167.49,159.07,1,car,1
198,11,1320.33,422.57,131.84,140.88,1,car,1
198,15,1399.16,335.83,110.95,89.72,1,car,1
198,16,842.66,309.68,153.52,126.05,1,car,1
199,2,35.72,855.13,140.58,129.57,1,car,1
199,3,239.42,115.18,102.99,89.51,1,car,1
199,4,351.67,110.29,109.29,102.03,1,car,1
199,5,1569.07,115.65,121.25,120.25,1,car,1
199,6,1462.22,110.42,101.65,76.44,1,car,1
199,7,1694.27,116.62,119.31,123.39,1,car,1
199,8,1600.26,374.57,122.09,92.02,1,car,1
199,10,1111.34,364.11,167.46,159.37,1,car,1
199,11,1320.33,422.58,131.77,140.86,1,car,1
199,15,1399.68,338.53,111.86,90.45,1,car,1
199,16,842.98,310.06,153.48,126.05,1,car,1
200,2,35.65,855.05,140.88,129.66,1,car,1
200,3,239.39,115.18,103.07,89.54,1,car,1
200,4,351.57,110.27,109.62,102.59,1,car,1
200,5,1568.74,115.69,121.64,121.45,1,car,1
200,6,1462.2,110.42,101.68,76.41,1,car,1
200,7,1694.27,116.63,119.37,123.41,1,car,1
200,8,1599.07,373.62,122.25,92.27,1,car,1
200,10,1111.87,364.49,167.44,159.67,1,car,1
200,11,1320.33,422.58,131.7,140.85,1,car,1
200,15,1400.2,341.22,112.78,91.18,1,car,1
200,16,843.3,310.44,153.45,126.05,1,car,1
200,17,877.95,318.07,153.2,120.63,1,car,1
201,2,35.58,854.97,141.19,129.75,1,car,1
201,3,239.36,115.18,103.14,89.56,1,car,1
201,4,351.46,110.25,109.94,103.16,1,car,1
201,5,1568.41,115.74,122.03,122.65,1,car,1
201,6,1462.18,110.42,101.71,76.39,1,car,1
201,7,1694.27,116.64,119.42,123.43,1,car,1
201,8,1597.88,372.67,122.42,92.51,1,car,1
201,10,1112.4,364.87,167.42,159.97,1,car,1
201,11,1320.33,422.58,131.63,140.84,1,car,1
201,15,1390.12,329.45,114.61,90.61,1,car,1
201,16,843.62,310.82,153.41,126.05,1,car,1
201,17,870.99,318.34,157.86,128.86,1,car,1
202,2,35.58,854.99,141.34,129.77,1,car,1
202,3,239.33,115.17,103.22,89.59,1,car,1
202,4,351.36,110.23,110.26,103.73,1,car,1
202,5,1568.07,115.79,122.42,123.85,1,car,1
202,6,1462.16,110.42,101.75,76.36,1,car,1
202,7,1694.27,116.66,119.47,123.44,1,car,1
202,8,1596.68,371.72,122.58,92.76,1,car,1
202,10,1112.93,365.26,167.39,160.27,1,car,1
202,11,1320.33,422.58,131.56,140.82,1,car,1
202,15,1380.05,317.67,116.44,90.03,1,car,1
202,16,843.95,311.2,153.37,126.06,1,car,1
202,17,864.03,318.61,162.53,137.08,1,car,1
203,2,35.58,855.01,141.49,129.79,1,car,1
203,3,239.3,115.17,103.29,89.62,1,car,1
203,4,351.26,110.21,110.58,104.3,1,car,1
203,5,1567.74,115.83,122.81,125.05,1,car,1
203,6,1462.14,110.42,101.78,76.33,1,car,1
203,7,1694.26,116.67,119.53,123.46,1,car,1
203,8,1595.49,370.78,122.74,93.01,1,car,1
203,10,1113.45,365.64,167.37,160.56,1,car,1
203,11,1320.33,422.58,131.49,140.81,1,car,1
203,15,1369.97,305.9,118.27,89.46,1,car,1
203,16,844.27,311.58,153.34,126.06,1,car,1
203,17,857.08,318.87,167.2,145.31,1,car,1
204,2,35.58,855.03,141.64,129.82,1,car,1
204,3,239.27,115.17,103.37,89.64,1,car,1
204,4,351.15,110.19,110.9,104.87,1,car,1
204,5,1567.41,115.88,123.2,126.26,1,car,1
204,6,1462.11,110.42,101.81,76.31,1,car,1
204,7,1694.26,116.68,119.58,123.47,1,car,1
204,8,1594.29,369.83,122.91,93.26,1,car,1
204,10,1113.98,366.02,167.35,160.86,1,car,1
204,11,1320.33,422.59,131.43,140.79,1,car,1
204,15,1359.9,294.12,120.1,88.88,1,car,1
204,16,844.59,311.96,153.3,126.06,1,car,1
204,17,850.12,319.14,171.86,153.53,1,car,1
205,2,35.58,855.05,141.78,129.84,1,car,1
205,3,239.24,115.16,103.44,89.67,1,car,1
205,4,351.05,110.18,111.22,105.44,1,car,1
205,5,1567.08,115.93,123.59,127.46,1,car,1
205,6,1462.09,110.42,101.84,76.28,1,car,1
205,7,1694.26,116.69,119.64,123.49,1,car,1
205,8,1593.1,368.88,123.07,93.5,1,car,1
205,10,1114.51,366.41,167.33,161.16,1,car,1
205,11,1320.33,422.59,131.36,140.78,1,car,1
205,15,1349.82,282.35,121.93,88.3,1,car,1
205,16,844.91,312.34,153.26,126.06,1,car,1
205,17,843.17,319.41,176.53,161.76,1,car,1
206,2,35.58,855.07,141.93,129.86,1,car,1
206,3,239.22,115.16,103.52,89.7,1,car,1
206,4,350.95,110.16,111.54,106.0,1,car,1
206,5,1566.74,115.97,123.98,128.66,1,car,1
206,6,1462.07,110.42,101.88,76.25,1,car,1
206,7,1694.26,116.7,119.69,123.5,1,car,1
206,8,1591.9,367.94,123.24,93.75,1,car,1
206,10,1115.03,366.79,167.3,161.46,1,car,1
206,11,1320.33,422.59,131.29,140.77,1,car,1
206,15,1346.2,277.52,122.54,87.21,1,car,1
206,16,845.24,312.72,153.23,126.06,1,car,1
206,17,836.21,319.67,181.2,169.98,1,car,1
207,2,35.51,855.19,141.48,129.77,1,car,1
207,3,239.19,115.16,103.59,89.73,1,car,1
207,4,350.84,110.14,111.86,106.57,1,car,1
207,5,1566.41,116.02,124.37,129.86,1,car,1
207,6,1462.05,110.42,101.91,76.22,1,car,1
207,7,1694.26,116.71,119.74,123.52,1,car,1
207,8,1590.71,366.99,123.4,94.0,1,car,1
207,10,1115.56,367.17,167.28,161.76,1,car,1
207,11,1320.33,422.59,131.22,140.75,1,car,1
207,15,1342.58,272.7,123.15,86.12,1,car,1
207,16,845.56,313.1,153.19,126.06,1,car,1
207,17,829.25,319.94,185.86,178.21,1,car,1
208,2,35.44,855.31,141.02,129.69,1,car,1
208,3,239.16,115.15,103.67,89.75,1,car,1
208,4,350.74,110.12,112.18,107.14,1,car,1
208,5,1566.08,116.07,124.76,131.06,1,car,1
208,6,1462.02,110.42,101.94,76.2,1,car,1
208,7,1694.25,116.72,119.8,123.53,1,car,1
208,8,1589.51,366.04,123.56,94.25,1,car,1
208,10,1116.09,367.56,167.26,162.06,1,car,1
208,11,1320.33,422.6,131.15,140.74,1,car,1
208,15,1338.96,267.88,123.76,85.02,1,car,1
208,16,845.88,313.48,153.15,126.06,1,car,1
208,17,822.3,320.21,190.53,186.43,1,car,1
209,2,35.37,855.43,140.56,129.6,1,car,1
209,3,239.13,115.15,103.74,89.78,1,car,1
209,4,350.64,110.1,112.5,107.71,1,car,1
209,5,1565.75,116.11,125.15,132.26,1,car,1
209,6,1462.0,110.42,101.97,76.17,1,car,1
209,7,1694.25,116.73,119.85,123.55,1,car,1
209,8,1588.32,365.09,123.73,94.49,1,car,1
209,10,1116.62,367.94,167.24,162.36,1,car,1
209,11,1320.33,422.6,131.08,140.73,1,car,1
209,15,1335.33,263.05,124.38,83.93,1,car,1
209,16,846.2,313.85,153.12,126.07,1,car,1
209,17,815.34,320.47,195.2,194.66,1,car,1
210,2,35.3,855.55,140.1,129.51,1,car,1
210,3,239.1,115.15,103.82,89.81,1,car,1
210,4,350.53,110.08,112.82,108.28,1,car,1
210,5,1565.41,116.16,125.54,133.46,1,car,1
210,6,1461.98,110.42,102.01,76.14,1,car,1
210,7,1694.25,116.74,119.91,123.56,1,car,1
210,8,1587.12,364.15,123.89,94.74,1,car,1
210,10,1117.14,368.32,167.21,162.66,1,car,1
210,11,1320.33,422.6,131.01,140.71,1,car,1
210,15,1331.71,258.23,124.99,82.83,1,car,1
210,16,846.53,314.23,153.08,126.07,1,car,1
210,17,808.39,320.74,199.86,202.88,1,car,1
211,2,35.23,855.67,139.64,129.42,1,car,1
211,3,239.07,115.14,103.89,89.84,1,car,1
211,4,350.43,110.06,113.14,108.85,1,car,1
211,5,1565.08,116.21,125.93,134.66,1,car,1
211,6,1461.96,110.42,102.04,76.11,1,car,1
211,7,1694.25,116.75,119.96,123.58,1,car,1
211,8,1585.93,363.2,124.05,94.99,1,car,1
211,10,1117.67,368.71,167.19,162.96,1,car,1
211,11,1320.33,422.6,130.94,140.7,1,car,1
211,15,1337.83,264.47,124.45,86.94,1,car,1
211,16,846.85,314.61,153.04,126.07,1,car,1
211,17,801.43,321.01,204.53,211.11,1,car,1
212,2,35.3,855.61,140.07,129.44,1,car,1
212,3,239.04,115.14,103.97,89.86,1,car,1
212,4,350.33,110.04,113.46,109.41,1,car,1
212,5,1564.75,116.25,126.32,135.86,1,car,1
212,6,1461.94,110.42,102.07,76.09,1,car,1
212,7,1694.25,116.76,120.01,123.59,1,car,1
212,8,1584.73,362.25,124.22,95.24,1,car,1
212,10,1118.2,369.09,167.17,163.26,1,car,1
212,11,1320.33,422.61,130.88,140.69,1,car,1
212,15,1343.96,270.7,123.92,91.05,1,car,1
212,16,847.17,314.99,153.01,126.07,1,car,1
212,17,794.48,321.27,209.2,219.33,1,car,1
213,2,35.36,855.55,140.49,129.46,1,car,1
213,3,239.01,115.14,104.04,89.89,1,car,1
213,4,350.22,110.03,113.79,109.98,1,car,1
213,5,1564.41,116.3,126.71,137.06,1,car,1
213,6,1461.91,110.42,102.1,76.06,1,car,1
213,7,1694.24,116.77,120.07,123.61,1,car,1
213,8,1583.54,361.3,124.38,95.48,1,car,1
213,10,1118.73,369.47,167.14,163.55,1,car,1
213,11,1320.33,422.61,130.81,140.67,1,car,1
213,16,847.49,315.37,152.97,126.07,1,car,1
213,17,787.52,321.54,213.86,227.55,1,car,1
214,2,35.43,855.49,140.91,129.47,1,car,1
214,3,238.98,115.13,104.12,89.92,1,car,1
214,4,350.12,110.01,114.11,110.55,1,car,1
214,5,1564.08,116.35,127.1,138.27,1,car,1
214,6,1461.89,110.42,102.13,76.03,1,car,1
214,7,1694.24,116.78,120.12,123.62,1,car,1
214,8,1582.34,360.36,124.55,95.73,1,car,1
214,10,1119.25,369.85,167.12,163.85,1,car,1
214,11,1320.33,422.61,130.74,140.66,1,car,1
214,16,847.81,315.75,152.93,126.07,1,car,1
214,17,780.56,321.81,218.53,235.78,1,car,1
215,2,35.49,855.43,141.33,129.49,1,car,1
215,3,238.95,115.13,104.19,89.95,1,car,1
215,4,350.02,109.99,114.43,111.12,1,car,1
215,5,1563.75,116.39,127.49,139.47,1,car,1
215,6,1461.87,110.42,102.17,76.0,1,car,1
215,7,1694.24,116.79,120.18,123.64,1,car,1
215,8,1581.15,359.41,124.71,95.98,1,car,1
215,10,1119.78,370.24,167.1,164.15,1,car,1
215,11,1320.33,422.61,130.67,140.64,1,car,1
215,16,848.14,316.13,152.89,126.08,1,car,1
215,17,779.53,322.89,217.3,234.81,1,car,1
215,18,941.95,278.38,200.75,152.4,1,car,1
216,2,35.56,855.37,141.75,129.51,1,car,1
216,3,238.93,115.12,104.26,89.97,1,car,1
216,4,349.92,109.97,114.75,111.69,1,car,1
216,5,1563.42,116.44,127.87,140.67,1,car,1
216,6,1461.8,110.4,102.23,76.09,1,car,1
216,7,1694.24,116.8,120.23,123.65,1,car,1
216,8,1579.95,358.46,124.87,96.23,1,car,1
216,10,1120.31,370.62,167.08,164.45,1,car,1
216,11,1320.33,422.61,130.6,140.63,1,car,1
216,16,848.46,316.51,152.86,126.08,1,car,1
216,17,778.49,323.97,216.07,233.83,1,car,1
216,18,932.6,275.67,201.67,154.77,1,car,1
217,2,35.72,855.34,141.53,129.58,1,car,1
217,3,238.9,115.12,104.34,90.0,1,car,1
217,4,349.81,109.95,115.07,112.26,1,car,1
217,5,1563.08,116.49,128.26,141.87,1,car,1
217,6,1461.74,110.37,102.29,76.18,1,car,1
217,7,1694.24,116.81,120.28,123.67,1,car,1
217,8,1578.76,357.52,125.04,96.47,1,car,1
217,10,1120.83,371.0,167.05,164.75,1,car,1
217,11,1320.33,422.62,130.53,140.62,1,car,1
217,16,848.78,316.89,152.82,126.08,1,car,1
217,17,777.45,325.05,214.84,232.86,1,car,1
217,18,923.25,272.96,202.58,157.14,1,car,1
218,2,35.88,855.31,141.3,129.65,1,car,1
218,3,238.87,115.12,104.41,90.03,1,car,1
218,4,349.71,109.93,115.39,112.82,1,car,1
218,5,1562.75,116.53,128.65,143.07,1,car,1
218,6,1461.68,110.34,102.35,76.26,1,car,1
218,7,1694.23,116.82,120.34,123.68,1,car,1
218,8,1577.57,356.57,125.2,96.72,1,car,1
218,10,1121.36,371.39,167.03,165.05,1,car,1
218,11,1320.33,422.62,130.46,140.6,1,car,1
218,16,849.1,317.27,152.78,126.08,1,car,1
218,17,776.42,326.13,213.61,231.89,1,car,1
218,18,913.9,270.25,203.5,159.51,1,car,1
219,2,36.04,855.28,141.07,129.73,1,car,1
219,3,238.84,115.11,104.49,90.06,1,car,1
219,4,349.61,109.91,115.71,113.39,1,car,1
219,5,1562.42,116.58,129.04,144.27,1,car,1
219,6,1461.61,110.31,102.41,76.35,1,car,1
219,7,1694.23,116.83,120.39,123.7,1,car,1
219,8,1576.37,355.62,125.36,96.97,1,car,1
219,10,1121.89,371.77,167.01,165.35,1,car,1
219,11,1320.33,422.62,130.39,140.59,1,car,1
219,16,849.43,317.65,152.75,126.08,1,car,1
219,17,775.38,327.22,212.38,230.91,1,car,1
219,18,904.55,267.55,204.42,161.88,1,car,1
220,2,36.19,855.26,140.84,129.8,1,car,1
220,3,238.81,115.11,104.56,90.08,1,car,1
220,4,349.5,109.89,116.03,113.96,1,car,1
220,5,1562.09,116.63,129.43,145.47,1,car,1
220,6,1461.55,110.29,102.47,76.44,1,car,1
220,7,1694.23,116.84,120.45,123.71,1,car,1
220,8,1575.18,354.67,125.53,97.22,1,car,1
220,10,1122.42,372.15,166.98,165.65,1,car,1
220,11,1320.33,422.62,130.33,140.58,1,car,1
220,16,849.75,318.03,152.71,126.08,1,car,1
220,17,774.34,328.3,211.15,229.94,1,car,1
220,18,895.2,264.84,205.33,164.25,1,car,1
221,2,36.35,855.23,140.62,129.87,1,car,1
221,3,238.78,115.11,104.64,90.11,1,car,1
221,4,349.4,109.88,116.35,114.53,1,car,1
221,6,1461.48,110.26,102.53,76.52,1,car,1
221,7,1694.23,116.85,120.5,123.73,1,car,1
221,8,1573.98,353.73,125.69,97.46,1,car,1
221,10,1122.94,372.54,166.96,165.95,1,car,1
221,11,1320.33,422.63,130.26,140.56,1,car,1
221,16,850.07,318.41,152.67,126.09,1,car,1
221,17,773.31,329.38,209.92,228.97,1,car,1
221,18,885.84,262.13,206.25,166.62,1,car,1
222,2,36.22,855.22,141.09,129.81,1,car,1
222,3,238.75,115.1,104.71,90.14,1,car,1
222,4,349.3,109.86,116.67,115.1,1,car,1
222,6,1461.42,110.23,102.59,76.61,1,car,1
222,7,1694.23,116.86,120.55,123.74,1,car,1
222,8,1572.79,352.78,125.86,97.71,1,car,1
222,10,1123.47,372.92,166.94,166.24,1,car,1
222,11,1320.33,422.63,130.19,140.55,1,car,1
222,16,850.39,318.79,152.64,126.09,1,car,1
222,17,772.27,330.46,208.69,227.99,1,car,1
222,18,886.7,264.33,204.92,168.86,1,car,1
223,2,36.08,855.22,141.56,129.76,1,car,1
223,3,238.72,115.1,104.79,90.16,1,car,1
223,4,349.19,109.84,116.99,115.67,1,car,1
223,6,1461.36,110.21,102.65,76.7,1,car,1
223,7,1694.22,116.87,120.61,123.76,1,car,1
223,8,1571.59,351.83,126.02,97.96,1,car,1
223,10,1124.0,373.3,166.92,166.54,1,car,1
223,11,1320.33,422.63,130.12,140.54,1,car,1
223,16,850.72,319.17,152.6,126.09,1,car,1
223,17,771.23,331.55,207.46,227.02,1,car,1
223,18,887.55,266.54,203.59,171.09,1,car,1
224,2,35.95,855.22,142.04,129.7,1,car,1
224,3,238.69,115.1,104.86,90.19,1,car,1
224,4,349.09,109.82,117.31,116.23,1,car,1
224,6,1461.29,110.18,102.71,76.78,1,car,1
224,7,1694.22,116.88,120.66,123.78,1,car,1
224,8,1570.4,350.88,126.18,98.21,1,car,1
224,10,1124.53,373.69,166.89,166.84,1,car,1
224,11,1320.33,422.63,130.05,140.52,1,car,1
224,16,851.04,319.55,152.56,126.09,1,car,1
224,17,770.2,332.63,206.23,226.04,1,car,1
224,18,888.41,268.74,202.27,173.32,1,car,1
225,2,35.81,855.21,142.51,129.64,1,car,1
225,3,238.66,115.09,104.94,90.22,1,car,1
225,4,348.99,109.8,117.63,116.8,1,car,1
225,6,1461.23,110.15,102.77,76.87,1,car,1
225,7,1694.22,116.89,120.72,123.79,1,car,1
225,8,1569.2,349.94,126.35,98.45,1,car,1
225,10,1125.05,374.07,166.87,167.14,1,car,1
225,11,1320.33,422.63,129.98,140.51,1,car,1
225,16,851.36,319.93,152.53,126.09,1,car,1
225,17,769.16,333.71,205.0,225.07,1,car,1
225,18,889.26,270.94,200.94,175.55,1,car,1
226,2,35.68,855.21,142.98,129.58,1,car,1
226,3,238.64,115.09,105.01,90.25,1,car,1
226,4,348.88,109.78,117.96,117.37,1,car,1
226,6,1461.16,110.12,102.83,76.96,1,car,1
226,7,1694.22,116.9,120.77,123.81,1,car,1
226,8,1568.01,348.99,126.51,98.7,1,car,1
226,10,1125.58,374.45,166.85,167.44,1,car,1
226,11,1320.33,422.64,129.91,140.49,1,car,1
226,16,851.68,320.31,152.49,126.09,1,car,1
226,17,768.12,334.79,203.77,224.1,1,car,1
226,18,890.11,273.14,199.62,177.79,1,car,1
227,2,35.72,855.38,142.06,129.39,1,car,1
227,3,238.61,115.09,105.09,90.27,1,car,1
227,4,348.78,109.76,118.28,117.94,1,car,1
227,6,1461.1,110.1,102.89,77.04,1,car,1
227,7,1694.22,116.91,120.82,123.82,1,car,1
227,8,1566.81,348.04,126.67,98.95,1,car,1
227,10,1126.11,374.84,166.83,167.74,1,car,1
227,11,1320.33,422.64,129.84,140.48,1,car,1
227,16,852.0,320.69,152.45,126.1,1,car,1
227,17,767.09,335.87,202.54,223.12,1,car,1
227,18,912.25,277.49,203.97,180.66,1,car,1
228,2,35.77,855.55,141.15,129.19,1,car,1
228,3,238.58,115.08,105.16,90.3,1,car,1
228,4,348.68,109.75,118.6,118.51,1,car,1
228,6,1461.04,110.07,102.95,77.13,1,car,1
228,7,1694.21,116.92,120.88,123.84,1,car,1
228,8,1565.62,347.1,126.84,99.2,1,car,1
228,10,1126.64,375.22,166.8,168.04,1,car,1
228,11,1320.33,422.64,129.77,140.47,1,car,1
228,16,852.33,321.07,152.42,126.1,1,car,1
228,17,766.05,336.96,201.31,222.15,1,car,1
228,18,934.39,281.83,208.33,183.54,1,car,1
229,2,35.81,855.72,140.23,129.0,1,car,1
229,3,238.55,115.08,105.24,90.33,1,car,1
229,4,348.57,109.73,118.92,119.08,1,car,1
229,6,1460.97,110.04,103.02,77.22,1,car,1
229,7,1694.21,116.93,120.93,123.85,1,car,1
229,8,1564.42,346.15,127.0,99.44,1,car,1
229,10,1127.16,375.6,166.78,168.34,1,car,1
229,11,1320.33,422.64,129.71,140.45,1,car,1
229,16,852.65,321.45,152.38,126.1,1,car,1
229,17,765.01,338.04,200.08,221.18,1,car,1
229,18,956.53,286.18,212.69,186.41,1,car,1
230,2,35.86,855.89,139.32,128.81,1,car,1
230,3,238.52,115.08,105.31,90.36,1,car,1
230,4,348.47,109.71,119.24,119.64,1,car,1
230,6,1460.91,110.02,103.08,77.3,1,car,1
230,7,1694.21,116.94,120.99,123.87,1,car,1
230,8,1563.23,345.2,127.17,99.69,1,car,1
230,10,1127.69,375.99,166.76,168.64,1,car,1
230,11,1320.33,422.65,129.64,140.44,1,car,1
230,16,852.97,321.83,152.34,126.1,1,car,1
230,17,763.97,339.12,198.85,220.2,1,car,1
230,18,978.67,290.52,217.04,189.29,1,car,1
231,2,35.9,856.06,138.4,128.61,1,car,1
231,3,238.49,115.07,105.39,90.38,1,car,1
231,4,348.37,109.69,119.56,120.21,1,car,1
231,6,1460.84,109.99,103.14,77.39,1,car,1
231,7,1694.21,116.95,121.04,123.88,1,car,1
231,8,1562.03,344.25,127.33,99.94,1,car,1
231,10,1128.22,376.37,166.73,168.93,1,car,1
231,11,1320.33,422.65,129.57,140.43,1,car,1
231,16,853.29,322.21,152.31,126.1,1,car,1
231,17,762.94,340.2,197.62,219.23,1,car,1
231,18,1000.81,294.86,221.4,192.17,1,car,1
232,2,35.36,855.71,140.07,128.68,1,car,1
232,3,238.46,115.07,105.46,90.41,1,car,1
232,4,348.27,109.67,119.88,120.78,1,car,1
232,6,1460.78,109.96,103.2,77.48,1,car,1
232,7,1694.21,116.96,121.09,123.9,1,car,1
232,8,1560.84,343.31,127.49,100.19,1,car,1
232,10,1128.74,376.75,166.71,169.23,1,car,1
232,11,1320.33,422.65,129.5,140.41,1,car,1
232,16,853.62,322.59,152.27,126.1,1,car,1
232,17,761.9,341.28,196.39,218.26,1,car,1
232,18,984.19,292.7,229.48,197.19,1,car,1
233,2,34.81,855.37,141.75,128.75,1,car,1
233,3,238.43,115.06,105.53,90.44,1,car,1
233,4,348.16,109.65,120.2,121.35,1,car,1
233,6,1460.72,109.94,103.26,77.57,1,car,1
233,7,1694.2,116.97,121.15,123.91,1,car,1
233,8,1546.54,330.14,130.2,100.95,1,car,1
233,10,1129.27,377.13,166.69,169.53,1,car,1
233,11,1320.33,422.65,129.43,140.4,1,car,1
233,16,853.94,322.97,152.23,126.1,1,car,1
233,17,760.86,342.37,195.16,217.28,1,car,1
233,18,967.57,290.53,237.57,202.22,1,car,1
234,2,34.26,855.03,143.43,128.81,1,car,1
234,3,238.4,115.06,105.61,90.47,1,car,1
234,4,348.06,109.63,120.52,121.92,1,car,1
234,6,1460.65,109.91,103.32,77.65,1,car,1
234,7,1694.2,116.98,121.2,123.93,1,car,1
234,8,1532.24,316.98,132.91,101.71,1,car,1
234,10,1129.8,377.52,166.67,169.83,1,car,1
234,11,1320.33,422.65,129.36,140.38,1,car,1
234,16,854.26,323.35,152.2,126.11,1,car,1
234,17,759.83,343.45,193.93,216.31,1,car,1
234,18,950.95,288.37,245.65,207.25,1,car,1
235,2,33.72,854.69,145.1,128.88,1,car,1
235,3,238.37,115.06,105.68,90.49,1,car,1
235,4,347.96,109.61,120.84,122.49,1,car,1
235,6,1460.59,109.88,103.38,77.74,1,car,1
235,7,1694.2,116.99,121.25,123.94,1,car,1
235,8,1517.94,303.81,135.61,102.47,1,car,1
235,10,1130.33,377.9,166.64,170.13,1,car,1
235,11,1320.33,422.66,129.29,140.37,1,car,1
235,16,854.58,323.73,152.16,126.11,1,car,1
235,17,758.79,344.53,192.7,215.34,1,car,1
235,18,934.33,286.2,253.74,212.27,1,car,1
236,2,33.17,854.35,146.78,128.95,1,car,1
236,3,238.35,115.05,105.76,90.52,1,car,1
236,4,347.85,109.6,121.16,123.05,1,car,1
236,6,1460.52,109.85,103.44,77.83,1,car,1
236,7,1694.2,117.0,121.31,123.96,1,car,1
236,8,1503.65,290.65,138.32,103.23,1,car,1
236,10,1130.85,378.28,166.62,170.43,1,car,1
236,11,1320.33,422.66,129.22,140.36,1,car,1
236,16,854.91,324.11,152.12,126.11,1,car,1
236,17,757.75,345.61,191.47,214.36,1,car,1
236,18,917.72,284.04,261.83,217.3,1,car,1
237,2,32.87,854.6,147.04,128.85,1,car,1
237,3,238.32,115.05,105.83,90.55,1,car,1
237,4,347.75,109.58,121.48,123.62,1,car,1
237,6,1460.46,109.83,103.5,77.91,1,car,1
237,7,1694.2,117.01,121.36,123.97,1,car,1
237,8,1489.35,277.48,141.03,103.99,1,car,1
237,10,1131.38,378.67,166.6,170.73,1,car,1
237,11,1320.33,422.66,129.16,140.34,1,car,1
237,16,855.23,324.49,152.09,126.11,1,car,1
237,17,756.72,346.7,190.24,213.39,1,car,1
237,18,943.47,301.92,239.57,201.68,1,car,1
238,2,32.58,854.86,147.3,128.74,1,car,1
238,3,238.29,115.05,105.91,90.58,1,car,1
238,4,347.65,109.56,121.8,124.19,1,car,1
238,6,1460.4,109.8,103.56,78.0,1,car,1
238,7,1694.2,117.02,121.42,123.99,1,car,1
238,8,1493.38,272.05,142.41,104.8,1,car,1
238,10,1131.91,379.05,166.57,171.03,1,car,1
238,11,1320.33,422.66,129.09,140.33,1,car,1
238,16,855.55,324.87,152.05,126.11,1,car,1
238,17,755.68,347.78,189.01,212.42,1,car,1
238,18,969.22,319.81,217.32,186.07,1,car,1
239,2,32.28,855.11,147.56,128.64,1,car,1
239,3,238.26,115.04,105.98,90.6,1,car,1
239,4,347.54,109.54,122.13,124.76,1,car,1
239,6,1460.33,109.77,103.62,78.09,1,car,1
239,7,1694.19,117.03,121.47,124.0,1,car,1
239,8,1497.41,266.61,143.8,105.62,1,car,1
239,10,1132.44,379.43,166.55,171.33,1,car,1
239,11,1320.33,422.67,129.02,140.32,1,car,1
239,16,855.87,325.25,152.01,126.11,1,car,1
239,17,754.64,348.86,187.78,211.44,1,car,1
239,18,994.97,337.7,195.06,170.45,1,car,1
240,2,31.99,855.37,147.83,128.54,1,car,1
240,3,238.23,115.04,106.06,90.63,1,car,1
240,4,347.44,109.52,122.45,125.33,1,car,1
240,6,1460.27,109.75,103.68,78.17,1,car,1
240,7,1694.19,117.04,121.52,124.02,1,car,1
240,8,1501.44,261.18,145.19,106.43,1,car,1
240,10,1132.96,379.82,166.53,171.62,1,car,1
240,11,1320.33,422.67,128.95,140.3,1,car,1
240,16,856.19,325.63,151.98,126.12,1,car,1
240,17,753.61,349.94,186.55,210.47,1,car,1
240,18,1020.73,355.59,172.81,154.83,1,car,1
241,2,31.69,855.62,148.09,128.44,1,car,1
241,3,238.2,115.04,106.13,90.66,1,car,1
241,4,347.34,109.5,122.77,125.89,1,car,1
241,6,1460.2,109.72,103.74,78.26,1,car,1
241,7,1694.19,117.05,121.58,124.03,1,car,1
241,8,1505.47,255.74,146.58,107.25,1,car,1
241,10,1133.49,380.2,166.51,171.92,1,car,1
241,11,1320.33,422.67,128.88,140.29,1,car,1
241,16,856.52,326.01,151.94,126.12,1,car,1
241,17,752.57,351.02,185.32,209.49,1,car,1
242,2,31.94,855.54,147.57,128.54,1,car,1
242,3,238.17,115.03,106.21,90.68,1,car,1
242,4,347.23,109.48,123.09,126.46,1,car,1
242,6,1460.14,109.69,103.8,78.35,1,car,1
242,7,1694.19,117.06,121.63,124.05,1,car,1
242,8,1509.5,250.31,147.97,108.06,1,car,1
242,10,1134.02,380.58,166.48,172.22,1,car,1
242,11,1320.33,422.67,128.81,140.28,1,car,1
242,16,856.84,326.38,151.9,126.12,1,car,1
242,17,751.53,352.11,184.09,208.52,1,car,1
243,2,32.2,855.45,147.05,128.64,1,car,1
243,3,238.14,115.03,106.28,90.71,1,car,1
243,4,347.13,109.47,123.41,127.03,1,car,1
243,6,1460.08,109.66,103.86,78.43,1,car,1
243,7,1694.19,117.07,121.69,124.06,1,car,1
243,8,1520.96,257.48,147.8,109.7,1,car,1
243,10,1134.54,380.97,166.46,172.52,1,car,1
243,11,1320.33,422.67,128.74,140.26,1,car,1
243,16,857.16,326.76,151.87,126.12,1,car,1
243,17,750.5,353.19,182.86,207.55,1,car,1
244,2,32.45,855.37,146.53,128.74,1,car,1
244,3,238.11,115.03,106.36,90.74,1,car,1
244,4,347.03,109.45,123.73,127.6,1,car,1
244,6,1460.01,109.64,103.92,78.52,1,car,1
244,7,1694.18,117.08,121.74,124.08,1,car,1
244,8,1532.42,264.65,147.64,111.34,1,car,1
244,10,1135.07,381.35,166.44,172.82,1,car,1
244,11,1320.33,422.68,128.67,140.25,1,car,1
244,16,857.48,327.14,151.83,126.12,1,car,1
244,17,749.46,354.27,181.63,206.57,1,car,1
245,2,32.7,855.28,146.01,128.85,1,car,1
245,3,238.08,115.02,106.43,90.77,1,car,1
245,4,346.92,109.43,124.05,128.17,1,car,1
245,6,1459.95,109.61,103.98,78.61,1,car,1
245,7,1694.18,117.09,121.79,124.09,1,car,1
245,8,1543.88,271.82,147.47,112.98,1,car,1
245,10,1135.6,381.73,166.42,173.12,1,car,1
245,11,1320.33,422.68,128.6,140.23,1,car,1
245,16,857.81,327.52,151.79,126.12,1,car,1
245,17,748.42,355.35,180.4,205.6,1,car,1
246,2,32.96,855.2,145.48,128.95,1,car,1
246,3,238.06,115.02,106.51,90.79,1,car,1
246,4,346.82,109.41,124.37,128.74,1,car,1
246,6,1459.88,109.58,104.05,78.69,1,car,1
246,7,1694.18,117.1,121.85,124.11,1,car,1
246,8,1555.33,279.0,147.3,114.62,1,car,1
246,10,1136.13,382.12,166.39,173.42,1,car,1
246,11,1320.33,422.68,128.54,140.22,1,car,1
246,16,858.13,327.9,151.76,126.13,1,car,1
246,17,747.39,356.43,179.17,204.63,1,car,1
247,2,32.92,855.08,145.51,129.18,1,car,1
247,3,238.03,115.02,106.58,90.82,1,car,1
247,4,346.72,109.39,124.69,129.3,1,car,1
247,6,1459.82,109.56,104.11,78.78,1,car,1
247,7,1694.18,117.11,121.9,124.13,1,car,1
247,8,1566.79,286.17,147.14,116.26,1,car,1
247,10,1136.83,388.77,169.31,185.92,1,car,1
247,11,1320.33,422.68,128.47,140.21,1,car,1
247,16,858.45,328.28,151.72,126.13,1,car,1
247,17,746.35,357.52,177.94,203.65,1,car,1
248,2,32.89,854.96,145.53,129.42,1,car,1
248,3,238.0,115.01,106.65,90.85,1,car,1
248,4,346.61,109.37,125.01,129.87,1,car,1
248,6,1459.76,109.53,104.17,78.87,1,car,1
248,7,1694.18,117.12,121.96,124.14,1,car,1
248,8,1563.48,278.68,146.74,116.58,1,car,1
248,10,1137.53,395.43,172.23,198.43,1,car,1
248,11,1320.33,422.69,128.4,140.19,1,car,1
248,16,858.77,328.66,151.68,126.13,1,car,1
248,17,745.31,358.6,176.71,202.68,1,car,1
249,2,32.85,854.84,145.56,129.65,1,car,1
249,3,237.97,115.01,106.73,90.88,1,car,1
249,4,346.51,109.35,125.33,130.44,1,car,1
249,6,1459.69,109.5,104.23,78.95,1,car,1
249,7,1694.17,117.13,122.01,124.16,1,car,1
249,8,1560.17,271.2,146.35,116.9,1,car,1
249,10,1138.23,402.09,175.15,210.94,1,car,1
249,11,1320.33,422.69,128.33,140.18,1,car,1
249,16,859.1,329.04,151.65,126.13,1,car,1
249,17,744.28,359.68,175.48,201.71,1,car,1
250,2,32.82,854.73,145.58,129.88,1,car,1
250,3,237.94,115.0,106.8,90.9,1,car,1
250,4,346.41,109.33,125.65,131.01,1,car,1
250,6,1459.63,109.47,104.29,79.04,1,car,1
250,7,1694.17,117.14,122.06,124.17,1,car,1
250,8,1556.86,263.71,145.96,117.23,1,car,1
250,10,1138.93,408.74,178.08,223.44,1,car,1
250,11,1320.33,422.69,128.26,140.17,1,car,1
250,16,859.42,329.42,151.61,126.13,1,car,1
250,17,743.24,360.76,174.25,200.73,1,car,1
251,2,32.78,854.61,145.6,130.12,1,car,1
251,3,237.91,115.0,106.88,90.93,1,car,1
251,4,346.31,109.32,125.97,131.58,1,car,1
251,6,1459.56,109.45,104.35,79.13,1,car,1
251,7,1694.17,117.15,122.12,124.19,1,car,1
251,8,1553.55,256.22,145.56,117.55,1,car,1
251,11,1320.33,422.69,128.19,140.15,1,car,1
251,16,859.74,329.8,151.57,126.13,1,car,1
251,17,742.2,361.84,173.02,199.76,1,car,1
252,2,32.75,854.49,145.63,130.35,1,car,1
252,3,237.88,115.0,106.95,90.96,1,car,1
252,4,346.2,109.3,126.3,132.15,1,car,1
252,6,1459.5,109.42,104.41,79.21,1,car,1
252,7,1694.17,117.16,122.17,124.2,1,car,1
252,8,1550.25,248.73,145.17,117.87,1,car,1
252,11,1320.33,422.7,128.12,140.14,1,car,1
252,16,860.06,330.18,151.54,126.14,1,car,1
252,17,741.17,362.93,171.79,198.79,1,car,1
253,2,32.72,854.37,145.65,130.59,1,car,1
253,3,237.85,114.99,107.03,90.99,1,car,1
253,4,346.1,109.28,126.62,132.71,1,car,1
253,6,1459.44,109.39,104.47,79.3,1,car,1
253,7,1694.17,117.17,122.23,124.22,1,car,1
253,8,1539.31,231.42,139.44,112.83,1,car,1
253,11,1320.33,422.7,128.05,140.13,1,car,1
253,16,860.38,330.56,151.5,126.14,1,car,1
253,17,740.13,364.01,170.56,197.81,1,car,1
254,2,32.68,854.26,145.68,130.82,1,car,1
254,3,237.82,114.99,107.1,91.01,1,car,1
254,4,346.0,109.26,126.94,133.28,1,car,1
254,6,1459.37,109.37,104.53,79.39,1,car,1
254,7,1694.16,117.18,122.28,124.23,1,car,1
254,8,1528.37,214.11,133.7,107.79,1,car,1
254,11,1320.33,422.7,127.99,140.11,1,car,1
254,16,860.71,330.94,151.46,126.14,1,car,1
254,17,739.09,365.09,169.33,196.84,1,car,1
255,2,32.65,854.14,145.7,131.05,1,car,1
255,3,237.79,114.99,107.18,91.04,1,car,1
255,4,345.89,109.24,127.26,133.85,1,car,1
255,6,1459.31,109.34,104.59,79.47,1,car,1
255,7,1694.16,117.19,122.33,124.25,1,car,1
255,8,1517.44,196.8,127.97,102.74,1,car,1
255,11,1320.33,422.7,127.92,140.1,1,car,1
255,16,861.03,331.32,151.43,126.14,1,car,1
255,17,738.06,366.17,168.1,195.87,1,car,1
256,2,32.61,854.02,145.72,131.29,1,car,1
256,3,237.77,114.98,107.25,91.07,1,car,1
256,4,345.79,109.22,127.58,134.42,1,car,1
256,6,1459.24,109.31,104.65,79.56,1,car,1
256,7,1694.16,117.2,122.39,124.26,1,car,1
256,8,1506.5,179.49,122.23,97.7,1,car,1
256,11,1320.33,422.7,127.85,140.08,1,car,1
256,16,861.35,331.7,151.39,126.14,1,car,1
256,17,737.02,367.26,166.87,194.89,1,car,1
256,19,101.42,117.32,128.26,122.96,1,car,1
257,2,32.58,853.9,145.75,131.52,1,car,1
257,3,237.74,114.98,107.33,91.1,1,car,1
257,4,348.09,109.17,122.59,126.37,1,car,1
257,6,1459.18,109.29,104.71,79.65,1,car,1
257,7,1694.16,117.21,122.44,124.28,1,car,1
257,8,1495.56,162.18,116.5,92.66,1,car,1
257,11,1320.33,422.71,127.78,140.07,1,car,1
257,16,861.67,332.08,151.35,126.14,1,car,1
257,17,735.98,368.34,165.64,193.92,1,car,1
257,19,102.69,117.07,129.3,125.01,1,car,1
258,2,32.55,853.79,145.77,131.76,1,car,1
258,3,237.71,114.98,107.4,91.12,1,car,1
258,4,350.38,109.11,117.6,118.31,1,car,1
258,6,1459.12,109.26,104.77,79.73,1,car,1
258,7,1694.16,117.22,122.5,124.29,1,car,1
258,8,1484.63,144.87,110.76,87.61,1,car,1
258,11,1320.33,422.71,127.71,140.06,1,car,1
258,16,862.0,332.46,151.32,126.15,1,car,1
258,17,734.95,369.42,164.41,192.94,1,car,1
258,19,103.96,116.82,130.33,127.06,1,car,1
259,2,33.08,854.45,144.64,130.96,1,car,1
259,3,237.68,114.97,107.48,91.15,1,car,1
259,4,352.68,109.05,112.61,110.26,1,car,1
259,6,1459.05,109.23,104.83,79.82,1,car,1
259,7,1694.15,117.24,122.55,124.31,1,car,1
259,8,1473.69,127.56,105.03,82.57,1,car,1
259,11,1320.33,422.71,127.64,140.04,1,car,1
259,16,862.32,332.84,151.28,126.15,1,car,1
259,17,733.91,370.5,163.18,191.97,1,car,1
259,19,105.23,116.57,131.36,129.12,1,car,1
260,2,33.61,855.12,143.51,130.17,1,car,1
260,3,237.65,114.97,107.55,91.18,1,car,1
260,4,354.98,109.0,107.62,102.2,1,car,1
260,6,1458.99,109.2,104.89,79.91,1,car,1
260,7,1694.15,117.25,122.6,124.32,1,car,1
260,8,1462.75,110.25,99.29,77.53,1,car,1
260,11,1320.33,422.71,127.57,140.03,1,car,1
260,16,862.64,333.22,151.24,126.15,1,car,1
260,17,732.87,371.58,161.95,191.0,1,car,1
260,19,106.51,116.32,132.39,131.17,1,car,1
261,2,34.15,855.79,142.38,129.38,1,car,1
261,3,237.62,114.97,107.63,91.2,1,car,1
261,4,357.28,108.94,102.63,94.15,1,car,1
261,6,1458.92,109.18,104.95,80.0,1,car,1
261,7,1694.15,117.26,122.66,124.34,1,car,1
261,11,1320.33,422.72,127.5,140.02,1,car,1
261,16,862.96,333.6,151.21,126.15,1,car,1
261,17,731.83,372.67,160.72,190.02,1,car,1
261,19,107.78,116.07,133.42,133.23,1,car,1
262,2,34.68,856.46,141.25,128.58,1,car,1
262,3,237.59,114.96,107.7,91.23,1,car,1
262,4,356.58,109.01,103.88,97.15,1,car,1
262,6,1458.86,109.15,105.01,80.08,1,car,1
262,7,1694.15,117.27,122.71,124.35,1,car,1
262,11,1320.33,422.72,127.44,140.0,1,car,1
262,16,863.29,333.98,151.17,126.15,1,car,1
262,17,730.8,373.75,159.49,189.05,1,car,1
262,19,107.32,115.97,133.27,132.82,1,car,1
263,2,35.22,857.12,140.12,127.79,1,car,1
263,3,237.56,114.96,107.78,91.26,1,car,1
263,4,355.88,109.08,105.12,100.16,1,car,1
263,6,1458.8,109.12,105.08,80.17,1,car,1
263,7,1694.15,117.28,122.77,124.37,1,car,1
263,11,1320.33,422.72,127.37,139.99,1,car,1
263,16,863.61,334.36,151.13,126.15,1,car,1
263,17,729.76,374.83,158.26,188.08,1,car,1
263,19,106.87,115.87,133.12,132.42,1,car,1
264,2,35.41,856.98,139.76,127.64,1,car,1
264,3,237.53,114.96,107.85,91.29,1,car,1
264,4,355.19,109.14,106.36,103.17,1,car,1
264,6,1458.73,109.1,105.14,80.26,1,car,1
264,7,1693.42,117.23,123.38,124.49,1,car,1
264,11,1320.33,422.72,127.3,139.98,1,car,1
264,16,863.93,334.74,151.1,126.15,1,car,1
264,17,728.72,375.91,157.03,187.1,1,car,1
264,19,106.42,115.77,132.97,132.01,1,car,1
265,2,35.6,856.83,139.4,127.48,1,car,1
265,3,237.5,114.95,107.92,91.31,1,car,1
265,4,354.49,109.21,107.6,106.18,1,car,1
265,6,1458.67,109.07,105.2,80.34,1,car,1
265,7,1692.7,117.18,123.99,124.62,1,car,1
265,11,1320.33,422.72,127.23,139.96,1,car,1
265,16,864.25,335.12,151.06,126.16,1,car,1
265,17,727.69,376.99,155.8,186.13,1,car,1
265,19,105.97,115.66,132.81,131.61,1,car,1
266,2,35.78,856.68,139.03,127.33,1,car,1
266,3,237.48,114.95,108.0,91.34,1,car,1
266,4,353.79,109.28,108.84,109.19,1,car,1
266,6,1458.6,109.04,105.26,80.43,1,car,1
266,7,1691.98,117.13,124.6,124.74,1,car,1
266,11,1320.33,422.73,127.16,139.95,1,car,1
266,16,864.57,335.5,151.02,126.16,1,car,1
266,17,726.65,378.08,154.57,185.16,1,car,1
266,19,105.51,115.56,132.66,131.2,1,car,1
267,2,35.97,856.53,138.67,127.18,1,car,1
267,3,237.45,114.94,108.07,91.37,1,car,1
267,4,353.1,109.34,110.08,112.2,1,car,1
267,6,1458.54,109.01,105.32,80.52,1,car,1
267,7,1691.26,117.08,125.21,124.86,1,car,1
267,11,1320.33,422.73,127.09,139.93,1,car,1
267,16,864.9,335.88,150.99,126.16,1,car,1
267,17,725.61,379.16,153.34,184.18,1,car,1
267,19,105.06,115.46,132.51,130.8,1,car,1
268,2,36.16,856.38,138.31,127.03,1,car,1
268,3,237.42,114.94,108.15,91.4,1,car,1
268,4,352.4,109.41,111.32,115.21,1,car,1
268,6,1458.67,109.07,104.96,80.15,1,car,1
268,7,1690.54,117.03,125.81,124.99,1,car,1
268,11,1320.33,422.73,127.02,139.92,1,car,1
268,16,865.22,336.26,150.95,126.16,1,car,1
268,17,724.58,380.24,152.11,183.21,1,car,1
268,19,104.61,115.36,132.36,130.4,1,car,1
269,2,36.05,856.42,138.56,127.16,1,car,1
269,3,237.39,114.94,108.22,91.42,1,car,1
269,4,351.7,109.48,112.56,118.22,1,car,1
269,6,1458.8,109.12,104.61,79.79,1,car,1
269,7,1689.81,116.98,126.42,125.11,1,car,1
269,11,1320.33,422.73,126.95,139.91,1,car,1
269,16,865.54,336.64,150.91,126.16,1,car,1
269,17,723.54,381.32,150.88,182.24,1,car,1
269,19,104.16,115.26,132.2,129.99,1,car,1
270,2,35.94,856.46,138.8,127.29,1,car,1
270,3,237.36,114.93,108.3,91.45,1,car,1
270,4,351.01,109.54,113.8,121.23,1,car,1
270,6,1458.93,109.18,104.25,79.43,1,car,1
270,7,1689.09,116.93,127.03,125.23,1,car,1
270,11,1320.33,422.74,126.88,139.89,1,car,1
270,16,865.86,337.02,150.87,126.16,1,car,1
270,17,722.5,382.41,149.65,181.26,1,car,1
270,19,103.7,115.16,132.05,129.59,1,car,1
271,2,35.82,856.51,139.05,127.42,1,car,1
271,3,237.33,114.93,108.37,91.48,1,car,1
271,4,350.31,109.61,115.04,124.24,1,car,1
271,6,1459.07,109.23,103.89,79.07,1,car,1
271,7,1688.37,116.88,127.64,125.35,1,car,1
271,11,1320.33,422.74,126.82,139.88,1,car,1
271,16,866.19,337.4,150.84,126.17,1,car,1
271,17,721.47,383.49,148.42,180.29,1,car,1
271,19,103.25,115.06,131.9,129.18,1,car,1
272,2,35.71,856.55,139.29,127.55,1,car,1
272,3,237.3,114.93,108.45,91.51,1,car,1
272,4,350.89,109.52,113.67,118.75,1,car,1
272,6,1459.2,109.29,103.54,78.7,1,car,1
272,7,1687.65,116.83,128.25,125.48,1,car,1
272,11,1320.33,422.74,126.75,139.87,1,car,1
272,16,866.51,337.78,150.8,126.17,1,car,1
272,17,720.43,384.57,147.19,179.32,1,car,1
272,19,103.65,115.2,131.23,127.24,1,car,1
273,2,35.6,856.59,139.54,127.68,1,car,1
273,3,237.27,114.92,108.52,91.53,1,car,1
273,4,351.47,109.42,112.3,113.26,1,car,1
273,6,1459.33,109.34,103.18,78.34,1,car,1
273,7,1686.93,116.78,128.86,125.6,1,car,1
273,11,1320.33,422.74,126.68,139.85,1,car,1
273,16,866.83,338.16,150.76,126.17,1,car,1
273,17,719.39,385.65,145.96,178.34,1,car,1
273,19,104.05,115.35,130.56,125.29,1,car,1
274,2,34.95,856.47,140.27,127.64,1,car,1
274,3,237.24,114.92,108.6,91.56,1,car,1
274,4,352.05,109.33,110.93,107.77,1,car,1
274,6,1459.46,109.39,102.82,77.98,1,car,1
274,7,1686.21,116.73,129.47,125.72,1,car,1
274,11,1320.33,422.74,126.61,139.84,1,car,1
274,16,867.15,338.54,150.73,126.17,1,car,1
274,17,718.36,386.73,144.73,177.37,1,car,1
274,19,104.45,115.49,129.89,123.34,1,car,1
275,2,34.31,856.35,141.0,127.6,1,car,1
275,3,237.21,114.92,108.67,91.59,1,car,1
275,4,352.63,109.24,109.56,102.28,1,car,1
275,6,1459.59,109.45,102.47,77.62,1,car,1
275,7,1685.48,116.68,130.08,125.85,1,car,1
275,11,1320.33,422.75,126.54,139.82,1,car,1
275,16,867.48,338.91,150.69,126.17,1,car,1
275,17,717.32,387.82,143.5,176.39,1,car,1
275,19,104.85,115.63,129.22,121.4,1,car,1
276,2,33.66,856.24,141.73,127.55,1,car,1
276,3,237.19,114.91,108.75,91.62,1,car,1
276,4,353.21,109.15,108.19,96.79,1,car,1
276,6,1459.72,109.5,102.11,77.26,1,car,1
276,7,1684.76,116.63,130.69,125.97,1,car,1
276,11,1320.33,422.75,126.47,139.81,1,car,1
276,16,867.8,339.29,150.65,126.17,1,car,1
276,17,716.28,388.9,142.28,175.42,1,car,1
276,19,105.24,115.78,128.55,119.45,1,car,1
277,2,33.01,856.12,142.46,127.51,1,car,1
277,3,237.16,114.91,108.82,91.64,1,car,1
277,4,353.29,109.18,108.17,96.56,1,car,1
277,6,1459.85,109.56,101.76,76.89,1,car,1
277,7,1684.04,116.58,131.3,126.09,1,car,1
277,11,1320.33,422.75,126.4,139.8,1,car,1
277,16,868.12,339.67,150.62,126.18,1,car,1
277,17,715.25,389.98,141.05,174.45,1,car,1
277,19,105.64,115.92,127.88,117.5,1,car,1
278,2,32.36,856.0,143.19,127.47,1,car,1
278,3,237.13,114.91,108.9,91.67,1,car,1
278,4,353.36,109.21,108.15,96.33,1,car,1
278,6,1459.99,109.61,101.4,76.53,1,car,1
278,7,1683.32,116.53,131.91,126.22,1,car,1
278,11,1320.33,422.75,126.33,139.78,1,car,1
278,16,868.44,340.05,150.58,126.18,1,car,1
278,17,714.21,391.06,139.82,173.47,1,car,1
278,19,106.04,116.07,127.21,115.55,1,car,1
279,2,33.46,856.07,142.26,127.51,1,car,1
279,3,237.1,114.9,108.97,91.7,1,car,1
279,4,353.44,109.24,108.14,96.11,1,car,1
279,6,1460.12,109.67,101.04,76.17,1,car,1
279,7,1682.6,116.49,132.52,126.34,1,car,1
279,11,1320.33,422.76,126.27,139.77,1,car,1
279,16,868.76,340.43,150.54,126.18,1,car,1
279,17,699.6,392.83,143.16,177.53,1,car,1
279,19,106.44,116.21,126.54,113.61,1,car,1
280,2,34.56,856.14,141.33,127.55,1,car,1
280,3,237.07,114.9,109.05,91.72,1,car,1
280,4,353.52,109.27,108.12,95.88,1,car,1
280,6,1460.25,109.72,100.69,75.81,1,car,1
280,7,1681.87,116.44,133.13,126.46,1,car,1
280,11,1320.33,422.76,126.2,139.76,1,car,1
280,16,869.09,340.81,150.51,126.18,1,car,1
280,17,685.0,394.6,146.51,181.58,1,car,1
280,19,106.84,116.35,125.87,111.66,1,car,1
281,2,35.66,856.21,140.4,127.58,1,car,1
281,3,237.04,114.9,109.12,91.75,1,car,1
281,4,353.59,109.31,108.1,95.65,1,car,1
281,6,1460.38,109.77,100.33,75.44,1,car,1
281,7,1681.15,116.39,133.74,126.59,1,car,1
281,11,1320.33,422.76,126.13,139.74,1,car,1
281,16,869.41,341.19,150.47,126.18,1,car,1
281,17,670.39,396.37,149.86,185.63,1,car,1
281,19,107.24,116.5,125.2,109.71,1,car,1
282,2,36.76,856.28,139.46,127.62,1,car,1
282,3,237.01,114.89,109.19,91.78,1,car,1
282,4,351.95,109.46,110.46,103.07,1,car,1
282,6,1460.51,109.83,99.97,75.08,1,car,1
282,7,1680.43,116.34,134.35,126.71,1,car,1
282,11,1320.33,422.76,126.06,139.73,1,car,1
282,16,869.73,341.57,150.43,126.18,1,car,1
282,17,655.78,398.14,153.21,189.68,1,car,1
282,19,107.64,116.64,124.53,107.77,1,car,1
283,2,37.86,856.35,138.53,127.66,1,car,1
283,3,236.98,114.89,109.27,91.81,1,car,1
283,4,350.3,109.61,112.81,110.49,1,car,1
283,6,1460.85,109.88,100.3,75.54,1,car,1
283,7,1679.71,116.29,134.96,126.83,1,car,1
283,11,1320.33,422.76,125.99,139.72,1,car,1
283,16,870.05,341.95,150.4,126.19,1,car,1
283,17,641.18,399.91,156.55,193.74,1,car,1
283,19,108.03,116.79,123.86,105.82,1,car,1
284,2,37.55,856.36,138.47,127.44,1,car,1
284,3,236.95,114.88,109.34,91.83,1,car,1
284,4,348.65,109.77,115.16,117.91,1,car,1
284,6,1461.19,109.93,100.63,76.01,1,car,1
284,7,1678.99,116.24,135.57,126.96,1,car,1
284,11,1320.33,422.77,125.92,139.7,1,car,1
284,16,870.38,342.33,150.36,126.19,1,car,1
284,17,626.57,401.69,159.9,197.79,1,car,1
284,19,108.43,116.93,123.19,103.87,1,car,1
285,2,37.24,856.37,138.41,127.22,1,car,1
285,3,236.92,114.88,109.42,91.86,1,car,1
285,4,347.01,109.92,117.52,125.34,1,car,1
285,6,1461.52,109.98,100.95,76.47,1,car,1
285,7,1678.26,116.19,136.18,127.08,1,car,1
285,11,1320.33,422.77,125.85,139.69,1,car,1
285,16,870.7,342.71,150.32,126.19,1,car,1
285,19,108.83,117.07,122.53,101.92,1,car,1
286,2,36.93,856.38,138.35,127.0,1,car,1
286,3,236.9,114.88,109.49,91.89,1,car,1
286,4,345.36,110.07,119.87,132.76,1,car,1
286,6,1461.86,110.03,101.28,76.93,1,car,1
286,7,1677.54,116.14,136.79,127.2,1,car,1
286,11,1320.33,422.77,125.78,139.67,1,car,1
286,16,871.02,343.09,150.29,126.19,1,car,1
286,19,109.23,117.22,121.86,99.98,1,car,1
287,2,36.62,856.39,138.29,126.78,1,car,1
287,3,235.12,115.01,111.92,91.42,1,car,1
287,4,347.26,109.86,116.78,125.13,1,car,1
287,6,1462.2,110.08,101.6,77.39,1,car,1
287,7,1676.82,116.09,137.4,127.33,1,car,1
287,11,1320.33,422.77,125.72,139.66,1,car,1
287,19,109.63,117.36,121.19,98.03,1,car,1
288,2,36.31,856.4,138.23,126.56,1,car,1
288,3,233.35,115.15,114.34,90.95,1,car,1
288,4,349.16,109.65,113.68,117.49,1,car,1
288,6,1462.54,110.13,101.93,77.86,1,car,1
288,7,1676.1,116.04,138.01,127.45,1,car,1
288,11,1320.33,422.78,125.65,139.65,1,car,1
288,19,110.03,117.51,120.52,96.08,1,car,1
289,2,35.8,856.23,139.14,126.74,1,car,1
289,3,231.58,115.28,116.77,90.48,1,car,1
289,4,351.06,109.44,110.59,109.86,1,car,1
289,6,1462.88,110.18,102.25,78.32,1,car,1
289,7,1675.38,115.99,138.62,127.57,1,car,1
289,11,1320.33,422.78,125.58,139.63,1,car,1
289,19,111.44,117.23,118.4,94.79,1,car,1
290,2,35.29,856.06,140.05,126.92,1,car,1
290,3,229.8,115.41,119.19,90.0,1,car,1
290,4,352.96,109.22,107.49,102.23,1,car,1
290,6,1462.68,110.13,102.42,78.72,1,car,1
290,7,1674.66,115.94,139.23,127.7,1,car,1
290,11,1320.33,422.78,125.51,139.62,1,car,1
290,19,112.85,116.95,116.29,93.5,1,car,1
291,2,34.78,855.9,140.96,127.09,1,car,1
291,3,228.03,115.55,121.62,89.53,1,car,1
291,4,354.86,109.01,104.4,94.6,1,car,1
291,6,1462.48,110.07,102.58,79.13,1,car,1
291,7,1673.93,115.89,139.84,127.82,1,car,1
291,11,1320.33,422.78,125.44,139.61,1,car,1
291,19,114.25,116.68,114.18,92.21,1,car,1
292,2,34.27,855.73,141.87,127.27,1,car,1
292,3,226.25,115.68,124.04,89.06,1,car,1
292,4,354.51,109.06,104.91,94.37,1,car,1
292,6,1462.29,110.02,102.74,79.53,1,car,1
292,7,1673.21,115.84,140.45,127.94,1,car,1
292,11,1320.33,422.78,125.37,139.59,1,car,1
292,19,115.66,116.4,112.07,90.92,1,car,1
293,2,33.76,855.56,142.79,127.45,1,car,1
293,3,225.02,115.56,125.57,90.4,1,car,1
293,4,354.16,109.12,105.42,94.14,1,car,1
293,6,1462.09,109.97,102.91,79.94,1,car,1
293,7,1672.49,115.79,141.06,128.07,1,car,1
293,11,1320.33,422.79,125.3,139.58,1,car,1
293,19,117.07,116.13,109.96,89.63,1,car,1
294,2,34.98,855.76,142.11,127.39,1,car,1
294,3,223.79,115.44,127.1,91.75,1,car,1
294,4,353.81,109.17,105.93,93.91,1,car,1
294,6,1461.9,109.92,103.07,80.34,1,car,1
294,7,1671.77,115.74,141.67,128.19,1,car,1
294,11,1320.33,422.79,125.23,139.57,1,car,1
294,19,115.54,116.35,113.04,95.77,1,car,1
295,2,36.2,855.96,141.43,127.34,1,car,1
295,3,222.56,115.32,128.62,93.09,1,car,1
295,4,353.46,109.22,106.44,93.68,1,car,1
295,6,1461.7,109.87,103.23,80.74,1,car,1
295,7,1657.48,119.87,144.42,134.38,1,car,1
295,11,1320.33,422.79,125.16,139.55,1,car,1
295,19,114.01,116.58,116.13,101.92,1,car,1
296,2,37.42,856.16,140.75,127.28,1,car,1
296,3,221.33,115.2,130.15,94.44,1,car,1
296,4,353.11,109.27,106.95,93.45,1,car,1
296,6,1461.5,109.82,103.4,81.15,1,car,1
296,7,1643.19,123.99,147.18,140.57,1,car,1
296,11,1320.33,422.79,125.1,139.54,1,car,1
296,19,112.47,116.8,119.21,108.06,1,car,1
297,2,38.63,856.36,140.07,127.22,1,car,1
297,3,220.1,115.08,131.68,95.78,1,car,1
297,4,352.19,109.31,107.55,92.94,1,car,1
297,6,1461.49,109.86,103.36,80.05,1,car,1
297,7,1628.9,128.12,149.93,146.75,1,car,1
297,11,1320.33,422.8,125.03,139.52,1,car,1
297,19,110.94,117.02,122.3,114.2,1,car,1
298,2,39.85,856.56,139.39,127.16,1,car,1
298,3,218.87,114.96,133.2,97.12,1,car,1
298,4,351.27,109.35,108.15,92.44,1,car,1
298,6,1461.48,109.9,103.32,78.96,1,car,1
298,7,1614.61,132.24,152.69,152.94,1,car,1
298,11,1320.33,422.8,124.96,139.51,1,car,1
298,19,109.41,117.25,125.38,120.34,1,car,1
299,2,38.73,856.41,140.29,127.4,1,car,1
299,3,219.56,114.9,131.95,96.25,1,car,1
299,4,350.36,109.4,108.74,91.93,1,car,1
299,6,1461.47,109.95,103.28,77.87,1,car,1
299,7,1600.33,136.37,155.44,159.13,1,car,1
299,11,1297.17,428.01,146.63,138.73,1,car,1
299,19,107.87,117.47,128.47,126.49,1,car,1
300,2,37.62,856.26,141.18,127.64,1,car,1
300,3,220.25,114.83,130.69,95.38,1,car,1
300,4,349.44,109.44,109.34,91.43,1,car,1
300,6,1461.46,109.99,103.24,76.77,1,car,1
300,7,1586.04,140.5,158.2,165.32,1,car,1
300,11,1274.01,433.23,168.29,137.95,1,car,1
300,19,108.9,117.13,127.04,123.71,1,car,1
301,2,36.5,856.11,142.08,127.88,1,car,1
301,3,220.93,114.77,129.43,94.51,1,car,1
301,4,348.52,109.48,109.94,90.92,1,car,1
301,6,1461.45,110.04,103.2,75.68,1,car,1
301,7,1571.75,144.62,160.95,171.51,1,car,1
301,11,1250.84,438.44,189.96,137.16,1,car,1
301,19,109.92,116.78,125.61,120.94,1,car,1
