2,1,702.50,583.95,284.09,261.08,1,-1,-1,-1
2,2,569.04,385.98,199.63,145.66,1,-1,-1,-1
2,3,888.92,255.37,75.13,78.44,1,-1,-1,-1
3,1,715.27,665.11,240.48,186.04,1,-1,-1,-1
3,2,568.98,385.62,199.78,145.95,1,-1,-1,-1
3,3,888.88,255.39,75.11,78.44,1,-1,-1,-1
4,1,727.08,604.18,281.92,225.34,1,-1,-1,-1
4,2,569.12,386.54,199.45,145.29,1,-1,-1,-1
4,3,888.87,255.40,75.06,78.40,1,-1,-1,-1
5,1,730.70,581.63,297.84,241.00,1,-1,-1,-1
5,2,569.00,386.43,199.57,145.31,1,-1,-1,-1
5,3,888.92,255.39,75.04,78.36,1,-1,-1,-1
5,5,1597.23,290.82,34.59,20.01,1,-1,-1,-1
6,1,726.70,574.39,282.31,242.12,1,-1,-1,-1
6,2,568.96,386.14,199.69,145.50,1,-1,-1,-1
6,3,888.91,255.42,75.06,78.38,1,-1,-1,-1
6,5,1597.11,290.78,34.72,20.09,1,-1,-1,-1
7,1,742.24,563.30,289.10,247.64,1,-1,-1,-1
7,2,568.87,386.04,199.78,145.56,1,-1,-1,-1
7,3,888.94,255.42,75.12,78.42,1,-1,-1,-1
7,5,1597.84,290.60,34.99,20.34,1,-1,-1,-1
7,6,-1.33,431.40,47.95,158.88,1,-1,-1,-1
8,1,761.36,557.22,283.42,246.61,1,-1,-1,-1
8,2,568.59,386.35,199.50,145.18,1,-1,-1,-1
8,3,888.93,255.41,75.16,78.45,1,-1,-1,-1
8,6,0.39,426.74,50.25,165.82,1,-1,-1,-1
9,1,751.95,560.35,276.79,241.44,1,-1,-1,-1
9,2,568.50,386.39,199.38,145.02,1,-1,-1,-1
9,3,888.89,255.39,75.21,78.48,1,-1,-1,-1
9,6,0.19,423.25,48.80,162.82,1,-1,-1,-1
10,1,762.28,552.15,283.34,243.74,1,-1,-1,-1
10,2,568.42,386.01,199.42,145.22,1,-1,-1,-1
10,3,888.86,255.39,75.27,78.54,1,-1,-1,-1
11,1,766.56,546.39,287.99,245.65,1,-1,-1,-1
11,2,568.82,385.15,199.64,146.00,1,-1,-1,-1
11,3,888.85,255.36,75.30,78.58,1,-1,-1,-1
12,1,772.36,541.04,290.50,247.11,1,-1,-1,-1
12,2,568.70,385.75,199.43,145.69,1,-1,-1,-1
12,3,888.86,255.36,75.31,78.59,1,-1,-1,-1
12,6,6.76,460.45,56.27,117.78,1,-1,-1,-1
13,1,777.59,537.26,291.78,247.12,1,-1,-1,-1
13,2,568.96,385.01,199.59,146.32,1,-1,-1,-1
13,3,888.88,255.36,75.31,78.58,1,-1,-1,-1
13,6,5.32,438.78,67.47,132.27,1,-1,-1,-1
14,1,782.50,532.00,291.40,245.73,1,-1,-1,-1
14,2,569.08,384.96,199.65,146.55,1,-1,-1,-1
14,3,888.90,255.36,75.31,78.58,1,-1,-1,-1
14,6,5.45,446.51,72.84,122.60,1,-1,-1,-1
15,1,788.44,529.80,290.66,242.59,1,-1,-1,-1
15,2,569.14,385.07,199.69,146.62,1,-1,-1,-1
15,3,888.91,255.37,75.34,78.58,1,-1,-1,-1
15,6,5.16,449.28,77.31,117.48,1,-1,-1,-1
16,1,795.19,525.56,290.54,242.01,1,-1,-1,-1
16,2,569.15,385.28,199.67,146.55,1,-1,-1,-1
16,3,888.93,255.38,75.37,78.57,1,-1,-1,-1
16,6,4.35,446.75,81.08,117.86,1,-1,-1,-1
17,1,800.53,521.84,288.33,241.39,1,-1,-1,-1
17,2,569.14,385.22,199.70,146.59,1,-1,-1,-1
17,3,888.94,255.39,75.40,78.56,1,-1,-1,-1
17,6,3.53,443.86,83.41,114.81,1,-1,-1,-1
18,1,804.27,518.41,289.16,240.98,1,-1,-1,-1
18,2,569.09,384.90,199.74,146.82,1,-1,-1,-1
18,3,888.95,255.41,75.45,78.55,1,-1,-1,-1
18,6,2.39,441.36,84.28,112.13,1,-1,-1,-1
19,1,807.47,513.22,289.02,240.67,1,-1,-1,-1
19,2,569.12,385.42,199.68,146.52,1,-1,-1,-1
19,3,888.96,255.41,75.47,78.53,1,-1,-1,-1
19,6,-0.78,435.79,82.83,119.21,1,-1,-1,-1
20,1,817.75,508.00,282.01,237.71,1,-1,-1,-1
20,2,569.11,385.63,199.63,146.33,1,-1,-1,-1
20,3,888.94,255.38,75.45,78.45,1,-1,-1,-1
21,1,819.33,504.75,280.60,235.64,1,-1,-1,-1
21,2,569.12,385.41,199.62,146.40,1,-1,-1,-1
21,3,888.94,255.39,75.44,78.43,1,-1,-1,-1
21,6,-0.59,429.10,83.08,124.32,1,-1,-1,-1
22,1,824.70,501.60,277.19,233.57,1,-1,-1,-1
22,2,569.12,385.65,199.60,146.25,1,-1,-1,-1
22,3,888.93,255.38,75.42,78.41,1,-1,-1,-1
22,6,1.09,431.42,85.02,120.74,1,-1,-1,-1
23,1,826.59,499.67,275.28,231.12,1,-1,-1,-1
23,2,569.15,386.05,199.54,145.94,1,-1,-1,-1
23,6,2.41,431.39,88.56,120.81,1,-1,-1,-1
24,1,828.63,497.56,273.28,230.40,1,-1,-1,-1
24,2,569.09,384.93,199.59,146.56,1,-1,-1,-1
24,6,1.64,431.11,89.80,120.83,1,-1,-1,-1
25,1,829.35,493.91,272.21,229.55,1,-1,-1,-1
25,2,568.77,385.91,199.45,145.92,1,-1,-1,-1
25,6,2.14,421.89,93.19,125.83,1,-1,-1,-1
26,1,830.70,489.45,270.26,226.34,1,-1,-1,-1
26,2,568.99,385.59,199.51,146.15,1,-1,-1,-1
26,6,1.66,415.43,95.30,129.67,1,-1,-1,-1
27,1,834.58,486.08,266.46,223.20,1,-1,-1,-1
27,2,569.06,385.14,199.56,146.48,1,-1,-1,-1
27,6,-0.02,410.65,94.77,131.51,1,-1,-1,-1
28,1,835.32,482.40,264.62,221.23,1,-1,-1,-1
28,2,569.06,385.65,199.56,146.24,1,-1,-1,-1
28,6,-0.01,407.42,95.06,130.50,1,-1,-1,-1
29,1,839.07,479.31,261.33,219.58,1,-1,-1,-1
29,2,569.10,386.27,199.53,145.86,1,-1,-1,-1
29,3,888.00,252.43,73.36,73.36,1,-1,-1,-1
29,6,1.24,406.13,97.35,129.41,1,-1,-1,-1
30,1,840.31,476.32,259.10,218.99,1,-1,-1,-1
30,2,569.08,385.52,199.57,146.22,1,-1,-1,-1
30,3,888.14,253.03,72.73,71.82,1,-1,-1,-1
30,6,1.56,406.98,99.49,130.15,1,-1,-1,-1
31,1,847.21,473.96,253.65,215.76,1,-1,-1,-1
31,2,569.04,385.89,199.56,146.06,1,-1,-1,-1
31,3,888.29,253.40,72.29,71.11,1,-1,-1,-1
31,6,1.56,408.54,101.53,131.72,1,-1,-1,-1
32,1,853.20,471.72,248.56,212.79,1,-1,-1,-1
32,2,569.14,387.49,199.51,145.06,1,-1,-1,-1
32,3,888.42,253.68,71.98,70.74,1,-1,-1,-1
32,6,1.10,408.59,102.78,131.92,1,-1,-1,-1
33,1,856.71,468.64,244.01,209.57,1,-1,-1,-1
33,2,569.30,387.87,199.45,144.58,1,-1,-1,-1
33,3,888.56,253.88,71.80,70.48,1,-1,-1,-1
33,6,-0.08,408.94,102.55,133.12,1,-1,-1,-1
34,1,852.77,465.52,244.02,206.42,1,-1,-1,-1
34,2,569.28,387.59,199.54,144.60,1,-1,-1,-1
34,3,888.65,254.01,71.65,70.30,1,-1,-1,-1
34,6,-1.10,411.72,101.56,135.31,1,-1,-1,-1
35,1,854.19,462.38,242.29,204.42,1,-1,-1,-1
35,2,569.27,387.75,199.50,144.41,1,-1,-1,-1
35,3,888.72,254.11,71.53,70.15,1,-1,-1,-1
35,6,-2.56,418.79,98.69,134.13,1,-1,-1,-1
36,1,860.79,460.35,239.42,202.77,1,-1,-1,-1
36,2,569.34,388.25,199.44,144.03,1,-1,-1,-1
36,3,888.75,254.14,71.46,70.09,1,-1,-1,-1
36,6,-4.44,422.13,93.78,131.14,1,-1,-1,-1
37,1,865.82,458.49,236.40,201.56,1,-1,-1,-1
37,2,569.46,388.42,199.38,143.79,1,-1,-1,-1
37,3,888.79,254.20,71.41,70.03,1,-1,-1,-1
37,6,-4.84,432.49,89.45,126.19,1,-1,-1,-1
38,1,867.39,457.13,235.18,200.92,1,-1,-1,-1
38,2,569.46,388.26,199.35,143.73,1,-1,-1,-1
38,3,888.80,254.25,71.37,70.01,1,-1,-1,-1
38,6,-4.05,442.60,86.63,120.01,1,-1,-1,-1
39,1,869.51,455.81,233.79,200.29,1,-1,-1,-1
39,2,569.41,388.61,199.33,143.44,1,-1,-1,-1
39,3,888.82,254.29,71.34,70.00,1,-1,-1,-1
39,6,-2.61,447.52,85.22,116.93,1,-1,-1,-1
40,1,870.71,454.64,232.39,199.91,1,-1,-1,-1
40,2,569.42,389.12,199.33,143.04,1,-1,-1,-1
40,3,888.87,254.32,71.31,69.98,1,-1,-1,-1
40,6,-2.39,448.69,83.28,116.50,1,-1,-1,-1
41,1,871.09,454.04,231.49,200.11,1,-1,-1,-1
41,2,569.45,389.41,199.33,142.74,1,-1,-1,-1
41,3,888.90,254.34,71.30,69.97,1,-1,-1,-1
42,1,872.69,453.68,229.65,200.27,1,-1,-1,-1
42,2,569.41,389.51,199.36,142.56,1,-1,-1,-1
42,3,888.91,254.37,71.29,69.96,1,-1,-1,-1
42,6,-7.08,440.64,75.01,124.21,1,-1,-1,-1
43,1,875.77,454.33,226.76,199.88,1,-1,-1,-1
43,2,569.33,389.16,199.45,142.64,1,-1,-1,-1
43,3,888.92,254.38,71.28,69.95,1,-1,-1,-1
44,1,877.33,454.71,224.76,199.63,1,-1,-1,-1
44,2,569.28,388.06,199.56,143.24,1,-1,-1,-1
44,3,888.91,254.42,71.29,69.95,1,-1,-1,-1
45,1,879.93,455.41,222.23,199.32,1,-1,-1,-1
45,2,569.23,387.67,199.61,143.62,1,-1,-1,-1
45,3,888.94,254.43,71.29,69.94,1,-1,-1,-1
45,6,-11.29,433.65,58.04,128.81,1,-1,-1,-1
46,1,870.22,456.51,226.61,199.71,1,-1,-1,-1
46,2,569.19,387.36,199.65,143.97,1,-1,-1,-1
46,3,888.91,254.43,71.31,69.94,1,-1,-1,-1
46,6,-8.75,426.37,49.58,135.20,1,-1,-1,-1
47,1,865.03,457.23,229.66,200.08,1,-1,-1,-1
47,2,569.13,387.79,199.68,143.83,1,-1,-1,-1
47,3,888.90,254.43,71.30,69.95,1,-1,-1,-1
48,1,863.62,458.03,231.62,200.47,1,-1,-1,-1
48,2,569.29,387.70,199.66,143.95,1,-1,-1,-1
48,3,888.94,254.39,71.34,69.96,1,-1,-1,-1
49,1,858.95,458.88,234.82,200.87,1,-1,-1,-1
49,2,569.47,387.83,199.53,143.94,1,-1,-1,-1
49,3,888.92,254.37,71.39,69.98,1,-1,-1,-1
50,1,864.07,459.70,231.76,200.84,1,-1,-1,-1
50,2,569.59,387.92,199.43,143.91,1,-1,-1,-1
50,3,888.90,254.36,71.42,69.98,1,-1,-1,-1
50,10,1597.51,290.88,34.29,19.94,1,-1,-1,-1
51,1,859.13,460.23,232.72,201.01,1,-1,-1,-1
51,2,569.60,388.21,199.38,143.75,1,-1,-1,-1
51,3,888.93,254.37,71.45,69.98,1,-1,-1,-1
52,1,853.80,461.19,235.66,201.80,1,-1,-1,-1
52,2,569.49,387.77,199.42,143.98,1,-1,-1,-1
52,3,888.91,254.37,71.49,69.99,1,-1,-1,-1
53,1,848.73,462.00,239.11,202.69,1,-1,-1,-1
53,2,569.47,387.44,199.43,144.21,1,-1,-1,-1
53,3,888.89,254.37,71.53,69.98,1,-1,-1,-1
54,1,847.85,463.18,240.58,203.42,1,-1,-1,-1
54,2,569.39,386.94,199.47,144.59,1,-1,-1,-1
55,1,844.31,464.37,243.03,203.81,1,-1,-1,-1
55,2,569.38,386.67,199.50,144.87,1,-1,-1,-1
56,1,841.60,465.28,245.59,204.83,1,-1,-1,-1
56,2,569.33,386.51,199.55,145.08,1,-1,-1,-1
57,1,837.04,467.73,248.55,205.70,1,-1,-1,-1
57,2,569.31,386.54,199.54,145.15,1,-1,-1,-1
58,1,833.94,469.66,250.62,206.39,1,-1,-1,-1
58,2,569.28,386.54,199.56,145.18,1,-1,-1,-1
59,1,832.36,471.31,251.76,206.22,1,-1,-1,-1
59,2,569.27,386.67,199.55,145.13,1,-1,-1,-1
60,1,830.60,474.58,253.02,208.18,1,-1,-1,-1
60,2,569.28,387.20,199.54,144.82,1,-1,-1,-1
61,1,828.92,477.35,255.16,211.17,1,-1,-1,-1
61,2,569.20,387.07,199.58,144.82,1,-1,-1,-1
62,1,828.20,477.80,255.93,213.67,1,-1,-1,-1
62,2,569.19,386.55,199.60,145.09,1,-1,-1,-1
63,1,829.75,478.64,255.17,214.94,1,-1,-1,-1
63,2,569.20,386.71,199.60,145.05,1,-1,-1,-1
64,1,828.78,478.93,255.98,216.31,1,-1,-1,-1
64,2,569.14,386.92,199.67,144.94,1,-1,-1,-1
65,1,829.04,480.13,256.23,216.70,1,-1,-1,-1
65,2,569.18,386.88,199.65,144.94,1,-1,-1,-1
66,1,829.04,481.72,256.75,216.39,1,-1,-1,-1
66,2,569.15,386.50,199.66,145.13,1,-1,-1,-1
67,1,828.89,484.17,257.09,216.63,1,-1,-1,-1
67,2,569.13,386.72,199.69,145.05,1,-1,-1,-1
68,1,827.59,486.46,258.48,217.38,1,-1,-1,-1
68,2,569.17,387.38,199.69,144.66,1,-1,-1,-1
69,1,827.51,488.61,258.81,217.65,1,-1,-1,-1
69,2,569.17,387.90,199.72,144.23,1,-1,-1,-1
70,1,827.01,490.59,258.86,218.04,1,-1,-1,-1
70,2,569.18,388.28,199.70,143.87,1,-1,-1,-1
71,1,821.22,494.36,263.56,222.46,1,-1,-1,-1
71,2,569.16,388.37,199.70,143.67,1,-1,-1,-1
72,1,817.83,496.03,268.44,224.86,1,-1,-1,-1
72,2,569.15,388.12,199.73,143.70,1,-1,-1,-1
73,1,813.85,497.61,270.75,225.97,1,-1,-1,-1
73,2,569.16,388.35,199.72,143.53,1,-1,-1,-1
74,1,812.87,499.35,272.58,226.18,1,-1,-1,-1
74,2,569.18,388.46,199.71,143.42,1,-1,-1,-1
75,1,812.19,499.87,273.92,226.24,1,-1,-1,-1
75,2,569.19,388.50,199.70,143.35,1,-1,-1,-1
76,1,812.95,500.64,273.97,225.83,1,-1,-1,-1
76,2,569.17,388.28,199.68,143.46,1,-1,-1,-1
77,1,813.16,499.58,273.15,224.89,1,-1,-1,-1
77,2,569.15,387.78,199.68,143.78,1,-1,-1,-1
78,1,813.66,498.72,271.53,224.82,1,-1,-1,-1
78,2,569.22,387.25,199.61,144.17,1,-1,-1,-1
79,1,814.07,496.86,269.83,224.68,1,-1,-1,-1
79,2,569.21,386.84,199.62,144.54,1,-1,-1,-1
79,11,1579.16,330.66,56.92,24.64,1,-1,-1,-1
80,1,814.72,493.68,268.65,222.93,1,-1,-1,-1
80,2,569.22,387.01,199.60,144.61,1,-1,-1,-1
80,11,1578.97,330.67,57.12,24.66,1,-1,-1,-1
81,1,815.05,490.68,267.72,221.17,1,-1,-1,-1
81,2,569.23,386.98,199.59,144.68,1,-1,-1,-1
81,11,1579.33,330.69,56.90,24.59,1,-1,-1,-1
82,1,815.87,488.90,266.00,219.98,1,-1,-1,-1
82,2,569.23,386.91,199.59,144.77,1,-1,-1,-1
82,11,1579.15,330.69,56.97,24.60,1,-1,-1,-1
82,12,1596.88,290.61,34.83,20.31,1,-1,-1,-1
83,1,817.97,487.18,263.51,218.10,1,-1,-1,-1
83,2,569.15,386.87,199.63,144.86,1,-1,-1,-1
83,11,1579.08,330.69,57.03,24.62,1,-1,-1,-1
84,1,820.43,484.73,260.62,217.29,1,-1,-1,-1
84,2,569.15,387.06,199.62,144.80,1,-1,-1,-1
84,11,1579.83,330.76,56.56,24.54,1,-1,-1,-1
84,12,1597.00,290.71,34.65,20.23,1,-1,-1,-1
85,1,822.54,481.74,258.74,217.08,1,-1,-1,-1
85,2,569.13,386.91,199.63,144.89,1,-1,-1,-1
86,1,823.76,479.49,256.71,217.32,1,-1,-1,-1
86,2,569.14,386.71,199.63,145.05,1,-1,-1,-1
87,1,825.48,477.65,254.87,217.44,1,-1,-1,-1
87,2,569.14,387.22,199.63,144.78,1,-1,-1,-1
88,1,826.23,475.81,253.10,217.50,1,-1,-1,-1
88,2,569.20,387.96,199.58,144.28,1,-1,-1,-1
88,12,1597.20,290.77,34.48,20.11,1,-1,-1,-1
89,1,826.72,475.25,251.90,217.48,1,-1,-1,-1
89,2,569.24,388.30,199.56,143.95,1,-1,-1,-1
90,1,827.01,474.92,251.43,217.55,1,-1,-1,-1
90,2,569.21,387.33,199.59,144.47,1,-1,-1,-1
91,1,826.75,474.94,251.50,217.78,1,-1,-1,-1
91,2,569.29,387.77,199.55,144.22,1,-1,-1,-1
92,1,826.11,475.05,251.68,217.98,1,-1,-1,-1
92,2,569.20,387.51,199.59,144.35,1,-1,-1,-1
93,1,825.73,475.81,251.49,218.35,1,-1,-1,-1
93,2,569.17,387.61,199.61,144.29,1,-1,-1,-1
94,1,825.10,476.61,251.40,218.60,1,-1,-1,-1
94,2,569.06,387.14,199.64,144.56,1,-1,-1,-1
95,1,824.70,477.97,251.02,218.59,1,-1,-1,-1
95,2,569.14,387.52,199.59,144.38,1,-1,-1,-1
96,1,822.21,480.10,251.93,217.46,1,-1,-1,-1
96,2,569.14,388.21,199.56,143.93,1,-1,-1,-1
97,1,822.55,482.14,250.98,217.45,1,-1,-1,-1
97,2,569.07,388.05,199.56,143.93,1,-1,-1,-1
98,1,820.31,484.63,251.60,216.89,1,-1,-1,-1
98,2,569.10,388.04,199.54,143.87,1,-1,-1,-1
99,1,814.85,487.50,256.40,217.11,1,-1,-1,-1
99,2,569.11,388.30,199.52,143.66,1,-1,-1,-1
100,1,810.18,491.23,258.99,218.43,1,-1,-1,-1
100,2,569.13,388.29,199.55,143.58,1,-1,-1,-1
101,1,807.29,495.22,261.42,221.41,1,-1,-1,-1
101,2,569.15,388.29,199.58,143.53,1,-1,-1,-1
102,1,805.05,498.36,262.08,223.84,1,-1,-1,-1
102,2,569.21,388.29,199.59,143.51,1,-1,-1,-1
103,1,804.19,499.07,262.51,225.61,1,-1,-1,-1
103,2,569.23,388.26,199.60,143.50,1,-1,-1,-1
103,13,1583.25,330.86,53.39,24.30,1,-1,-1,-1
104,1,800.68,501.43,263.27,226.45,1,-1,-1,-1
104,2,569.27,388.45,199.60,143.39,1,-1,-1,-1
105,1,797.45,505.29,264.73,227.17,1,-1,-1,-1
105,2,569.27,388.53,199.61,143.32,1,-1,-1,-1
105,13,1584.39,330.99,52.44,24.06,1,-1,-1,-1
106,1,796.17,510.08,265.59,227.41,1,-1,-1,-1
106,2,569.19,389.64,199.70,142.70,1,-1,-1,-1
106,13,1586.18,330.99,50.60,23.71,1,-1,-1,-1
107,1,793.81,512.33,267.44,229.10,1,-1,-1,-1
107,2,569.05,390.23,199.84,142.20,1,-1,-1,-1
107,13,1587.91,331.12,49.09,23.48,1,-1,-1,-1
107,14,1597.40,291.35,34.22,19.45,1,-1,-1,-1
108,1,789.94,515.91,270.32,231.70,1,-1,-1,-1
108,2,569.04,390.44,199.85,141.82,1,-1,-1,-1
108,13,1589.17,331.21,47.82,23.37,1,-1,-1,-1
108,14,1597.51,291.17,34.26,19.56,1,-1,-1,-1
109,1,787.90,520.62,271.94,234.06,1,-1,-1,-1
109,2,569.08,390.45,199.82,141.61,1,-1,-1,-1
109,13,1589.87,331.30,46.98,23.27,1,-1,-1,-1
109,14,1597.68,291.09,34.17,19.59,1,-1,-1,-1
110,1,782.02,522.02,273.00,235.43,1,-1,-1,-1
110,2,569.05,390.53,199.86,141.44,1,-1,-1,-1
110,13,1590.81,331.35,46.00,23.16,1,-1,-1,-1
110,14,1597.65,291.09,34.15,19.61,1,-1,-1,-1
111,1,778.98,525.65,270.55,236.55,1,-1,-1,-1
111,2,569.11,390.69,199.86,141.26,1,-1,-1,-1
111,13,1591.26,331.36,45.39,23.13,1,-1,-1,-1
111,14,1597.61,291.09,34.15,19.61,1,-1,-1,-1
112,1,795.16,527.11,259.95,232.64,1,-1,-1,-1
112,2,569.08,390.26,199.90,141.41,1,-1,-1,-1
112,13,1590.62,331.32,45.58,23.22,1,-1,-1,-1
112,14,1597.52,291.16,34.19,19.60,1,-1,-1,-1
113,1,779.95,534.10,266.22,235.59,1,-1,-1,-1
113,2,569.09,390.11,199.91,141.50,1,-1,-1,-1
113,13,1590.89,331.32,45.41,23.25,1,-1,-1,-1
113,14,1597.54,291.13,34.20,19.62,1,-1,-1,-1
114,1,771.83,539.81,273.22,239.08,1,-1,-1,-1
114,2,569.06,389.73,199.96,141.74,1,-1,-1,-1
114,13,1589.55,331.22,46.25,23.41,1,-1,-1,-1
114,14,1597.50,291.14,34.24,19.65,1,-1,-1,-1
115,1,766.42,543.94,275.38,242.10,1,-1,-1,-1
115,2,569.01,389.86,199.96,141.69,1,-1,-1,-1
115,13,1588.05,331.10,47.40,23.63,1,-1,-1,-1
115,14,1597.37,291.06,34.36,19.72,1,-1,-1,-1
116,1,770.52,545.51,271.64,243.41,1,-1,-1,-1
116,2,568.99,389.79,199.98,141.76,1,-1,-1,-1
116,13,1587.39,331.07,48.19,23.75,1,-1,-1,-1
116,14,1597.31,290.99,34.45,19.79,1,-1,-1,-1
117,1,755.82,558.04,275.15,239.66,1,-1,-1,-1
117,2,568.97,389.60,199.99,141.89,1,-1,-1,-1
117,13,1587.32,331.06,48.62,23.82,1,-1,-1,-1
117,14,1597.31,290.97,34.49,19.79,1,-1,-1,-1
118,1,761.68,558.60,271.29,242.39,1,-1,-1,-1
118,2,568.98,390.04,199.97,141.66,1,-1,-1,-1
118,13,1587.14,331.06,48.98,23.92,1,-1,-1,-1
118,14,1597.26,290.90,34.58,19.86,1,-1,-1,-1
119,1,747.65,559.52,276.24,245.28,1,-1,-1,-1
119,2,569.01,390.00,199.93,141.64,1,-1,-1,-1
119,13,1586.93,331.05,49.23,23.99,1,-1,-1,-1
119,14,1597.26,290.87,34.59,19.89,1,-1,-1,-1
120,1,743.19,562.90,277.29,248.92,1,-1,-1,-1
120,2,568.99,389.82,199.91,141.72,1,-1,-1,-1
120,13,1586.29,330.99,49.75,24.08,1,-1,-1,-1
120,14,1597.22,290.85,34.62,19.93,1,-1,-1,-1
121,1,727.39,566.28,284.62,252.73,1,-1,-1,-1
121,2,568.99,389.80,199.90,141.73,1,-1,-1,-1
121,13,1586.24,330.95,49.95,24.15,1,-1,-1,-1
121,14,1597.20,290.82,34.65,19.97,1,-1,-1,-1
122,1,714.40,569.78,289.55,254.41,1,-1,-1,-1
122,2,569.03,389.98,199.87,141.63,1,-1,-1,-1
122,13,1587.00,330.97,49.55,24.10,1,-1,-1,-1
122,14,1597.31,290.90,34.54,19.91,1,-1,-1,-1
123,1,705.13,573.88,292.83,256.39,1,-1,-1,-1
123,2,569.12,389.97,199.85,141.63,1,-1,-1,-1
123,13,1586.70,330.97,49.63,24.09,1,-1,-1,-1
123,14,1597.32,290.92,34.50,19.88,1,-1,-1,-1
124,1,699.49,576.60,293.50,258.11,1,-1,-1,-1
124,2,569.13,389.97,199.85,141.63,1,-1,-1,-1
124,13,1586.44,330.97,49.80,24.10,1,-1,-1,-1
124,14,1597.32,290.92,34.49,19.87,1,-1,-1,-1
125,1,719.65,579.56,275.39,258.62,1,-1,-1,-1
125,2,568.69,390.09,199.73,141.36,1,-1,-1,-1
125,13,1585.57,330.91,50.39,24.19,1,-1,-1,-1
125,14,1597.25,290.86,34.55,19.93,1,-1,-1,-1
126,1,684.23,601.13,282.30,252.80,1,-1,-1,-1
126,2,569.00,390.08,199.74,141.44,1,-1,-1,-1
126,13,1585.26,330.87,50.72,24.24,1,-1,-1,-1
126,14,1597.12,290.82,34.65,19.99,1,-1,-1,-1
127,1,686.30,595.45,278.38,256.44,1,-1,-1,-1
127,2,569.11,389.60,199.76,141.75,1,-1,-1,-1
127,13,1585.81,330.88,50.57,24.24,1,-1,-1,-1
127,14,1597.16,290.78,34.68,20.02,1,-1,-1,-1
128,1,698.47,583.15,265.83,245.88,1,-1,-1,-1
128,2,569.16,389.55,199.78,141.89,1,-1,-1,-1
128,13,1586.19,330.88,50.36,24.23,1,-1,-1,-1
128,14,1597.15,290.76,34.71,20.03,1,-1,-1,-1
129,1,664.92,593.96,277.69,254.69,1,-1,-1,-1
129,2,569.17,389.64,199.76,141.89,1,-1,-1,-1
129,13,1586.50,330.91,50.11,24.20,1,-1,-1,-1
129,14,1597.17,290.80,34.72,20.00,1,-1,-1,-1
130,1,643.52,599.53,283.63,260.56,1,-1,-1,-1
130,2,569.18,389.55,199.77,141.96,1,-1,-1,-1
130,13,1587.16,330.94,49.69,24.14,1,-1,-1,-1
130,14,1597.24,290.83,34.67,19.98,1,-1,-1,-1
131,1,625.45,602.98,290.93,265.77,1,-1,-1,-1
131,2,569.30,388.66,199.73,142.49,1,-1,-1,-1
131,13,1587.81,331.15,49.23,24.17,1,-1,-1,-1
131,14,1597.41,291.25,34.60,19.81,1,-1,-1,-1
132,1,611.93,607.21,297.30,270.43,1,-1,-1,-1
132,2,569.15,389.27,199.74,142.30,1,-1,-1,-1
132,13,1584.93,330.81,50.59,24.34,1,-1,-1,-1
133,1,569.50,655.57,285.91,246.92,1,-1,-1,-1
133,2,569.25,389.59,199.78,142.08,1,-1,-1,-1
133,13,1585.17,330.79,50.85,24.34,1,-1,-1,-1
133,14,1597.23,291.15,34.71,19.90,1,-1,-1,-1
134,1,605.87,621.87,265.48,239.83,1,-1,-1,-1
134,2,569.25,389.88,199.77,141.86,1,-1,-1,-1
134,13,1584.38,330.77,51.57,24.44,1,-1,-1,-1
135,1,613.67,613.97,259.18,237.85,1,-1,-1,-1
135,2,569.28,389.89,199.75,141.76,1,-1,-1,-1
135,13,1584.06,330.76,51.93,24.50,1,-1,-1,-1
135,14,1597.01,290.85,34.89,20.08,1,-1,-1,-1
137,15,-1.21,661.88,138.48,180.36,1,-1,-1,-1
137,16,1533.08,488.71,161.23,205.02,1,-1,-1,-1
137,17,1467.65,580.37,115.46,95.79,1,-1,-1,-1
137,18,1640.56,120.18,97.54,79.06,1,-1,-1,-1
137,19,303.04,119.81,94.84,77.51,1,-1,-1,-1
137,20,389.79,372.25,76.03,108.23,1,-1,-1,-1
137,21,183.16,121.37,92.11,69.21,1,-1,-1,-1
137,22,336.48,56.43,64.40,22.77,1,-1,-1,-1
137,23,1832.22,377.23,48.98,24.83,1,-1,-1,-1
137,24,339.89,205.96,27.33,32.80,1,-1,-1,-1
137,25,217.18,64.94,38.05,20.32,1,-1,-1,-1
137,26,1779.53,372.97,24.26,28.67,1,-1,-1,-1
137,27,260.88,92.08,34.60,16.57,1,-1,-1,-1
138,15,0.02,661.62,138.00,181.42,1,-1,-1,-1
138,16,1532.98,488.62,161.41,205.14,1,-1,-1,-1
138,17,1467.58,580.35,115.98,96.12,1,-1,-1,-1
138,18,1640.89,120.20,97.24,78.80,1,-1,-1,-1
138,19,303.03,119.79,94.83,77.45,1,-1,-1,-1
138,20,388.81,372.43,77.98,107.93,1,-1,-1,-1
138,21,183.17,121.35,92.12,69.18,1,-1,-1,-1
138,22,336.49,56.43,64.39,22.76,1,-1,-1,-1
138,23,1832.30,377.21,48.88,24.85,1,-1,-1,-1
138,24,339.86,205.87,27.63,32.94,1,-1,-1,-1
138,25,217.19,64.94,38.05,20.31,1,-1,-1,-1
138,26,1779.53,372.95,24.26,28.69,1,-1,-1,-1
138,27,260.88,92.08,34.60,16.57,1,-1,-1,-1
138,28,3.41,848.70,29.61,41.04,1,-1,-1,-1
139,15,5.02,637.97,152.44,189.52,1,-1,-1,-1
139,16,1488.87,481.88,194.33,218.53,1,-1,-1,-1
139,18,1640.88,120.51,97.34,79.37,1,-1,-1,-1
139,19,302.98,119.98,95.27,78.13,1,-1,-1,-1
139,20,374.33,367.86,94.33,115.53,1,-1,-1,-1
139,21,183.25,121.36,92.06,69.15,1,-1,-1,-1
139,22,336.52,56.43,64.37,22.77,1,-1,-1,-1
139,23,1832.32,377.29,49.01,24.87,1,-1,-1,-1
139,24,340.09,205.74,27.50,33.44,1,-1,-1,-1
139,25,217.18,64.93,38.06,20.33,1,-1,-1,-1
139,26,1779.47,372.59,24.36,28.99,1,-1,-1,-1
139,27,260.87,92.08,34.63,16.58,1,-1,-1,-1
140,15,4.71,632.04,159.29,191.59,1,-1,-1,-1
140,16,1474.19,480.94,209.81,220.45,1,-1,-1,-1
140,18,1640.80,120.53,97.40,79.70,1,-1,-1,-1
140,19,302.93,119.97,95.44,78.48,1,-1,-1,-1
140,20,369.29,366.94,102.91,116.91,1,-1,-1,-1
140,21,183.30,121.39,92.08,69.18,1,-1,-1,-1
140,22,336.54,56.43,64.36,22.78,1,-1,-1,-1
140,23,1832.28,377.35,49.00,24.84,1,-1,-1,-1
140,24,340.21,205.62,27.32,33.59,1,-1,-1,-1
140,25,217.18,64.93,38.06,20.33,1,-1,-1,-1
140,26,1779.49,372.56,24.37,29.06,1,-1,-1,-1
140,27,260.87,92.07,34.64,16.60,1,-1,-1,-1
140,29,37.46,833.28,38.87,29.41,1,-1,-1,-1
141,15,0.17,629.81,162.86,203.45,1,-1,-1,-1
141,16,1468.55,481.34,218.26,219.55,1,-1,-1,-1
141,18,1641.03,120.41,97.12,79.58,1,-1,-1,-1
141,19,302.87,119.92,95.28,78.58,1,-1,-1,-1
141,20,361.47,365.54,109.93,118.29,1,-1,-1,-1
141,21,183.25,121.35,92.05,69.12,1,-1,-1,-1
141,22,336.55,56.42,64.34,22.78,1,-1,-1,-1
141,23,1832.23,377.35,48.89,24.81,1,-1,-1,-1
141,24,339.54,206.17,28.23,34.24,1,-1,-1,-1
141,25,217.18,64.93,38.06,20.34,1,-1,-1,-1
141,26,1779.70,372.82,24.17,28.88,1,-1,-1,-1
141,27,260.87,92.07,34.64,16.60,1,-1,-1,-1
142,15,1.55,616.87,169.86,210.22,1,-1,-1,-1
142,16,1466.99,482.21,222.51,217.79,1,-1,-1,-1
142,18,1641.03,120.49,97.11,79.80,1,-1,-1,-1
142,19,302.91,119.85,95.02,78.51,1,-1,-1,-1
142,20,347.88,363.87,120.90,119.20,1,-1,-1,-1
142,21,183.24,121.36,92.02,69.09,1,-1,-1,-1
142,22,336.54,56.43,64.33,22.77,1,-1,-1,-1
142,23,1831.78,377.64,48.39,24.61,1,-1,-1,-1
142,24,339.96,205.62,27.50,33.89,1,-1,-1,-1
142,25,217.18,64.93,38.06,20.34,1,-1,-1,-1
142,26,1779.66,372.88,24.06,28.58,1,-1,-1,-1
142,27,260.87,92.06,34.65,16.61,1,-1,-1,-1
143,15,4.08,608.37,179.37,214.69,1,-1,-1,-1
143,16,1499.89,485.69,202.20,211.04,1,-1,-1,-1
143,17,1467.26,580.86,112.96,94.99,1,-1,-1,-1
143,18,1640.50,120.45,97.43,80.07,1,-1,-1,-1
143,19,302.95,119.77,94.82,78.36,1,-1,-1,-1
143,20,339.01,364.33,128.40,118.96,1,-1,-1,-1
143,21,183.17,121.35,92.07,69.11,1,-1,-1,-1
143,22,336.52,56.43,64.31,22.75,1,-1,-1,-1
143,24,339.79,205.82,27.52,32.94,1,-1,-1,-1
143,25,217.19,64.93,38.05,20.33,1,-1,-1,-1
143,26,1779.75,373.05,23.81,28.31,1,-1,-1,-1
143,27,260.87,92.06,34.62,16.60,1,-1,-1,-1
144,15,3.60,605.37,185.31,216.67,1,-1,-1,-1
144,16,1514.99,487.74,188.82,206.96,1,-1,-1,-1
144,17,1467.52,580.76,112.49,95.13,1,-1,-1,-1
144,18,1640.30,120.38,97.59,80.20,1,-1,-1,-1
144,19,303.04,119.70,94.60,78.11,1,-1,-1,-1
144,20,335.05,364.84,133.16,118.22,1,-1,-1,-1
144,21,183.15,121.33,92.09,69.07,1,-1,-1,-1
144,22,336.51,56.44,64.32,22.75,1,-1,-1,-1
144,24,339.73,206.13,27.69,32.29,1,-1,-1,-1
144,25,217.19,64.93,38.05,20.33,1,-1,-1,-1
144,26,1779.84,373.09,23.72,28.15,1,-1,-1,-1
144,27,260.86,92.05,34.64,16.61,1,-1,-1,-1
145,15,7.64,600.95,202.15,225.78,1,-1,-1,-1
145,16,1523.04,489.15,179.54,204.37,1,-1,-1,-1
145,17,1467.36,580.95,111.27,94.78,1,-1,-1,-1
145,18,1640.27,120.34,97.61,80.23,1,-1,-1,-1
145,19,303.04,119.67,94.47,77.89,1,-1,-1,-1
145,20,319.41,362.28,142.87,119.98,1,-1,-1,-1
145,21,183.11,121.34,92.17,69.09,1,-1,-1,-1
145,22,336.50,56.44,64.35,22.76,1,-1,-1,-1
145,24,339.76,206.29,27.95,31.91,1,-1,-1,-1
145,25,217.19,64.92,38.05,20.34,1,-1,-1,-1
145,26,1779.85,373.26,23.71,27.97,1,-1,-1,-1
145,27,260.88,92.06,34.63,16.62,1,-1,-1,-1
146,15,8.76,592.93,215.15,222.43,1,-1,-1,-1
146,16,1528.28,490.22,172.64,202.60,1,-1,-1,-1
146,17,1467.51,581.02,110.81,94.68,1,-1,-1,-1
146,18,1640.31,120.30,97.59,80.20,1,-1,-1,-1
146,19,303.06,119.67,94.45,77.69,1,-1,-1,-1
146,20,305.56,360.50,152.67,121.92,1,-1,-1,-1
146,21,183.07,121.35,92.26,69.12,1,-1,-1,-1
146,22,336.53,56.43,64.36,22.75,1,-1,-1,-1
146,24,339.75,206.51,28.26,31.55,1,-1,-1,-1
146,25,217.20,64.92,38.05,20.34,1,-1,-1,-1
146,26,1779.84,373.23,23.75,27.88,1,-1,-1,-1
146,27,260.88,92.06,34.59,16.61,1,-1,-1,-1
147,15,6.95,590.87,224.00,219.55,1,-1,-1,-1
147,16,1531.29,490.84,167.82,201.57,1,-1,-1,-1
147,17,1467.54,581.01,110.32,94.63,1,-1,-1,-1
147,18,1640.42,120.33,97.55,80.21,1,-1,-1,-1
147,19,302.98,119.75,94.49,77.64,1,-1,-1,-1
147,20,298.45,359.39,159.75,123.10,1,-1,-1,-1
147,21,182.92,121.31,92.39,69.17,1,-1,-1,-1
147,22,336.56,56.43,64.36,22.75,1,-1,-1,-1
147,23,1832.37,377.30,48.16,24.66,1,-1,-1,-1
147,24,339.70,206.62,28.51,31.31,1,-1,-1,-1
147,25,217.21,64.92,38.03,20.33,1,-1,-1,-1
147,26,1779.84,373.17,23.76,27.91,1,-1,-1,-1
147,27,260.85,92.06,34.60,16.60,1,-1,-1,-1
148,15,6.04,585.64,231.72,220.28,1,-1,-1,-1
148,16,1532.36,491.23,164.98,201.05,1,-1,-1,-1
148,17,1467.58,580.96,109.93,94.69,1,-1,-1,-1
148,18,1640.77,120.36,97.38,80.25,1,-1,-1,-1
148,19,303.10,119.72,94.38,77.43,1,-1,-1,-1
148,20,288.17,361.15,157.62,121.68,1,-1,-1,-1
148,21,182.87,121.30,92.45,69.21,1,-1,-1,-1
148,22,336.59,56.43,64.33,22.73,1,-1,-1,-1
148,24,339.71,206.45,28.42,31.18,1,-1,-1,-1
148,25,217.24,64.93,38.00,20.32,1,-1,-1,-1
148,26,1779.66,373.04,23.82,28.06,1,-1,-1,-1
148,27,260.86,92.06,34.58,16.58,1,-1,-1,-1
149,15,4.05,577.58,234.06,211.29,1,-1,-1,-1
149,16,1533.84,491.47,162.58,200.73,1,-1,-1,-1
149,17,1467.73,580.97,109.71,94.78,1,-1,-1,-1
149,18,1640.38,120.37,97.62,80.39,1,-1,-1,-1
149,19,303.07,119.65,94.13,77.15,1,-1,-1,-1
149,20,281.15,362.69,155.78,120.80,1,-1,-1,-1
149,21,182.83,121.27,92.44,69.21,1,-1,-1,-1
149,22,336.61,56.46,64.26,22.70,1,-1,-1,-1
149,24,339.68,206.40,28.35,31.05,1,-1,-1,-1
149,25,217.26,64.94,37.97,20.32,1,-1,-1,-1
149,26,1779.66,372.95,23.79,28.18,1,-1,-1,-1
149,27,260.80,92.08,34.58,16.57,1,-1,-1,-1
150,15,2.97,576.77,236.06,209.42,1,-1,-1,-1
150,16,1535.15,491.54,160.66,200.56,1,-1,-1,-1
150,17,1467.79,580.94,109.56,94.88,1,-1,-1,-1
150,18,1640.00,120.38,97.91,80.54,1,-1,-1,-1
150,19,303.07,119.74,94.01,77.07,1,-1,-1,-1
150,20,274.59,363.73,155.34,120.04,1,-1,-1,-1
150,21,182.76,121.26,92.44,69.21,1,-1,-1,-1
150,22,336.61,56.46,64.26,22.70,1,-1,-1,-1
150,24,339.82,206.21,27.75,31.00,1,-1,-1,-1
150,25,217.26,64.94,37.97,20.33,1,-1,-1,-1
150,26,1779.60,372.79,23.76,28.27,1,-1,-1,-1
150,27,260.78,92.09,34.61,16.57,1,-1,-1,-1
151,15,2.60,578.69,239.33,214.30,1,-1,-1,-1
151,16,1535.86,491.58,159.36,200.54,1,-1,-1,-1
151,17,1467.85,580.87,109.58,94.99,1,-1,-1,-1
151,18,1639.94,120.38,98.01,80.66,1,-1,-1,-1
151,19,303.16,119.69,93.90,76.83,1,-1,-1,-1
151,20,268.47,364.72,156.15,118.80,1,-1,-1,-1
151,21,182.72,121.26,92.46,69.22,1,-1,-1,-1
151,22,336.62,56.47,64.23,22.69,1,-1,-1,-1
151,24,340.10,206.23,27.25,30.91,1,-1,-1,-1
151,25,217.27,64.95,37.95,20.32,1,-1,-1,-1
151,26,1779.63,372.76,23.69,28.29,1,-1,-1,-1
151,27,260.75,92.10,34.63,16.57,1,-1,-1,-1
152,15,2.54,579.00,242.60,217.84,1,-1,-1,-1
152,16,1536.26,491.51,158.47,200.61,1,-1,-1,-1
152,17,1467.90,580.79,109.66,95.09,1,-1,-1,-1
152,18,1639.91,120.33,98.10,80.69,1,-1,-1,-1
152,19,303.22,119.66,93.80,76.56,1,-1,-1,-1
152,20,266.40,364.98,156.82,118.08,1,-1,-1,-1
152,21,182.72,121.22,92.42,69.16,1,-1,-1,-1
152,22,336.63,56.47,64.21,22.67,1,-1,-1,-1
152,24,340.30,206.28,26.96,30.83,1,-1,-1,-1
152,25,217.27,64.95,37.94,20.31,1,-1,-1,-1
152,26,1779.65,372.72,23.64,28.31,1,-1,-1,-1
152,27,260.74,92.11,34.64,16.57,1,-1,-1,-1
153,15,1.42,575.12,242.80,219.04,1,-1,-1,-1
153,16,1536.70,491.32,157.81,200.76,1,-1,-1,-1
153,17,1467.69,580.83,109.31,95.02,1,-1,-1,-1
153,18,1639.79,120.34,98.25,80.79,1,-1,-1,-1
153,19,303.24,119.93,93.92,76.78,1,-1,-1,-1
153,20,259.54,366.11,155.36,116.93,1,-1,-1,-1
153,21,182.74,121.25,92.43,69.13,1,-1,-1,-1
153,22,336.65,56.48,64.18,22.66,1,-1,-1,-1
153,23,1832.22,377.54,47.19,24.35,1,-1,-1,-1
153,24,340.53,206.32,26.73,30.83,1,-1,-1,-1
153,25,217.27,64.95,37.95,20.31,1,-1,-1,-1
153,26,1779.68,372.77,23.57,28.28,1,-1,-1,-1
153,27,260.72,92.11,34.66,16.57,1,-1,-1,-1
154,15,1.22,573.63,243.31,219.81,1,-1,-1,-1
154,16,1536.57,491.17,157.65,200.93,1,-1,-1,-1
154,17,1467.77,580.84,109.16,95.06,1,-1,-1,-1
154,18,1640.26,120.32,97.97,80.85,1,-1,-1,-1
154,19,303.19,119.97,94.05,76.87,1,-1,-1,-1
154,20,257.43,366.84,154.19,116.00,1,-1,-1,-1
154,21,182.80,121.26,92.38,69.09,1,-1,-1,-1
154,22,338.53,56.02,63.11,22.92,1,-1,-1,-1
154,24,340.60,206.39,26.49,30.86,1,-1,-1,-1
154,25,217.27,64.95,37.95,20.31,1,-1,-1,-1
154,26,1779.56,372.75,23.55,28.30,1,-1,-1,-1
154,27,260.72,92.11,34.68,16.57,1,-1,-1,-1
155,15,-0.46,565.03,239.64,213.45,1,-1,-1,-1
155,16,1535.87,490.76,157.99,201.28,1,-1,-1,-1
155,17,1467.68,580.86,108.81,95.08,1,-1,-1,-1
155,18,1640.68,120.32,97.63,80.84,1,-1,-1,-1
155,19,303.17,120.00,94.11,76.97,1,-1,-1,-1
155,20,250.67,367.53,153.28,115.23,1,-1,-1,-1
155,21,182.84,121.30,92.32,69.13,1,-1,-1,-1
155,22,339.39,55.79,62.36,23.12,1,-1,-1,-1
155,24,340.58,206.40,26.24,30.82,1,-1,-1,-1
155,25,217.27,64.97,37.95,20.30,1,-1,-1,-1
155,26,1779.59,372.86,23.53,28.21,1,-1,-1,-1
155,27,260.72,92.12,34.69,16.57,1,-1,-1,-1
156,15,-0.45,563.03,236.81,208.79,1,-1,-1,-1
156,16,1536.18,490.81,157.84,201.35,1,-1,-1,-1
156,17,1467.69,580.86,108.53,95.09,1,-1,-1,-1
156,18,1640.84,120.29,97.41,80.84,1,-1,-1,-1
156,19,303.15,119.99,94.16,77.06,1,-1,-1,-1
156,20,248.49,367.95,152.56,114.62,1,-1,-1,-1
156,21,182.82,121.31,92.32,69.18,1,-1,-1,-1
156,22,339.84,55.67,61.81,23.27,1,-1,-1,-1
156,24,340.62,206.41,26.05,30.80,1,-1,-1,-1
156,25,217.28,64.96,37.94,20.29,1,-1,-1,-1
156,26,1779.61,372.92,23.51,28.13,1,-1,-1,-1
156,27,260.71,92.12,34.69,16.56,1,-1,-1,-1
157,15,-0.75,564.32,237.38,210.52,1,-1,-1,-1
157,16,1505.26,489.61,176.69,203.43,1,-1,-1,-1
157,18,1641.06,120.30,97.19,80.85,1,-1,-1,-1
157,19,303.19,119.97,94.19,77.09,1,-1,-1,-1
157,20,245.74,368.27,151.11,114.00,1,-1,-1,-1
157,21,182.82,121.28,92.35,69.17,1,-1,-1,-1
157,22,340.10,55.59,61.42,23.39,1,-1,-1,-1
157,24,340.63,206.49,25.74,30.80,1,-1,-1,-1
157,25,217.29,64.96,37.93,20.29,1,-1,-1,-1
157,26,1779.54,372.93,23.54,28.17,1,-1,-1,-1
157,27,260.71,92.12,34.69,16.56,1,-1,-1,-1
158,15,-0.71,559.72,238.70,210.09,1,-1,-1,-1
158,16,1519.01,479.97,170.10,186.77,1,-1,-1,-1
158,17,1467.56,580.91,107.83,94.99,1,-1,-1,-1
158,18,1641.02,120.33,97.10,80.97,1,-1,-1,-1
158,19,303.30,119.84,94.26,76.94,1,-1,-1,-1
158,20,240.54,369.74,151.58,112.98,1,-1,-1,-1
158,21,182.83,121.26,92.42,69.14,1,-1,-1,-1
158,22,340.27,55.54,61.13,23.48,1,-1,-1,-1
158,23,1832.58,377.85,46.67,24.13,1,-1,-1,-1
158,24,340.74,206.55,25.57,30.82,1,-1,-1,-1
158,25,217.29,64.95,37.93,20.30,1,-1,-1,-1
158,26,1779.54,372.84,23.49,28.25,1,-1,-1,-1
158,27,260.71,92.11,34.70,16.57,1,-1,-1,-1
159,15,1.21,553.65,240.90,206.86,1,-1,-1,-1
159,16,1525.91,479.27,164.57,175.06,1,-1,-1,-1
159,17,1467.69,580.98,107.57,95.07,1,-1,-1,-1
159,18,1640.83,120.32,97.15,81.07,1,-1,-1,-1
159,19,303.31,119.78,94.29,76.77,1,-1,-1,-1
159,20,237.49,370.66,152.21,111.63,1,-1,-1,-1
159,21,182.83,121.25,92.46,69.10,1,-1,-1,-1
159,22,340.37,55.51,60.92,23.54,1,-1,-1,-1
159,24,340.76,206.52,25.42,30.86,1,-1,-1,-1
159,25,217.29,64.95,37.92,20.30,1,-1,-1,-1
159,26,1779.58,372.91,23.50,28.26,1,-1,-1,-1
159,27,260.70,92.11,34.72,16.58,1,-1,-1,-1
160,15,1.53,552.04,242.37,204.54,1,-1,-1,-1
160,16,1529.78,481.02,160.26,166.49,1,-1,-1,-1
160,17,1467.74,581.03,107.31,95.14,1,-1,-1,-1
160,18,1640.54,120.27,97.28,81.12,1,-1,-1,-1
160,19,303.25,119.76,94.28,76.59,1,-1,-1,-1
160,20,236.41,371.29,152.60,110.60,1,-1,-1,-1
160,21,182.84,121.26,92.49,69.10,1,-1,-1,-1
160,22,340.43,55.49,60.77,23.58,1,-1,-1,-1
160,25,217.30,64.95,37.92,20.30,1,-1,-1,-1
160,26,1779.56,372.93,23.51,28.23,1,-1,-1,-1
160,27,260.70,92.10,34.73,16.59,1,-1,-1,-1
161,15,-3.23,546.81,235.27,198.26,1,-1,-1,-1
161,16,1532.68,493.54,160.42,175.45,1,-1,-1,-1
161,17,1467.81,581.02,107.03,95.14,1,-1,-1,-1
161,18,1640.42,120.21,97.38,81.14,1,-1,-1,-1
161,19,303.18,119.75,94.25,76.40,1,-1,-1,-1
161,20,236.26,371.34,152.67,110.38,1,-1,-1,-1
161,21,182.83,121.28,92.56,69.13,1,-1,-1,-1
161,22,340.51,55.48,60.63,23.61,1,-1,-1,-1
161,25,217.30,64.96,37.91,20.29,1,-1,-1,-1
161,26,1779.56,372.91,23.50,28.24,1,-1,-1,-1
161,27,260.70,92.10,34.74,16.59,1,-1,-1,-1
162,15,-6.59,544.17,226.27,193.70,1,-1,-1,-1
162,16,1533.09,486.56,157.45,166.77,1,-1,-1,-1
162,17,1468.01,581.08,107.00,95.17,1,-1,-1,-1
162,18,1640.31,120.17,97.49,81.13,1,-1,-1,-1
162,19,303.10,119.80,94.19,76.32,1,-1,-1,-1
162,20,236.61,371.54,152.44,110.31,1,-1,-1,-1
162,21,182.83,121.28,92.61,69.15,1,-1,-1,-1
162,22,340.53,55.47,60.56,23.62,1,-1,-1,-1
162,24,340.45,206.60,25.07,30.77,1,-1,-1,-1
162,25,217.31,64.96,37.90,20.28,1,-1,-1,-1
162,26,1779.58,372.93,23.51,28.22,1,-1,-1,-1
162,27,260.70,92.10,34.73,16.58,1,-1,-1,-1
163,15,3.41,540.79,224.29,189.35,1,-1,-1,-1
163,16,1534.45,495.50,158.41,175.76,1,-1,-1,-1
163,17,1468.01,581.09,106.92,95.22,1,-1,-1,-1
163,18,1640.09,120.19,97.65,81.15,1,-1,-1,-1
163,19,303.10,119.87,94.13,76.31,1,-1,-1,-1
163,20,239.23,371.62,151.46,110.97,1,-1,-1,-1
163,21,182.83,121.28,92.64,69.17,1,-1,-1,-1
163,22,340.54,55.47,60.51,23.64,1,-1,-1,-1
163,24,340.41,206.55,24.99,30.87,1,-1,-1,-1
163,25,217.32,64.96,37.90,20.28,1,-1,-1,-1
163,26,1779.56,372.85,23.51,28.29,1,-1,-1,-1
163,27,260.70,92.10,34.73,16.58,1,-1,-1,-1
164,15,-6.54,538.83,213.33,188.34,1,-1,-1,-1
164,16,1533.71,487.25,155.46,166.98,1,-1,-1,-1
164,17,1467.61,581.05,106.39,95.22,1,-1,-1,-1
164,18,1640.44,120.10,97.50,81.00,1,-1,-1,-1
164,19,303.09,119.83,94.05,76.14,1,-1,-1,-1
164,20,242.57,371.88,149.75,111.41,1,-1,-1,-1
164,21,182.77,121.25,92.65,69.15,1,-1,-1,-1
164,22,340.57,55.45,60.46,23.65,1,-1,-1,-1
164,25,217.30,64.97,37.89,20.27,1,-1,-1,-1
164,26,1779.67,372.88,23.51,28.21,1,-1,-1,-1
164,27,260.69,92.09,34.72,16.57,1,-1,-1,-1
165,15,-1.33,537.13,216.31,187.52,1,-1,-1,-1
165,16,1535.72,496.06,156.51,175.83,1,-1,-1,-1
165,17,1467.44,580.99,105.83,95.18,1,-1,-1,-1
165,18,1640.42,120.11,97.48,80.94,1,-1,-1,-1
165,19,303.08,119.78,93.98,75.92,1,-1,-1,-1
165,20,245.95,371.71,148.45,111.67,1,-1,-1,-1
165,21,182.74,121.25,92.66,69.15,1,-1,-1,-1
165,22,340.58,55.44,60.42,23.66,1,-1,-1,-1
165,25,217.30,64.97,37.89,20.27,1,-1,-1,-1
165,26,1779.71,372.94,23.47,28.12,1,-1,-1,-1
165,27,260.69,92.09,34.72,16.57,1,-1,-1,-1
166,15,-1.82,535.05,215.12,185.79,1,-1,-1,-1
166,16,1535.80,497.52,157.39,182.77,1,-1,-1,-1
166,17,1467.32,581.03,105.36,95.24,1,-1,-1,-1
166,18,1640.48,120.14,97.40,80.91,1,-1,-1,-1
166,19,303.12,119.84,93.92,75.83,1,-1,-1,-1
166,20,249.36,372.24,148.23,111.64,1,-1,-1,-1
166,21,182.72,121.28,92.67,69.09,1,-1,-1,-1
166,22,340.58,55.44,60.41,23.67,1,-1,-1,-1
166,25,217.29,64.97,37.89,20.27,1,-1,-1,-1
166,26,1779.87,373.04,23.42,28.00,1,-1,-1,-1
166,27,260.68,92.08,34.73,16.57,1,-1,-1,-1
167,15,-1.80,534.71,214.22,184.50,1,-1,-1,-1
167,16,1535.71,496.72,157.89,187.98,1,-1,-1,-1
167,17,1467.44,581.00,105.01,95.29,1,-1,-1,-1
167,18,1640.48,120.18,97.37,80.89,1,-1,-1,-1
167,19,303.15,119.85,93.91,75.76,1,-1,-1,-1
167,20,250.78,372.45,148.05,111.60,1,-1,-1,-1
167,21,182.65,121.36,92.74,69.04,1,-1,-1,-1
167,22,340.56,55.44,60.41,23.67,1,-1,-1,-1
167,25,217.28,64.99,37.91,20.25,1,-1,-1,-1
167,26,1779.94,373.08,23.39,27.90,1,-1,-1,-1
167,27,260.72,92.07,34.74,16.57,1,-1,-1,-1
168,15,1.21,530.11,213.92,179.68,1,-1,-1,-1
168,16,1535.47,495.52,158.21,191.82,1,-1,-1,-1
168,17,1467.85,580.86,105.26,95.27,1,-1,-1,-1
168,18,1640.00,120.16,97.68,80.87,1,-1,-1,-1
168,19,303.18,119.81,94.04,75.65,1,-1,-1,-1
168,20,256.05,371.33,146.94,111.92,1,-1,-1,-1
168,21,182.62,121.39,92.84,68.97,1,-1,-1,-1
168,22,340.53,55.44,60.44,23.68,1,-1,-1,-1
168,25,217.27,64.99,37.93,20.25,1,-1,-1,-1
168,26,1779.84,373.17,23.46,27.84,1,-1,-1,-1
168,27,260.74,92.08,34.74,16.56,1,-1,-1,-1
169,15,2.50,528.67,213.11,176.38,1,-1,-1,-1
169,16,1536.10,494.57,157.90,194.51,1,-1,-1,-1
169,17,1467.87,580.93,105.25,95.26,1,-1,-1,-1
169,18,1639.53,120.17,98.05,80.91,1,-1,-1,-1
169,19,303.19,119.89,94.12,75.67,1,-1,-1,-1
169,20,258.61,370.92,146.20,112.13,1,-1,-1,-1
169,21,182.59,121.42,92.93,68.95,1,-1,-1,-1
169,22,340.55,55.45,60.42,23.67,1,-1,-1,-1
169,25,217.27,64.99,37.95,20.25,1,-1,-1,-1
169,26,1779.77,373.19,23.51,27.79,1,-1,-1,-1
169,27,260.74,92.09,34.74,16.55,1,-1,-1,-1
170,15,3.47,527.63,215.68,178.37,1,-1,-1,-1
170,16,1534.20,484.06,157.12,180.39,1,-1,-1,-1
170,17,1468.16,580.84,105.79,95.13,1,-1,-1,-1
170,18,1639.39,120.12,98.25,80.90,1,-1,-1,-1
170,19,303.35,119.43,94.90,74.60,1,-1,-1,-1
170,20,260.98,370.84,145.41,112.07,1,-1,-1,-1
170,21,182.57,121.46,93.04,68.92,1,-1,-1,-1
170,22,340.55,55.45,60.43,23.68,1,-1,-1,-1
170,25,217.25,64.99,37.97,20.25,1,-1,-1,-1
170,26,1779.61,373.50,23.68,27.87,1,-1,-1,-1
170,27,260.76,92.09,34.75,16.56,1,-1,-1,-1
171,15,5.33,523.01,216.68,179.12,1,-1,-1,-1
171,16,1504.98,490.82,175.68,188.71,1,-1,-1,-1
171,18,1639.38,120.11,98.35,80.91,1,-1,-1,-1
171,19,303.25,119.42,95.49,73.82,1,-1,-1,-1
171,20,262.32,370.51,144.82,112.23,1,-1,-1,-1
171,21,182.53,121.48,93.11,68.91,1,-1,-1,-1
171,22,340.55,55.45,60.43,23.69,1,-1,-1,-1
171,25,217.24,64.99,37.99,20.25,1,-1,-1,-1
171,26,1779.61,373.58,23.73,27.88,1,-1,-1,-1
171,27,260.76,92.09,34.76,16.56,1,-1,-1,-1
172,15,6.87,518.51,221.77,179.39,1,-1,-1,-1
172,16,1491.48,492.47,188.62,193.86,1,-1,-1,-1
172,18,1639.32,120.05,98.39,80.84,1,-1,-1,-1
172,19,303.11,119.55,96.03,73.27,1,-1,-1,-1
172,20,262.17,370.50,144.46,112.29,1,-1,-1,-1
172,21,182.41,121.48,93.27,68.95,1,-1,-1,-1
172,22,340.54,55.45,60.43,23.69,1,-1,-1,-1
172,25,217.24,64.99,37.99,20.25,1,-1,-1,-1
172,26,1779.64,373.37,23.78,27.87,1,-1,-1,-1
172,27,260.75,92.10,34.75,16.55,1,-1,-1,-1
173,15,6.63,516.87,226.12,179.59,1,-1,-1,-1
173,16,1483.89,492.39,198.14,197.24,1,-1,-1,-1
173,18,1639.31,120.04,98.41,80.78,1,-1,-1,-1
173,19,302.95,119.69,96.42,72.86,1,-1,-1,-1
173,20,262.13,370.54,144.19,112.32,1,-1,-1,-1
173,21,182.33,121.48,93.37,68.98,1,-1,-1,-1
173,22,340.53,55.45,60.44,23.69,1,-1,-1,-1
173,25,217.24,64.99,38.00,20.25,1,-1,-1,-1
173,26,1779.63,373.29,23.81,27.81,1,-1,-1,-1
173,27,260.76,92.10,34.74,16.55,1,-1,-1,-1
174,15,6.10,512.70,228.54,179.09,1,-1,-1,-1
174,16,1479.36,491.76,205.09,199.54,1,-1,-1,-1
174,18,1639.54,120.08,98.28,80.77,1,-1,-1,-1
174,19,302.84,119.85,96.70,72.62,1,-1,-1,-1
174,20,256.90,370.90,144.89,112.11,1,-1,-1,-1
174,21,182.26,121.44,93.43,68.97,1,-1,-1,-1
174,22,340.53,55.45,60.44,23.70,1,-1,-1,-1
174,25,217.23,64.99,38.00,20.25,1,-1,-1,-1
174,26,1779.77,373.38,23.67,27.74,1,-1,-1,-1
174,27,260.76,92.10,34.74,16.55,1,-1,-1,-1
175,15,6.29,509.67,228.57,177.82,1,-1,-1,-1
175,16,1477.57,491.15,209.49,201.08,1,-1,-1,-1
175,18,1639.62,120.13,98.22,80.80,1,-1,-1,-1
175,19,302.80,119.97,96.95,72.50,1,-1,-1,-1
175,20,252.77,371.37,145.19,111.94,1,-1,-1,-1
175,21,182.20,121.46,93.50,68.99,1,-1,-1,-1
175,22,340.54,55.45,60.43,23.70,1,-1,-1,-1
175,25,217.23,64.98,38.01,20.26,1,-1,-1,-1
175,26,1779.84,373.39,23.54,27.64,1,-1,-1,-1
175,27,260.75,92.10,34.75,16.55,1,-1,-1,-1
176,15,11.96,506.85,227.84,175.65,1,-1,-1,-1
176,16,1474.22,490.65,213.90,202.21,1,-1,-1,-1
176,18,1639.52,120.12,98.26,80.81,1,-1,-1,-1
176,19,302.77,120.03,97.18,72.38,1,-1,-1,-1
176,20,247.89,371.89,145.77,111.89,1,-1,-1,-1
176,21,182.20,121.47,93.54,68.97,1,-1,-1,-1
176,22,340.56,55.45,60.43,23.71,1,-1,-1,-1
176,25,217.23,64.98,38.01,20.26,1,-1,-1,-1
176,26,1779.80,373.37,23.52,27.70,1,-1,-1,-1
176,27,260.75,92.10,34.76,16.55,1,-1,-1,-1
177,15,19.37,503.89,230.76,172.64,1,-1,-1,-1
177,16,1472.22,490.15,217.10,203.06,1,-1,-1,-1
177,18,1639.66,120.12,98.19,80.81,1,-1,-1,-1
177,19,302.73,120.05,97.33,72.25,1,-1,-1,-1
177,20,241.20,372.62,146.98,111.52,1,-1,-1,-1
177,21,182.17,121.45,93.59,68.93,1,-1,-1,-1
177,22,340.57,55.45,60.42,23.71,1,-1,-1,-1
177,25,217.23,64.98,38.01,20.27,1,-1,-1,-1
177,26,1779.92,373.27,23.51,27.66,1,-1,-1,-1
177,27,260.75,92.10,34.76,16.56,1,-1,-1,-1
178,15,22.22,503.36,232.68,170.54,1,-1,-1,-1
178,16,1471.74,489.88,219.03,203.64,1,-1,-1,-1
178,18,1639.68,120.10,98.16,80.79,1,-1,-1,-1
178,19,302.66,120.09,97.38,72.17,1,-1,-1,-1
178,20,238.51,373.00,147.86,111.23,1,-1,-1,-1
178,21,182.15,121.45,93.64,68.90,1,-1,-1,-1
178,22,340.58,55.45,60.41,23.72,1,-1,-1,-1
178,25,217.23,64.97,38.01,20.27,1,-1,-1,-1
178,26,1779.95,373.26,23.50,27.65,1,-1,-1,-1
178,27,260.75,92.10,34.76,16.57,1,-1,-1,-1
179,15,32.42,498.49,230.83,168.80,1,-1,-1,-1
179,16,1472.13,489.68,219.93,204.03,1,-1,-1,-1
179,18,1639.68,120.10,98.13,80.77,1,-1,-1,-1
179,19,302.34,120.60,96.73,73.08,1,-1,-1,-1
179,20,228.59,373.06,148.64,111.27,1,-1,-1,-1
179,21,182.13,121.43,93.64,68.86,1,-1,-1,-1
179,22,340.59,55.45,60.39,23.70,1,-1,-1,-1
179,25,217.23,64.98,38.01,20.26,1,-1,-1,-1
179,26,1779.97,373.31,23.40,27.58,1,-1,-1,-1
179,27,260.75,92.10,34.74,16.55,1,-1,-1,-1
180,15,38.22,495.85,233.48,167.31,1,-1,-1,-1
180,16,1499.63,479.84,203.46,192.03,1,-1,-1,-1
180,17,1468.20,580.83,106.31,94.99,1,-1,-1,-1
180,18,1639.79,120.10,98.04,80.73,1,-1,-1,-1
180,19,302.59,120.12,96.83,72.70,1,-1,-1,-1
180,20,219.92,372.61,149.43,111.77,1,-1,-1,-1
180,21,182.13,121.44,93.63,68.86,1,-1,-1,-1
180,22,340.58,55.45,60.38,23.70,1,-1,-1,-1
180,25,217.23,64.98,38.01,20.26,1,-1,-1,-1
180,26,1780.01,373.40,23.29,27.50,1,-1,-1,-1
180,27,260.76,92.11,34.73,16.55,1,-1,-1,-1
181,15,39.80,495.17,235.45,166.25,1,-1,-1,-1
181,16,1512.74,477.44,190.64,180.90,1,-1,-1,-1
181,17,1467.96,580.78,106.65,95.18,1,-1,-1,-1
181,18,1639.94,120.09,97.90,80.67,1,-1,-1,-1
181,19,302.66,120.01,96.93,72.43,1,-1,-1,-1
181,20,216.59,372.37,149.97,112.08,1,-1,-1,-1
181,21,182.14,121.45,93.62,68.87,1,-1,-1,-1
181,22,340.59,55.46,60.37,23.69,1,-1,-1,-1
181,25,217.23,64.98,38.01,20.26,1,-1,-1,-1
181,26,1779.90,373.34,23.34,27.53,1,-1,-1,-1
181,27,260.76,92.11,34.72,16.55,1,-1,-1,-1
182,15,51.72,490.68,229.83,166.24,1,-1,-1,-1
182,16,1519.68,478.39,180.29,171.80,1,-1,-1,-1
182,17,1467.77,580.77,106.56,95.21,1,-1,-1,-1
182,18,1639.92,120.11,97.91,80.68,1,-1,-1,-1
182,19,302.43,120.40,96.36,73.10,1,-1,-1,-1
182,20,203.34,371.93,151.12,112.52,1,-1,-1,-1
182,21,182.17,121.45,93.61,68.86,1,-1,-1,-1
182,22,340.60,55.46,60.36,23.69,1,-1,-1,-1
182,25,217.23,64.99,38.00,20.26,1,-1,-1,-1
182,26,1779.79,373.31,23.41,27.56,1,-1,-1,-1
182,27,260.76,92.11,34.72,16.54,1,-1,-1,-1
183,15,62.00,487.71,227.58,164.98,1,-1,-1,-1
183,16,1496.73,490.56,192.41,181.59,1,-1,-1,-1
183,18,1640.03,120.12,97.83,80.67,1,-1,-1,-1
183,19,302.75,120.03,96.53,72.67,1,-1,-1,-1
183,20,192.92,371.67,152.57,113.11,1,-1,-1,-1
183,21,182.20,121.45,93.59,68.84,1,-1,-1,-1
183,22,340.59,55.46,60.37,23.70,1,-1,-1,-1
183,25,217.23,64.98,38.01,20.27,1,-1,-1,-1
183,26,1779.74,373.30,23.47,27.60,1,-1,-1,-1
183,27,260.76,92.11,34.73,16.55,1,-1,-1,-1
184,15,69.20,484.76,227.16,164.82,1,-1,-1,-1
184,16,1485.46,493.73,201.26,188.28,1,-1,-1,-1
184,18,1640.05,120.15,97.79,80.72,1,-1,-1,-1
184,19,302.64,120.35,96.03,73.26,1,-1,-1,-1
184,20,180.61,372.09,152.93,113.09,1,-1,-1,-1
184,21,182.21,121.45,93.58,68.82,1,-1,-1,-1
184,22,340.60,55.46,60.37,23.70,1,-1,-1,-1
184,25,217.23,64.97,38.01,20.28,1,-1,-1,-1
184,26,1779.61,373.17,23.62,27.70,1,-1,-1,-1
184,27,260.76,92.11,34.74,16.56,1,-1,-1,-1
185,15,71.85,483.80,226.85,164.72,1,-1,-1,-1
185,16,1480.07,493.86,207.32,192.94,1,-1,-1,-1
185,18,1640.07,120.15,97.76,80.75,1,-1,-1,-1
185,19,302.63,120.34,95.66,73.66,1,-1,-1,-1
185,20,176.02,372.23,153.20,113.07,1,-1,-1,-1
185,21,182.20,121.44,93.49,68.81,1,-1,-1,-1
185,22,340.59,55.46,60.38,23.71,1,-1,-1,-1
185,25,217.21,64.97,38.01,20.28,1,-1,-1,-1
185,26,1779.51,373.10,23.76,27.81,1,-1,-1,-1
185,27,260.75,92.10,34.74,16.56,1,-1,-1,-1
186,15,87.56,479.04,222.16,163.24,1,-1,-1,-1
186,16,1477.87,493.15,211.22,196.24,1,-1,-1,-1
186,18,1639.95,120.14,97.82,80.79,1,-1,-1,-1
186,19,302.66,120.17,95.39,73.81,1,-1,-1,-1
186,20,163.77,370.27,156.08,114.46,1,-1,-1,-1
186,21,182.25,121.43,93.47,68.78,1,-1,-1,-1
186,22,340.60,55.45,60.37,23.71,1,-1,-1,-1
186,25,217.21,64.97,38.01,20.28,1,-1,-1,-1
186,26,1779.61,373.06,23.75,27.88,1,-1,-1,-1
186,27,260.75,92.10,34.73,16.56,1,-1,-1,-1
187,15,103.97,476.91,220.93,159.67,1,-1,-1,-1
187,16,1476.36,492.25,214.03,198.63,1,-1,-1,-1
187,18,1639.96,120.14,97.84,80.82,1,-1,-1,-1
187,19,302.73,120.03,95.15,73.85,1,-1,-1,-1
187,20,153.05,370.09,159.03,114.86,1,-1,-1,-1
187,21,182.28,121.44,93.48,68.74,1,-1,-1,-1
187,22,340.60,55.45,60.37,23.71,1,-1,-1,-1
187,25,217.22,64.97,38.01,20.28,1,-1,-1,-1
187,26,1779.53,372.99,23.83,27.93,1,-1,-1,-1
187,27,260.76,92.10,34.72,16.56,1,-1,-1,-1
188,15,110.11,476.84,220.08,157.08,1,-1,-1,-1
188,16,1475.51,491.47,215.93,200.36,1,-1,-1,-1
188,18,1639.96,120.12,97.84,80.82,1,-1,-1,-1
188,19,302.70,119.94,94.84,73.85,1,-1,-1,-1
188,20,148.65,369.70,161.21,115.29,1,-1,-1,-1
188,21,182.21,121.44,93.53,68.71,1,-1,-1,-1
188,22,340.60,55.45,60.37,23.71,1,-1,-1,-1
188,25,217.21,64.97,38.00,20.28,1,-1,-1,-1
188,26,1779.50,372.99,23.91,27.96,1,-1,-1,-1
188,27,260.75,92.10,34.72,16.57,1,-1,-1,-1
189,15,128.12,475.61,220.73,154.67,1,-1,-1,-1
189,16,1474.03,490.86,217.94,201.63,1,-1,-1,-1
189,18,1640.02,120.08,97.75,80.78,1,-1,-1,-1
189,19,302.78,119.99,94.66,73.99,1,-1,-1,-1
189,20,134.45,372.87,161.25,114.70,1,-1,-1,-1
189,21,182.19,121.44,93.57,68.68,1,-1,-1,-1
189,22,340.59,55.45,60.38,23.72,1,-1,-1,-1
189,25,217.20,64.97,38.01,20.28,1,-1,-1,-1
189,26,1779.45,373.01,23.98,27.96,1,-1,-1,-1
189,27,260.75,92.10,34.72,16.57,1,-1,-1,-1
190,15,135.92,475.69,220.06,152.93,1,-1,-1,-1
190,16,1473.42,490.40,219.22,202.50,1,-1,-1,-1
190,18,1640.13,120.09,97.65,80.75,1,-1,-1,-1
190,19,302.85,119.97,94.51,74.07,1,-1,-1,-1
190,20,128.79,373.78,160.28,114.39,1,-1,-1,-1
190,21,182.17,121.44,93.59,68.64,1,-1,-1,-1
190,22,340.58,55.45,60.38,23.73,1,-1,-1,-1
190,25,217.22,64.97,38.01,20.28,1,-1,-1,-1
190,26,1779.45,372.99,24.01,27.95,1,-1,-1,-1
190,27,260.75,92.10,34.72,16.58,1,-1,-1,-1
191,15,143.03,467.20,219.62,156.25,1,-1,-1,-1
191,16,1473.51,490.16,219.82,203.10,1,-1,-1,-1
191,18,1640.40,120.07,97.48,80.70,1,-1,-1,-1
191,19,302.85,119.98,94.37,74.18,1,-1,-1,-1
191,20,120.71,372.56,157.07,114.51,1,-1,-1,-1
191,21,182.06,121.43,93.66,68.63,1,-1,-1,-1
191,22,340.58,55.45,60.38,23.72,1,-1,-1,-1
191,25,217.22,64.98,38.02,20.28,1,-1,-1,-1
191,26,1779.51,373.09,23.98,27.86,1,-1,-1,-1
191,27,260.76,92.10,34.71,16.57,1,-1,-1,-1
192,15,155.01,464.14,216.64,155.95,1,-1,-1,-1
192,16,1499.85,478.73,203.00,189.87,1,-1,-1,-1
192,17,1467.28,580.82,104.84,94.91,1,-1,-1,-1
192,18,1640.37,119.99,97.45,80.54,1,-1,-1,-1
192,19,302.91,119.97,94.25,74.27,1,-1,-1,-1
192,20,105.81,368.52,158.00,116.84,1,-1,-1,-1
192,21,182.06,121.40,93.64,68.57,1,-1,-1,-1
192,22,340.62,55.44,60.36,23.72,1,-1,-1,-1
192,25,217.21,64.98,38.01,20.28,1,-1,-1,-1
192,26,1779.50,373.12,23.92,27.74,1,-1,-1,-1
192,27,260.76,92.10,34.70,16.57,1,-1,-1,-1
193,15,160.48,463.47,214.34,155.67,1,-1,-1,-1
193,16,1513.60,478.10,190.52,180.65,1,-1,-1,-1
193,17,1467.24,580.17,105.36,95.39,1,-1,-1,-1
193,18,1640.52,119.98,97.35,80.42,1,-1,-1,-1
193,19,302.99,119.97,94.13,74.37,1,-1,-1,-1
193,20,99.90,366.29,159.02,118.86,1,-1,-1,-1
193,21,182.06,121.41,93.60,68.53,1,-1,-1,-1
193,22,340.63,55.45,60.35,23.73,1,-1,-1,-1
193,25,217.22,64.98,38.01,20.28,1,-1,-1,-1
193,26,1779.52,373.16,23.85,27.64,1,-1,-1,-1
193,27,260.76,92.10,34.71,16.57,1,-1,-1,-1
194,15,177.83,457.88,207.83,156.62,1,-1,-1,-1
194,16,1520.69,478.86,180.58,172.21,1,-1,-1,-1
194,17,1466.99,580.06,105.29,95.50,1,-1,-1,-1
194,18,1640.56,120.05,97.32,80.38,1,-1,-1,-1
194,19,302.88,119.66,94.07,74.00,1,-1,-1,-1
194,20,84.57,366.84,158.84,119.30,1,-1,-1,-1
194,21,182.09,121.41,93.57,68.48,1,-1,-1,-1
194,22,340.65,55.45,60.33,23.72,1,-1,-1,-1
194,25,217.20,64.98,38.00,20.27,1,-1,-1,-1
194,26,1779.53,373.20,23.81,27.54,1,-1,-1,-1
194,27,260.76,92.11,34.69,16.56,1,-1,-1,-1
195,15,185.97,456.27,205.29,155.89,1,-1,-1,-1
195,16,1525.37,481.09,173.17,166.05,1,-1,-1,-1
195,17,1466.88,580.05,105.20,95.52,1,-1,-1,-1
195,18,1640.44,120.05,97.36,80.27,1,-1,-1,-1
195,19,302.84,119.56,94.01,73.66,1,-1,-1,-1
195,20,73.08,371.87,158.92,117.19,1,-1,-1,-1
195,21,182.12,121.38,93.47,68.40,1,-1,-1,-1
195,22,340.67,55.45,60.30,23.70,1,-1,-1,-1
195,25,217.22,65.00,37.99,20.26,1,-1,-1,-1
195,26,1779.61,373.28,23.72,27.47,1,-1,-1,-1
195,27,260.78,92.11,34.67,16.55,1,-1,-1,-1
196,15,189.29,456.13,203.42,155.22,1,-1,-1,-1
196,16,1528.69,483.48,167.95,161.85,1,-1,-1,-1
196,17,1466.87,580.05,105.14,95.55,1,-1,-1,-1
196,18,1640.32,120.09,97.43,80.23,1,-1,-1,-1
196,19,302.84,119.59,93.99,73.43,1,-1,-1,-1
196,20,68.88,374.17,159.01,115.64,1,-1,-1,-1
196,21,182.16,121.40,93.42,68.37,1,-1,-1,-1
196,22,340.68,55.46,60.29,23.69,1,-1,-1,-1
196,25,217.23,65.00,37.98,20.25,1,-1,-1,-1
196,26,1779.66,373.33,23.67,27.39,1,-1,-1,-1
196,27,260.78,92.11,34.66,16.54,1,-1,-1,-1
197,15,192.83,454.83,202.04,155.29,1,-1,-1,-1
197,16,1530.51,484.79,163.68,158.14,1,-1,-1,-1
197,17,1466.96,579.92,105.18,95.54,1,-1,-1,-1
197,18,1640.27,120.09,97.49,80.17,1,-1,-1,-1
197,19,302.84,119.69,93.97,73.33,1,-1,-1,-1
197,20,61.41,375.79,158.83,115.15,1,-1,-1,-1
197,21,182.22,121.41,93.36,68.34,1,-1,-1,-1
197,22,340.69,55.46,60.27,23.68,1,-1,-1,-1
197,25,217.22,65.01,37.97,20.24,1,-1,-1,-1
197,26,1779.60,373.30,23.69,27.40,1,-1,-1,-1
197,27,260.78,92.11,34.64,16.53,1,-1,-1,-1
198,15,198.34,434.35,204.52,164.55,1,-1,-1,-1
198,16,1532.63,487.15,161.59,156.99,1,-1,-1,-1
198,17,1467.01,579.84,105.16,95.53,1,-1,-1,-1
198,18,1640.24,120.11,97.54,80.13,1,-1,-1,-1
198,19,303.01,119.89,93.92,73.46,1,-1,-1,-1
198,20,47.15,375.95,158.01,114.06,1,-1,-1,-1
198,21,182.21,121.41,93.36,68.32,1,-1,-1,-1
198,22,340.68,55.46,60.26,23.68,1,-1,-1,-1
198,25,217.24,65.01,37.97,20.23,1,-1,-1,-1
198,26,1779.62,373.29,23.68,27.40,1,-1,-1,-1
198,27,260.79,92.12,34.63,16.52,1,-1,-1,-1
199,15,199.20,416.40,206.75,176.23,1,-1,-1,-1
199,16,1532.73,486.42,158.44,153.53,1,-1,-1,-1
199,17,1467.14,579.78,105.30,95.46,1,-1,-1,-1
199,18,1640.18,120.17,97.60,80.19,1,-1,-1,-1
199,19,303.09,119.96,93.88,73.59,1,-1,-1,-1
199,20,42.15,375.95,157.40,113.47,1,-1,-1,-1
199,21,182.22,121.42,93.35,68.32,1,-1,-1,-1
199,22,340.68,55.46,60.26,23.67,1,-1,-1,-1
199,25,217.24,65.02,37.96,20.23,1,-1,-1,-1
199,26,1779.59,373.26,23.70,27.43,1,-1,-1,-1
199,27,260.79,92.12,34.63,16.52,1,-1,-1,-1
200,15,202.45,432.55,202.92,168.06,1,-1,-1,-1
200,16,1533.30,487.29,156.31,151.80,1,-1,-1,-1
200,17,1467.41,579.71,105.72,95.46,1,-1,-1,-1
200,18,1640.15,120.17,97.65,80.20,1,-1,-1,-1
200,19,303.06,120.28,93.97,74.14,1,-1,-1,-1
200,20,18.04,371.39,162.79,116.79,1,-1,-1,-1
200,21,182.25,121.44,93.33,68.31,1,-1,-1,-1
200,22,340.66,55.46,60.27,23.67,1,-1,-1,-1
200,25,217.23,65.01,37.96,20.22,1,-1,-1,-1
200,26,1779.58,373.25,23.71,27.43,1,-1,-1,-1
200,27,260.79,92.12,34.62,16.51,1,-1,-1,-1
201,15,207.91,439.22,203.26,161.29,1,-1,-1,-1
201,16,1505.34,496.93,175.92,168.43,1,-1,-1,-1
201,18,1639.59,120.15,97.95,80.20,1,-1,-1,-1
201,19,302.99,120.29,94.08,74.53,1,-1,-1,-1
201,20,5.05,373.58,164.43,116.55,1,-1,-1,-1
201,21,182.26,121.45,93.32,68.32,1,-1,-1,-1
201,22,340.62,55.46,60.29,23.67,1,-1,-1,-1
201,25,217.24,65.01,37.96,20.22,1,-1,-1,-1
201,26,1779.58,373.23,23.72,27.45,1,-1,-1,-1
201,27,260.80,92.12,34.63,16.51,1,-1,-1,-1
202,15,209.23,442.99,203.47,156.52,1,-1,-1,-1
202,16,1492.61,498.36,188.73,179.26,1,-1,-1,-1
202,18,1639.35,120.14,98.15,80.19,1,-1,-1,-1
202,19,302.95,120.25,94.18,74.84,1,-1,-1,-1
202,20,0.17,374.36,165.66,116.43,1,-1,-1,-1
202,21,182.27,121.46,93.31,68.33,1,-1,-1,-1
202,22,340.61,55.46,60.31,23.67,1,-1,-1,-1
202,25,217.24,65.01,37.96,20.22,1,-1,-1,-1
202,26,1779.58,373.22,23.72,27.46,1,-1,-1,-1
202,27,260.80,92.12,34.63,16.51,1,-1,-1,-1
203,15,211.69,442.13,202.41,152.24,1,-1,-1,-1
203,16,1513.89,491.48,180.61,177.14,1,-1,-1,-1
203,17,1467.55,579.61,106.25,95.65,1,-1,-1,-1
203,18,1637.71,120.18,99.20,80.31,1,-1,-1,-1
203,19,302.89,120.10,94.28,74.95,1,-1,-1,-1
203,20,-6.37,376.37,160.96,115.74,1,-1,-1,-1
203,21,182.30,121.47,93.30,68.36,1,-1,-1,-1
203,22,340.58,55.46,60.33,23.66,1,-1,-1,-1
203,25,217.25,65.01,37.96,20.21,1,-1,-1,-1
203,26,1779.61,373.27,23.70,27.50,1,-1,-1,-1
203,27,260.80,92.12,34.62,16.50,1,-1,-1,-1
204,15,214.78,442.22,201.56,148.89,1,-1,-1,-1
204,16,1523.56,490.46,174.99,177.12,1,-1,-1,-1
204,17,1467.08,580.05,105.20,95.39,1,-1,-1,-1
204,18,1636.86,120.19,100.00,80.42,1,-1,-1,-1
204,19,302.80,120.07,94.34,75.10,1,-1,-1,-1
204,20,-9.95,377.63,154.92,114.94,1,-1,-1,-1
204,21,182.32,121.46,93.27,68.39,1,-1,-1,-1
204,22,340.56,55.46,60.35,23.65,1,-1,-1,-1
204,25,217.25,65.02,37.96,20.20,1,-1,-1,-1
204,26,1779.62,373.30,23.70,27.51,1,-1,-1,-1
204,27,260.80,92.12,34.61,16.49,1,-1,-1,-1
204,32,1754.64,765.77,167.70,207.64,1,-1,-1,-1
205,15,221.83,442.40,197.77,145.41,1,-1,-1,-1
205,16,1528.16,490.06,170.82,177.15,1,-1,-1,-1
205,17,1467.01,580.23,104.38,95.20,1,-1,-1,-1
205,18,1636.34,120.18,100.60,80.50,1,-1,-1,-1
205,19,302.76,120.06,94.43,75.25,1,-1,-1,-1
205,20,-11.58,378.09,148.13,114.36,1,-1,-1,-1
205,21,182.32,121.45,93.26,68.40,1,-1,-1,-1
205,22,340.55,55.47,60.35,23.65,1,-1,-1,-1
205,25,217.25,65.03,37.96,20.20,1,-1,-1,-1
205,26,1779.68,373.29,23.72,27.53,1,-1,-1,-1
205,27,260.80,92.12,34.60,16.48,1,-1,-1,-1
205,32,1745.24,785.36,172.91,202.45,1,-1,-1,-1
206,15,225.25,443.28,194.77,142.80,1,-1,-1,-1
206,16,1530.58,488.30,167.30,174.80,1,-1,-1,-1
206,17,1467.21,579.95,104.59,95.36,1,-1,-1,-1
206,18,1635.96,120.14,101.05,80.54,1,-1,-1,-1
206,19,302.72,120.02,94.47,75.36,1,-1,-1,-1
206,20,-10.71,378.28,143.18,113.95,1,-1,-1,-1
206,21,182.31,121.43,93.23,68.42,1,-1,-1,-1
206,22,340.56,55.47,60.36,23.64,1,-1,-1,-1
206,25,217.25,65.03,37.96,20.19,1,-1,-1,-1
206,26,1779.73,373.27,23.71,27.57,1,-1,-1,-1
206,27,260.81,92.13,34.60,16.47,1,-1,-1,-1
206,32,1742.75,790.05,175.31,199.57,1,-1,-1,-1
207,15,235.02,442.56,188.50,139.80,1,-1,-1,-1
207,16,1502.91,493.79,182.66,184.26,1,-1,-1,-1
207,18,1635.46,120.12,101.53,80.57,1,-1,-1,-1
207,19,302.80,120.06,94.47,75.57,1,-1,-1,-1
207,20,-13.38,376.18,133.51,114.07,1,-1,-1,-1
207,21,182.33,121.39,93.17,68.40,1,-1,-1,-1
207,22,340.56,55.47,60.36,23.65,1,-1,-1,-1
207,25,217.23,65.02,37.96,20.19,1,-1,-1,-1
207,26,1779.76,373.21,23.67,27.58,1,-1,-1,-1
207,27,260.80,92.13,34.59,16.47,1,-1,-1,-1
207,32,1725.57,788.25,186.41,189.53,1,-1,-1,-1
208,15,243.38,442.00,182.95,137.20,1,-1,-1,-1
208,16,1490.68,494.60,193.06,190.44,1,-1,-1,-1
208,18,1633.40,120.67,102.95,81.42,1,-1,-1,-1
208,19,302.84,120.01,94.44,75.67,1,-1,-1,-1
208,20,-13.90,376.34,124.29,113.34,1,-1,-1,-1
208,21,182.32,121.37,93.13,68.36,1,-1,-1,-1
208,22,340.55,55.47,60.36,23.64,1,-1,-1,-1
208,25,217.24,65.03,37.96,20.19,1,-1,-1,-1
208,26,1779.87,373.21,23.59,27.61,1,-1,-1,-1
208,27,260.81,92.13,34.59,16.47,1,-1,-1,-1
208,32,1713.70,793.55,198.12,193.90,1,-1,-1,-1
208,33,1878.67,946.32,40.61,135.99,1,-1,-1,-1
209,15,247.28,442.33,178.91,135.24,1,-1,-1,-1
209,16,1484.12,493.94,200.62,194.65,1,-1,-1,-1
209,18,1632.36,120.74,103.99,82.05,1,-1,-1,-1
209,19,302.87,119.96,94.44,75.74,1,-1,-1,-1
209,20,-12.22,376.76,117.57,112.62,1,-1,-1,-1
209,21,182.36,121.36,93.10,68.33,1,-1,-1,-1
209,22,340.55,55.47,60.36,23.64,1,-1,-1,-1
209,25,217.24,65.03,37.96,20.19,1,-1,-1,-1
209,26,1779.88,373.17,23.56,27.60,1,-1,-1,-1
209,27,260.81,92.13,34.59,16.47,1,-1,-1,-1
209,32,1708.71,795.20,204.77,195.34,1,-1,-1,-1
209,33,1878.13,946.95,41.43,135.02,1,-1,-1,-1
210,15,255.51,438.77,178.09,133.44,1,-1,-1,-1
210,16,1483.27,493.39,204.31,197.22,1,-1,-1,-1
210,18,1631.93,120.65,104.67,82.45,1,-1,-1,-1
210,19,302.85,120.04,94.47,75.95,1,-1,-1,-1
210,20,-12.80,377.08,108.81,111.03,1,-1,-1,-1
210,21,182.34,121.36,93.08,68.34,1,-1,-1,-1
210,22,340.54,55.47,60.37,23.64,1,-1,-1,-1
210,25,217.25,65.03,37.96,20.19,1,-1,-1,-1
210,26,1779.85,373.30,23.54,27.53,1,-1,-1,-1
210,27,260.81,92.13,34.59,16.46,1,-1,-1,-1
210,32,1700.81,796.71,213.20,197.08,1,-1,-1,-1
211,15,258.66,437.95,177.45,132.07,1,-1,-1,-1
211,16,1507.33,485.90,192.05,190.74,1,-1,-1,-1
211,17,1466.76,580.31,103.15,95.22,1,-1,-1,-1
211,18,1633.48,119.99,104.08,82.01,1,-1,-1,-1
211,19,302.89,120.03,94.47,76.10,1,-1,-1,-1
211,20,-11.22,378.00,102.45,109.74,1,-1,-1,-1
211,21,182.30,121.33,93.09,68.33,1,-1,-1,-1
211,22,340.54,55.47,60.37,23.64,1,-1,-1,-1
211,25,217.25,65.03,37.95,20.19,1,-1,-1,-1
211,26,1779.81,373.26,23.56,27.55,1,-1,-1,-1
211,27,260.78,92.13,34.60,16.47,1,-1,-1,-1
211,32,1697.12,797.26,218.42,197.40,1,-1,-1,-1
212,15,269.17,435.89,177.03,130.04,1,-1,-1,-1
212,16,1519.03,485.94,183.35,187.63,1,-1,-1,-1
212,17,1467.06,580.44,102.96,95.31,1,-1,-1,-1
212,18,1634.10,119.82,103.69,81.69,1,-1,-1,-1
212,19,302.97,120.04,94.47,76.26,1,-1,-1,-1
212,20,-11.98,381.41,93.89,107.83,1,-1,-1,-1
212,21,182.24,121.34,93.12,68.33,1,-1,-1,-1
212,22,340.53,55.47,60.38,23.65,1,-1,-1,-1
212,25,217.24,65.03,37.95,20.19,1,-1,-1,-1
212,26,1779.81,373.20,23.49,27.48,1,-1,-1,-1
212,27,260.77,92.14,34.61,16.47,1,-1,-1,-1
212,32,1743.24,749.00,189.20,184.69,1,-1,-1,-1
213,15,276.59,434.91,174.56,128.59,1,-1,-1,-1
213,16,1495.62,490.95,194.04,192.79,1,-1,-1,-1
213,18,1634.43,119.81,103.38,81.47,1,-1,-1,-1
213,19,303.03,119.95,94.44,76.30,1,-1,-1,-1
213,20,-10.74,384.06,87.38,105.71,1,-1,-1,-1
213,21,182.23,121.34,93.14,68.31,1,-1,-1,-1
213,22,340.52,55.47,60.39,23.66,1,-1,-1,-1
213,25,217.23,65.03,37.95,20.19,1,-1,-1,-1
213,26,1779.84,373.21,23.48,27.42,1,-1,-1,-1
213,27,260.77,92.14,34.62,16.47,1,-1,-1,-1
214,15,284.81,433.29,171.67,127.46,1,-1,-1,-1
214,16,1484.15,492.39,202.19,196.14,1,-1,-1,-1
214,18,1634.75,119.84,103.05,81.26,1,-1,-1,-1
214,19,303.02,119.87,94.41,76.28,1,-1,-1,-1
214,20,-10.16,385.15,80.78,104.16,1,-1,-1,-1
214,21,182.24,121.35,93.16,68.25,1,-1,-1,-1
214,22,340.52,55.47,60.40,23.66,1,-1,-1,-1
214,25,217.24,65.03,37.96,20.20,1,-1,-1,-1
214,26,1779.82,373.17,23.51,27.47,1,-1,-1,-1
214,27,260.76,92.13,34.64,16.49,1,-1,-1,-1
214,32,1698.10,802.70,212.07,193.46,1,-1,-1,-1
215,15,292.96,430.90,168.49,126.15,1,-1,-1,-1
215,16,1508.12,485.77,190.56,190.08,1,-1,-1,-1
215,17,1467.47,580.21,103.05,95.50,1,-1,-1,-1
215,18,1632.74,120.50,104.14,81.99,1,-1,-1,-1
215,19,303.06,119.89,94.34,76.33,1,-1,-1,-1
215,20,-9.01,385.58,75.34,103.62,1,-1,-1,-1
215,21,182.28,121.39,93.20,68.23,1,-1,-1,-1
215,22,340.50,55.46,60.41,23.66,1,-1,-1,-1
215,25,217.27,65.03,37.95,20.20,1,-1,-1,-1
215,26,1779.78,373.07,23.55,27.41,1,-1,-1,-1
215,27,260.74,92.12,34.66,16.48,1,-1,-1,-1
215,32,1679.36,826.88,233.27,218.21,1,-1,-1,-1
216,15,300.61,429.68,166.22,124.58,1,-1,-1,-1
216,16,1519.30,484.65,181.91,185.69,1,-1,-1,-1
216,17,1467.63,580.20,103.19,95.50,1,-1,-1,-1
216,18,1631.98,120.63,104.83,82.52,1,-1,-1,-1
216,19,303.07,120.06,94.33,76.63,1,-1,-1,-1
216,20,-7.75,386.85,70.94,103.31,1,-1,-1,-1
216,21,182.35,121.43,93.28,68.24,1,-1,-1,-1
216,22,340.48,55.46,60.44,23.67,1,-1,-1,-1
216,25,217.27,65.02,37.95,20.22,1,-1,-1,-1
216,26,1779.78,373.13,23.55,27.34,1,-1,-1,-1
216,27,260.74,92.12,34.68,16.49,1,-1,-1,-1
216,33,1851.39,914.19,65.62,171.08,1,-1,-1,-1
217,15,309.92,427.25,163.94,123.33,1,-1,-1,-1
217,16,1525.15,486.83,175.84,184.37,1,-1,-1,-1
217,17,1467.83,579.72,104.27,96.06,1,-1,-1,-1
217,18,1631.68,120.54,105.27,82.84,1,-1,-1,-1
217,19,303.14,120.04,94.27,76.80,1,-1,-1,-1
217,20,-6.78,386.67,67.11,103.61,1,-1,-1,-1
217,21,182.36,121.46,93.31,68.27,1,-1,-1,-1
217,22,340.47,55.46,60.45,23.68,1,-1,-1,-1
217,25,217.28,65.01,37.95,20.23,1,-1,-1,-1
217,26,1779.78,373.10,23.51,27.32,1,-1,-1,-1
217,27,260.73,92.12,34.69,16.49,1,-1,-1,-1
217,32,1666.90,838.94,248.50,234.12,1,-1,-1,-1
218,15,317.08,425.10,160.84,122.06,1,-1,-1,-1
218,16,1528.35,486.87,171.06,181.93,1,-1,-1,-1
218,17,1467.67,579.44,104.92,96.37,1,-1,-1,-1
218,18,1631.07,120.45,105.84,83.14,1,-1,-1,-1
218,19,303.13,120.06,94.24,77.02,1,-1,-1,-1
218,20,-5.63,386.57,64.24,103.46,1,-1,-1,-1
218,21,182.37,121.45,93.33,68.29,1,-1,-1,-1
218,22,340.47,55.46,60.46,23.69,1,-1,-1,-1
218,25,217.28,65.01,37.94,20.23,1,-1,-1,-1
218,26,1779.81,373.09,23.47,27.27,1,-1,-1,-1
218,27,260.72,92.12,34.71,16.50,1,-1,-1,-1
219,15,323.70,423.85,157.00,121.09,1,-1,-1,-1
219,16,1530.49,487.52,167.66,180.34,1,-1,-1,-1
219,17,1467.38,579.30,105.14,96.39,1,-1,-1,-1
219,18,1630.98,120.33,106.11,83.36,1,-1,-1,-1
219,19,303.17,119.94,94.21,77.05,1,-1,-1,-1
219,20,-4.49,386.57,62.24,103.48,1,-1,-1,-1
219,21,182.39,121.42,93.34,68.32,1,-1,-1,-1
219,22,340.48,55.45,60.46,23.70,1,-1,-1,-1
219,25,217.28,65.01,37.94,20.23,1,-1,-1,-1
219,26,1779.81,373.24,23.53,27.22,1,-1,-1,-1
219,27,260.72,92.12,34.72,16.51,1,-1,-1,-1
220,15,329.81,422.35,152.76,120.24,1,-1,-1,-1
220,16,1531.92,488.93,165.44,180.40,1,-1,-1,-1
220,17,1467.22,579.25,105.34,96.40,1,-1,-1,-1
220,18,1631.08,120.26,106.21,83.49,1,-1,-1,-1
220,19,303.11,119.93,94.20,77.13,1,-1,-1,-1
220,20,-3.64,386.47,60.71,103.78,1,-1,-1,-1
220,21,182.34,121.41,93.33,68.36,1,-1,-1,-1
220,22,340.49,55.45,60.45,23.70,1,-1,-1,-1
220,25,217.28,65.01,37.94,20.23,1,-1,-1,-1
220,26,1779.79,373.11,23.57,27.23,1,-1,-1,-1
220,27,260.71,92.12,34.72,16.51,1,-1,-1,-1
221,15,334.44,421.55,147.28,119.71,1,-1,-1,-1
221,16,1532.97,490.40,164.06,181.76,1,-1,-1,-1
221,17,1467.08,579.25,105.42,96.37,1,-1,-1,-1
221,18,1631.24,120.18,106.20,83.56,1,-1,-1,-1
221,19,303.04,120.05,94.24,77.39,1,-1,-1,-1
221,20,-2.86,386.49,59.71,104.13,1,-1,-1,-1
221,21,182.33,121.39,93.33,68.40,1,-1,-1,-1
221,22,340.47,55.45,60.47,23.71,1,-1,-1,-1
221,25,217.27,65.00,37.95,20.23,1,-1,-1,-1
221,26,1779.82,373.15,23.63,27.25,1,-1,-1,-1
221,27,260.71,92.12,34.73,16.52,1,-1,-1,-1
222,15,339.97,420.58,142.40,119.21,1,-1,-1,-1
222,16,1533.56,490.38,163.03,182.35,1,-1,-1,-1
222,17,1467.02,579.34,105.34,96.43,1,-1,-1,-1
222,18,1632.96,119.65,105.22,82.88,1,-1,-1,-1
222,19,302.96,120.26,94.30,77.87,1,-1,-1,-1
222,20,-2.35,386.73,58.88,104.12,1,-1,-1,-1
222,21,182.35,121.42,93.35,68.44,1,-1,-1,-1
222,22,340.47,55.45,60.47,23.71,1,-1,-1,-1
222,25,217.27,65.00,37.95,20.23,1,-1,-1,-1
222,26,1779.78,373.25,23.69,27.19,1,-1,-1,-1
222,27,260.70,92.12,34.71,16.52,1,-1,-1,-1
222,32,1629.92,848.69,223.92,201.54,1,-1,-1,-1
223,15,343.52,418.80,138.30,118.41,1,-1,-1,-1
223,16,1534.01,488.50,162.03,180.01,1,-1,-1,-1
223,17,1466.83,579.30,105.35,96.52,1,-1,-1,-1
223,18,1633.77,119.61,104.53,82.43,1,-1,-1,-1
223,19,302.92,120.45,94.35,78.52,1,-1,-1,-1
223,20,-1.90,386.61,58.30,104.17,1,-1,-1,-1
223,21,182.37,121.43,93.35,68.48,1,-1,-1,-1
223,22,340.49,55.45,60.45,23.71,1,-1,-1,-1
223,25,217.27,65.00,37.95,20.23,1,-1,-1,-1
223,26,1779.74,373.24,23.74,27.19,1,-1,-1,-1
223,27,260.70,92.12,34.70,16.53,1,-1,-1,-1
224,15,349.86,417.55,134.02,117.53,1,-1,-1,-1
224,16,1533.94,487.06,161.00,176.54,1,-1,-1,-1
224,17,1466.84,579.24,105.15,96.54,1,-1,-1,-1
224,18,1634.15,119.67,104.05,82.11,1,-1,-1,-1
224,19,302.89,120.28,94.38,78.80,1,-1,-1,-1
224,20,-1.47,386.61,57.99,104.26,1,-1,-1,-1
224,21,182.39,121.43,93.35,68.52,1,-1,-1,-1
224,22,340.52,55.45,60.43,23.70,1,-1,-1,-1
224,25,217.27,65.00,37.94,20.23,1,-1,-1,-1
224,26,1779.71,373.23,23.78,27.22,1,-1,-1,-1
224,27,260.71,92.12,34.70,16.52,1,-1,-1,-1
225,15,355.58,416.59,131.01,116.81,1,-1,-1,-1
225,16,1507.96,493.06,176.05,185.40,1,-1,-1,-1
225,18,1634.34,119.75,103.72,81.87,1,-1,-1,-1
225,19,302.92,120.23,94.39,79.11,1,-1,-1,-1
225,20,-1.25,386.62,57.67,104.56,1,-1,-1,-1
225,21,182.37,121.44,93.36,68.56,1,-1,-1,-1
225,22,340.52,55.45,60.43,23.70,1,-1,-1,-1
225,25,217.27,65.00,37.94,20.24,1,-1,-1,-1
225,26,1779.70,373.24,23.81,27.22,1,-1,-1,-1
225,27,260.71,92.12,34.70,16.53,1,-1,-1,-1
225,32,1634.93,871.93,249.39,206.57,1,-1,-1,-1
226,15,363.91,416.60,134.92,116.57,1,-1,-1,-1
226,16,1521.79,490.58,171.65,184.81,1,-1,-1,-1
226,17,1466.65,579.32,104.83,96.42,1,-1,-1,-1
226,18,1634.50,119.81,103.49,81.67,1,-1,-1,-1
226,19,302.93,120.20,94.47,79.39,1,-1,-1,-1
226,20,-1.09,386.35,57.37,104.95,1,-1,-1,-1
226,21,182.37,121.46,93.41,68.62,1,-1,-1,-1
226,22,340.50,55.45,60.43,23.70,1,-1,-1,-1
226,25,217.28,65.00,37.94,20.23,1,-1,-1,-1
226,26,1779.72,373.36,23.78,27.20,1,-1,-1,-1
226,27,260.71,92.12,34.69,16.53,1,-1,-1,-1
226,35,1735.57,1056.31,40.36,25.03,1,-1,-1,-1
227,15,360.02,415.85,129.05,115.08,1,-1,-1,-1
227,16,1527.93,488.37,168.18,182.48,1,-1,-1,-1
227,17,1466.66,579.33,104.65,96.36,1,-1,-1,-1
227,18,1634.64,119.88,103.30,81.53,1,-1,-1,-1
227,19,302.98,120.11,94.53,79.56,1,-1,-1,-1
227,20,-0.92,386.25,57.15,105.39,1,-1,-1,-1
227,21,182.33,121.45,93.44,68.67,1,-1,-1,-1
227,22,340.48,55.45,60.44,23.70,1,-1,-1,-1
227,25,217.27,65.00,37.94,20.24,1,-1,-1,-1
227,26,1779.73,373.47,23.75,27.25,1,-1,-1,-1
227,27,260.71,92.11,34.70,16.54,1,-1,-1,-1
227,32,1609.36,885.33,244.45,199.85,1,-1,-1,-1
228,15,362.19,414.92,121.24,113.40,1,-1,-1,-1
228,16,1530.94,488.51,165.75,181.48,1,-1,-1,-1
228,17,1466.67,579.40,104.50,96.27,1,-1,-1,-1
228,18,1634.70,119.94,103.16,81.44,1,-1,-1,-1
228,19,302.97,119.92,94.55,79.54,1,-1,-1,-1
228,20,-0.61,385.84,57.23,106.07,1,-1,-1,-1
228,21,182.35,121.43,93.40,68.67,1,-1,-1,-1
228,22,338.67,55.93,61.45,23.41,1,-1,-1,-1
228,25,217.27,64.99,37.95,20.25,1,-1,-1,-1
228,26,1779.73,373.57,23.68,27.27,1,-1,-1,-1
228,27,260.71,92.11,34.71,16.55,1,-1,-1,-1
228,32,1597.64,889.49,244.34,196.21,1,-1,-1,-1
229,15,374.06,415.15,110.63,112.47,1,-1,-1,-1
229,16,1532.04,490.44,164.33,183.01,1,-1,-1,-1
229,17,1467.28,579.24,105.29,96.13,1,-1,-1,-1
229,18,1634.13,120.04,103.56,81.44,1,-1,-1,-1
229,19,303.12,119.84,94.66,79.47,1,-1,-1,-1
229,20,-0.49,385.74,57.25,106.98,1,-1,-1,-1
229,21,182.45,121.35,93.38,68.61,1,-1,-1,-1
229,22,337.82,56.16,62.16,23.19,1,-1,-1,-1
229,25,217.26,65.00,37.95,20.24,1,-1,-1,-1
229,26,1779.61,373.70,23.68,27.32,1,-1,-1,-1
229,27,260.72,92.12,34.72,16.56,1,-1,-1,-1
229,36,1740.52,824.20,187.31,237.82,1,-1,-1,-1
230,15,381.77,414.52,102.98,110.67,1,-1,-1,-1
230,16,1532.31,490.26,163.18,183.48,1,-1,-1,-1
230,17,1467.37,579.16,105.87,96.07,1,-1,-1,-1
230,18,1633.73,120.09,103.87,81.43,1,-1,-1,-1
230,19,303.15,119.78,94.74,79.36,1,-1,-1,-1
230,20,-0.40,385.79,57.25,107.35,1,-1,-1,-1
230,21,182.51,121.30,93.33,68.54,1,-1,-1,-1
230,22,337.39,56.29,62.67,23.04,1,-1,-1,-1
230,25,217.26,65.00,37.95,20.24,1,-1,-1,-1
230,26,1779.53,373.91,23.70,27.28,1,-1,-1,-1
230,27,260.72,92.12,34.71,16.55,1,-1,-1,-1
231,15,385.96,414.75,97.41,109.24,1,-1,-1,-1
231,16,1532.67,490.37,162.42,184.20,1,-1,-1,-1
231,17,1467.18,579.18,106.21,95.99,1,-1,-1,-1
231,18,1633.80,120.11,103.93,81.42,1,-1,-1,-1
231,19,303.13,119.69,94.76,79.18,1,-1,-1,-1
231,20,-0.34,385.64,57.24,107.76,1,-1,-1,-1
231,21,182.53,121.30,93.30,68.47,1,-1,-1,-1
231,22,337.14,56.36,63.05,22.93,1,-1,-1,-1
231,25,217.25,65.01,37.95,20.23,1,-1,-1,-1
231,26,1779.50,373.98,23.72,27.26,1,-1,-1,-1
231,27,260.74,92.12,34.70,16.55,1,-1,-1,-1
232,15,394.32,414.52,90.07,107.27,1,-1,-1,-1
232,16,1532.94,488.83,161.47,182.43,1,-1,-1,-1
232,17,1467.14,579.16,106.39,96.04,1,-1,-1,-1
232,18,1634.36,120.07,103.65,81.34,1,-1,-1,-1
232,19,303.20,119.75,94.65,79.14,1,-1,-1,-1
232,20,-0.18,386.02,57.40,108.50,1,-1,-1,-1
232,21,182.50,121.31,93.27,68.43,1,-1,-1,-1
232,22,336.97,56.40,63.34,22.85,1,-1,-1,-1
232,25,217.25,65.01,37.96,20.23,1,-1,-1,-1
232,26,1779.48,373.67,23.61,27.40,1,-1,-1,-1
232,27,260.75,92.12,34.70,16.55,1,-1,-1,-1
233,15,403.38,414.45,82.42,105.42,1,-1,-1,-1
233,16,1533.38,488.84,160.87,181.45,1,-1,-1,-1
233,17,1466.87,579.10,106.27,95.99,1,-1,-1,-1
233,18,1634.69,120.10,103.41,81.33,1,-1,-1,-1
233,19,303.17,119.82,94.62,79.16,1,-1,-1,-1
233,20,-0.16,385.99,57.44,109.03,1,-1,-1,-1
233,21,182.50,121.38,93.29,68.46,1,-1,-1,-1
233,22,336.88,56.43,63.53,22.79,1,-1,-1,-1
233,25,217.25,65.02,37.96,20.22,1,-1,-1,-1
233,26,1779.51,373.58,23.57,27.42,1,-1,-1,-1
233,27,260.76,92.12,34.69,16.54,1,-1,-1,-1
233,32,1663.11,837.69,236.93,200.25,1,-1,-1,-1
233,38,1561.76,1053.21,50.38,27.03,1,-1,-1,-1
234,15,407.05,416.65,75.21,101.51,1,-1,-1,-1
234,16,1533.59,488.10,160.12,179.37,1,-1,-1,-1
234,17,1466.52,578.99,105.78,96.02,1,-1,-1,-1
234,18,1635.13,120.08,103.07,81.25,1,-1,-1,-1
234,19,303.18,119.86,94.59,79.21,1,-1,-1,-1
234,20,-0.12,386.26,57.50,109.67,1,-1,-1,-1
234,21,182.50,121.39,93.23,68.48,1,-1,-1,-1
234,22,336.80,56.45,63.66,22.74,1,-1,-1,-1
234,25,217.25,65.02,37.96,20.21,1,-1,-1,-1
234,26,1779.60,373.47,23.48,27.46,1,-1,-1,-1
234,27,260.76,92.13,34.68,16.53,1,-1,-1,-1
234,38,1543.94,1058.37,47.45,22.60,1,-1,-1,-1
235,15,409.35,425.75,71.05,93.07,1,-1,-1,-1
235,16,1533.86,488.22,159.62,177.80,1,-1,-1,-1
235,17,1466.50,579.00,105.45,96.01,1,-1,-1,-1
235,18,1635.26,120.10,102.90,81.19,1,-1,-1,-1
235,19,303.18,119.88,94.54,79.28,1,-1,-1,-1
235,20,0.04,386.32,57.71,109.88,1,-1,-1,-1
235,21,182.51,121.38,93.17,68.46,1,-1,-1,-1
235,22,336.77,56.46,63.77,22.72,1,-1,-1,-1
235,25,217.25,65.03,37.96,20.21,1,-1,-1,-1
235,26,1779.62,373.50,23.45,27.48,1,-1,-1,-1
235,27,260.77,92.13,34.67,16.53,1,-1,-1,-1
235,32,1647.68,831.45,229.38,198.08,1,-1,-1,-1
235,38,1526.22,1059.66,44.42,20.79,1,-1,-1,-1
235,40,1547.82,916.79,181.45,158.89,1,-1,-1,-1
236,15,413.36,433.34,67.51,85.86,1,-1,-1,-1
236,16,1534.07,488.61,159.29,176.82,1,-1,-1,-1
236,17,1466.64,578.96,105.17,96.02,1,-1,-1,-1
236,18,1635.26,120.11,102.81,81.15,1,-1,-1,-1
236,19,303.19,119.87,94.49,79.32,1,-1,-1,-1
236,20,0.01,385.59,57.77,110.24,1,-1,-1,-1
236,21,182.56,121.38,93.12,68.46,1,-1,-1,-1
236,22,336.75,56.47,63.85,22.70,1,-1,-1,-1
236,25,217.24,65.02,37.97,20.22,1,-1,-1,-1
236,26,1779.67,373.41,23.44,27.51,1,-1,-1,-1
236,27,260.78,92.13,34.66,16.53,1,-1,-1,-1
236,32,1634.53,832.02,224.79,194.19,1,-1,-1,-1
236,38,1506.86,1058.81,44.94,21.09,1,-1,-1,-1
237,15,415.35,437.14,64.41,80.14,1,-1,-1,-1
237,16,1534.17,488.64,158.99,175.65,1,-1,-1,-1
237,17,1466.75,578.94,105.05,96.01,1,-1,-1,-1
237,18,1635.29,120.13,102.73,81.12,1,-1,-1,-1
237,19,303.20,119.81,94.45,79.28,1,-1,-1,-1
237,20,0.01,385.33,57.82,110.44,1,-1,-1,-1
237,21,182.58,121.37,93.09,68.44,1,-1,-1,-1
237,22,336.72,56.47,63.91,22.69,1,-1,-1,-1
237,25,217.24,65.02,37.97,20.22,1,-1,-1,-1
237,26,1779.69,373.41,23.43,27.44,1,-1,-1,-1
237,27,260.78,92.14,34.65,16.53,1,-1,-1,-1
237,32,1630.28,832.95,222.22,192.36,1,-1,-1,-1
237,38,1501.44,1058.39,45.46,21.35,1,-1,-1,-1
237,40,1535.36,921.55,175.66,153.65,1,-1,-1,-1
238,16,1534.45,490.31,159.21,176.90,1,-1,-1,-1
238,17,1466.80,578.97,105.04,96.06,1,-1,-1,-1
238,18,1635.39,120.11,102.62,81.03,1,-1,-1,-1
238,19,303.24,119.85,94.44,79.35,1,-1,-1,-1
238,20,0.10,385.26,57.97,110.71,1,-1,-1,-1
238,21,182.57,121.41,93.12,68.47,1,-1,-1,-1
238,22,336.71,56.47,63.95,22.69,1,-1,-1,-1
238,25,217.24,65.02,37.97,20.22,1,-1,-1,-1
238,26,1779.67,373.41,23.46,27.43,1,-1,-1,-1
238,27,260.78,92.13,34.66,16.54,1,-1,-1,-1
238,32,1558.60,841.25,246.80,204.26,1,-1,-1,-1
238,38,1469.77,1060.23,44.64,20.00,1,-1,-1,-1
239,16,1534.70,491.28,159.45,178.58,1,-1,-1,-1
239,17,1466.98,578.91,105.31,96.18,1,-1,-1,-1
239,18,1635.47,120.16,102.52,81.02,1,-1,-1,-1
239,19,303.26,119.86,94.41,79.42,1,-1,-1,-1
239,20,0.10,385.24,58.04,110.86,1,-1,-1,-1
239,21,182.57,121.39,93.14,68.44,1,-1,-1,-1
239,22,336.70,56.47,63.99,22.69,1,-1,-1,-1
239,25,217.24,65.02,37.98,20.23,1,-1,-1,-1
239,26,1779.66,373.40,23.53,27.42,1,-1,-1,-1
239,27,260.78,92.14,34.66,16.54,1,-1,-1,-1
239,32,1555.46,839.33,236.12,200.74,1,-1,-1,-1
239,38,1445.17,1058.23,44.85,21.06,1,-1,-1,-1
239,40,1480.08,924.59,165.48,137.07,1,-1,-1,-1
240,15,431.04,445.44,50.30,61.40,1,-1,-1,-1
240,16,1534.04,487.94,158.88,174.69,1,-1,-1,-1
240,17,1467.02,578.86,105.57,96.34,1,-1,-1,-1
240,18,1635.51,120.20,102.44,81.04,1,-1,-1,-1
240,19,303.26,119.72,94.37,79.29,1,-1,-1,-1
240,20,0.04,385.39,58.01,110.89,1,-1,-1,-1
240,21,182.55,121.33,93.12,68.35,1,-1,-1,-1
240,22,336.68,56.47,64.02,22.68,1,-1,-1,-1
240,25,217.23,65.02,37.98,20.23,1,-1,-1,-1
240,26,1779.66,373.39,23.57,27.41,1,-1,-1,-1
240,27,260.78,92.14,34.66,16.54,1,-1,-1,-1
240,32,1498.60,843.79,254.75,206.15,1,-1,-1,-1
240,38,1422.06,1056.24,47.19,22.74,1,-1,-1,-1
240,42,1767.49,1053.85,36.34,26.93,1,-1,-1,-1
241,16,1533.97,488.98,159.04,174.50,1,-1,-1,-1
241,17,1467.73,578.59,106.80,96.65,1,-1,-1,-1
241,18,1635.55,120.25,102.38,81.10,1,-1,-1,-1
241,19,303.25,119.79,94.36,79.33,1,-1,-1,-1
241,20,0.30,385.48,58.36,110.31,1,-1,-1,-1
241,21,182.51,121.35,93.19,68.28,1,-1,-1,-1
241,22,336.68,56.47,64.06,22.69,1,-1,-1,-1
241,25,217.23,65.01,37.99,20.24,1,-1,-1,-1
241,26,1779.65,373.39,23.55,27.40,1,-1,-1,-1
241,27,260.78,92.14,34.68,16.56,1,-1,-1,-1
241,32,1507.75,840.45,236.93,200.52,1,-1,-1,-1
241,38,1397.60,1055.00,46.82,23.81,1,-1,-1,-1
241,40,1442.50,929.88,156.41,130.56,1,-1,-1,-1
241,42,1741.10,1055.42,37.14,25.45,1,-1,-1,-1
242,16,1503.66,494.40,177.50,184.16,1,-1,-1,-1
242,18,1635.62,120.25,102.32,81.13,1,-1,-1,-1
242,19,303.22,119.76,94.31,79.29,1,-1,-1,-1
242,20,0.37,385.64,58.63,109.89,1,-1,-1,-1
242,21,182.47,121.36,93.17,68.23,1,-1,-1,-1
242,22,336.67,56.47,64.08,22.69,1,-1,-1,-1
242,25,217.23,65.01,37.99,20.24,1,-1,-1,-1
242,26,1779.82,373.43,23.44,27.42,1,-1,-1,-1
242,27,260.78,92.13,34.69,16.57,1,-1,-1,-1
242,32,1518.10,840.25,221.96,195.58,1,-1,-1,-1
242,38,1389.55,1054.33,46.41,24.60,1,-1,-1,-1
242,40,1437.19,930.82,154.30,129.14,1,-1,-1,-1
242,41,1740.87,1055.76,37.04,24.70,1,-1,-1,-1
242,45,1666.05,1061.17,33.69,18.83,1,-1,-1,-1
243,16,1490.22,494.87,190.01,190.54,1,-1,-1,-1
243,18,1635.70,120.23,102.27,81.13,1,-1,-1,-1
243,19,303.25,119.65,94.31,79.11,1,-1,-1,-1
243,20,0.36,385.01,58.85,110.21,1,-1,-1,-1
243,21,182.34,121.45,93.30,68.26,1,-1,-1,-1
243,22,336.66,56.47,64.12,22.71,1,-1,-1,-1
243,25,217.23,65.00,38.00,20.25,1,-1,-1,-1
243,26,1779.91,373.37,23.37,27.60,1,-1,-1,-1
243,27,260.77,92.12,34.71,16.59,1,-1,-1,-1
243,32,1488.48,844.13,211.78,194.13,1,-1,-1,-1
243,38,1356.77,1055.27,46.02,24.36,1,-1,-1,-1
243,39,1616.74,1065.19,36.79,13.49,1,-1,-1,-1
243,40,1410.12,933.46,145.28,126.35,1,-1,-1,-1
243,42,1692.17,1057.28,42.22,24.13,1,-1,-1,-1
244,16,1482.92,494.10,199.10,194.84,1,-1,-1,-1
244,18,1635.50,120.21,102.40,81.14,1,-1,-1,-1
244,19,303.21,119.63,94.36,78.94,1,-1,-1,-1
244,20,0.26,385.42,58.91,109.80,1,-1,-1,-1
244,21,182.18,121.48,93.49,68.34,1,-1,-1,-1
244,22,336.67,56.47,64.13,22.71,1,-1,-1,-1
244,25,217.23,65.00,37.99,20.25,1,-1,-1,-1
244,26,1779.91,373.27,23.42,27.76,1,-1,-1,-1
244,27,260.76,92.11,34.73,16.61,1,-1,-1,-1
244,38,1330.55,1054.17,45.82,25.13,1,-1,-1,-1
244,40,1380.65,934.26,140.23,123.63,1,-1,-1,-1
244,42,1674.89,1060.81,38.35,20.53,1,-1,-1,-1
245,16,1481.92,493.22,203.76,197.69,1,-1,-1,-1
245,18,1635.36,120.23,102.50,81.19,1,-1,-1,-1
245,19,303.20,119.53,94.37,78.63,1,-1,-1,-1
245,20,0.27,385.09,59.03,109.60,1,-1,-1,-1
245,21,182.07,121.50,93.67,68.37,1,-1,-1,-1
245,22,336.68,56.47,64.12,22.70,1,-1,-1,-1
245,25,217.23,65.00,37.99,20.25,1,-1,-1,-1
245,26,1779.96,373.21,23.43,27.86,1,-1,-1,-1
245,27,260.75,92.11,34.75,16.61,1,-1,-1,-1
245,32,1438.74,855.78,205.38,205.27,1,-1,-1,-1
245,38,1309.30,1055.68,46.23,24.40,1,-1,-1,-1
245,40,1346.79,936.93,146.26,130.25,1,-1,-1,-1
245,45,1660.22,1060.04,36.80,20.08,1,-1,-1,-1
246,16,1479.55,492.30,207.84,199.76,1,-1,-1,-1
246,18,1635.27,120.21,102.56,81.22,1,-1,-1,-1
246,19,303.19,119.59,94.35,78.47,1,-1,-1,-1
246,20,0.20,385.26,59.03,109.62,1,-1,-1,-1
246,21,182.01,121.51,93.76,68.41,1,-1,-1,-1
246,22,336.70,56.47,64.10,22.69,1,-1,-1,-1
246,25,217.23,65.00,37.99,20.25,1,-1,-1,-1
246,26,1780.01,373.25,23.38,27.94,1,-1,-1,-1
246,27,260.74,92.11,34.75,16.62,1,-1,-1,-1
246,32,1416.42,851.93,199.18,203.95,1,-1,-1,-1
246,38,1289.84,1056.56,48.58,23.82,1,-1,-1,-1
246,40,1326.21,938.85,148.90,131.04,1,-1,-1,-1
247,16,1504.44,482.77,194.13,190.19,1,-1,-1,-1
247,17,1466.07,579.75,104.10,95.86,1,-1,-1,-1
247,18,1635.51,120.16,102.43,81.18,1,-1,-1,-1
247,19,303.18,119.52,94.34,78.20,1,-1,-1,-1
247,20,0.29,385.27,59.19,109.70,1,-1,-1,-1
247,21,181.93,121.49,93.79,68.40,1,-1,-1,-1
247,22,336.72,56.47,64.09,22.69,1,-1,-1,-1
247,25,217.22,64.99,38.00,20.25,1,-1,-1,-1
247,26,1779.97,373.25,23.36,27.92,1,-1,-1,-1
247,27,260.73,92.11,34.76,16.62,1,-1,-1,-1
247,32,1395.53,855.87,194.50,210.06,1,-1,-1,-1
247,38,1272.05,1057.96,51.79,22.76,1,-1,-1,-1
248,16,1516.45,481.19,183.93,182.67,1,-1,-1,-1
248,17,1466.23,579.94,102.96,95.63,1,-1,-1,-1
248,18,1635.57,120.10,102.36,81.08,1,-1,-1,-1
248,19,303.18,119.58,94.33,78.03,1,-1,-1,-1
248,20,0.28,384.84,59.29,109.59,1,-1,-1,-1
248,21,181.95,121.45,93.76,68.36,1,-1,-1,-1
248,22,336.71,56.47,64.10,22.69,1,-1,-1,-1
248,25,217.21,64.99,38.01,20.26,1,-1,-1,-1
248,26,1779.99,373.28,23.35,27.91,1,-1,-1,-1
248,27,260.73,92.11,34.76,16.63,1,-1,-1,-1
248,32,1378.70,858.68,193.42,214.31,1,-1,-1,-1
248,40,1271.40,942.44,154.66,133.02,1,-1,-1,-1
249,16,1523.32,483.02,176.47,178.21,1,-1,-1,-1
249,17,1466.29,580.06,102.21,95.36,1,-1,-1,-1
249,18,1635.46,120.08,102.39,81.00,1,-1,-1,-1
249,19,303.19,119.72,94.34,78.05,1,-1,-1,-1
249,20,0.29,385.57,59.39,109.46,1,-1,-1,-1
249,21,181.90,121.47,93.86,68.39,1,-1,-1,-1
249,22,336.72,56.47,64.10,22.70,1,-1,-1,-1
249,25,217.21,64.98,38.01,20.26,1,-1,-1,-1
249,26,1779.97,373.21,23.38,27.92,1,-1,-1,-1
249,27,260.72,92.11,34.77,16.63,1,-1,-1,-1
249,32,1307.01,860.10,226.90,217.96,1,-1,-1,-1
250,16,1526.44,482.62,170.14,172.11,1,-1,-1,-1
250,17,1466.39,580.21,101.92,95.21,1,-1,-1,-1
250,18,1635.33,120.10,102.49,80.96,1,-1,-1,-1
250,19,303.16,119.76,94.33,78.06,1,-1,-1,-1
250,20,0.15,385.46,59.28,109.53,1,-1,-1,-1
250,21,181.79,121.53,93.98,68.47,1,-1,-1,-1
250,22,336.72,56.47,64.10,22.70,1,-1,-1,-1
250,25,217.21,64.99,38.01,20.26,1,-1,-1,-1
250,26,1779.93,373.21,23.39,27.88,1,-1,-1,-1
250,27,260.72,92.11,34.78,16.64,1,-1,-1,-1
250,32,1265.68,860.94,248.76,219.45,1,-1,-1,-1
251,16,1529.43,485.11,166.05,169.52,1,-1,-1,-1
251,17,1466.49,580.32,101.88,95.12,1,-1,-1,-1
251,18,1635.48,120.07,102.44,80.87,1,-1,-1,-1
251,19,303.17,119.76,94.30,78.03,1,-1,-1,-1
251,20,0.22,386.29,59.33,109.18,1,-1,-1,-1
251,21,181.79,121.48,94.00,68.49,1,-1,-1,-1
251,22,336.72,56.47,64.11,22.70,1,-1,-1,-1
251,25,217.22,65.00,38.01,20.26,1,-1,-1,-1
251,26,1779.93,373.26,23.47,27.83,1,-1,-1,-1
251,27,260.72,92.11,34.78,16.64,1,-1,-1,-1
251,32,1234.82,862.55,264.30,219.34,1,-1,-1,-1
252,16,1531.44,488.19,163.65,169.82,1,-1,-1,-1
252,17,1466.44,580.38,101.69,95.06,1,-1,-1,-1
252,18,1635.41,120.12,102.46,80.88,1,-1,-1,-1
252,19,303.19,119.84,94.29,78.13,1,-1,-1,-1
252,20,0.20,385.88,59.32,109.00,1,-1,-1,-1
252,21,181.78,121.44,94.10,68.49,1,-1,-1,-1
252,22,336.71,56.47,64.11,22.70,1,-1,-1,-1
252,25,217.22,65.00,38.01,20.26,1,-1,-1,-1
252,26,1779.87,373.31,23.51,27.81,1,-1,-1,-1
252,27,260.72,92.11,34.79,16.63,1,-1,-1,-1
252,32,1214.81,866.03,273.50,217.37,1,-1,-1,-1
253,16,1533.05,491.72,162.75,173.40,1,-1,-1,-1
253,17,1466.42,580.53,101.46,94.99,1,-1,-1,-1
253,18,1635.58,120.10,102.35,80.81,1,-1,-1,-1
253,19,303.21,119.82,94.30,78.15,1,-1,-1,-1
253,20,0.23,385.88,59.37,108.96,1,-1,-1,-1
253,21,181.73,121.46,94.28,68.51,1,-1,-1,-1
253,22,336.69,56.46,64.14,22.71,1,-1,-1,-1
253,25,217.21,65.00,38.02,20.26,1,-1,-1,-1
253,26,1779.88,373.30,23.55,27.82,1,-1,-1,-1
253,27,260.72,92.11,34.80,16.64,1,-1,-1,-1
253,32,1193.40,869.76,277.46,214.64,1,-1,-1,-1
254,16,1533.38,490.02,161.13,172.67,1,-1,-1,-1
254,17,1466.55,580.56,101.25,94.95,1,-1,-1,-1
254,18,1635.82,120.11,102.20,80.77,1,-1,-1,-1
254,19,303.20,119.89,94.33,78.29,1,-1,-1,-1
254,20,0.23,385.78,59.38,108.83,1,-1,-1,-1
254,21,181.68,121.48,94.40,68.49,1,-1,-1,-1
254,22,336.70,56.47,64.13,22.70,1,-1,-1,-1
254,25,217.21,65.02,38.02,20.25,1,-1,-1,-1
254,26,1779.87,373.31,23.57,27.79,1,-1,-1,-1
254,27,260.71,92.11,34.80,16.64,1,-1,-1,-1
254,32,1178.13,873.58,279.00,211.47,1,-1,-1,-1
255,16,1533.06,487.06,158.73,168.55,1,-1,-1,-1
255,17,1466.68,580.57,100.99,94.88,1,-1,-1,-1
255,18,1636.09,120.12,102.00,80.73,1,-1,-1,-1
255,19,303.20,119.83,94.36,78.29,1,-1,-1,-1
255,20,0.23,385.59,59.42,108.85,1,-1,-1,-1
255,21,181.61,121.48,94.50,68.54,1,-1,-1,-1
255,22,336.71,56.47,64.11,22.70,1,-1,-1,-1
255,25,217.21,65.03,38.02,20.25,1,-1,-1,-1
255,26,1779.82,373.31,23.61,27.79,1,-1,-1,-1
255,27,260.71,92.11,34.80,16.63,1,-1,-1,-1
255,32,1161.52,876.62,279.52,208.51,1,-1,-1,-1
256,16,1533.42,486.52,157.05,165.35,1,-1,-1,-1
256,17,1467.00,580.53,100.92,94.89,1,-1,-1,-1
256,18,1636.22,120.14,101.86,80.70,1,-1,-1,-1
256,19,303.21,119.79,94.39,78.27,1,-1,-1,-1
256,20,0.22,385.57,59.42,108.64,1,-1,-1,-1
256,21,181.57,121.47,94.60,68.57,1,-1,-1,-1
256,22,336.72,56.47,64.11,22.70,1,-1,-1,-1
256,25,217.21,65.03,38.02,20.24,1,-1,-1,-1
256,26,1779.77,373.19,23.64,27.86,1,-1,-1,-1
256,27,260.71,92.11,34.81,16.63,1,-1,-1,-1
256,32,1155.90,878.24,279.72,206.36,1,-1,-1,-1
257,16,1533.63,487.41,155.60,163.52,1,-1,-1,-1
257,17,1467.13,580.45,100.95,94.94,1,-1,-1,-1
257,18,1636.37,120.16,101.71,80.69,1,-1,-1,-1
257,19,303.23,119.77,94.41,78.23,1,-1,-1,-1
257,20,0.26,385.62,59.48,108.35,1,-1,-1,-1
257,21,181.39,121.43,94.65,68.54,1,-1,-1,-1
257,22,336.72,56.47,64.12,22.70,1,-1,-1,-1
257,25,217.21,65.03,38.02,20.24,1,-1,-1,-1
257,26,1779.68,373.24,23.68,27.85,1,-1,-1,-1
257,27,260.71,92.11,34.81,16.63,1,-1,-1,-1
257,32,1172.30,883.80,253.69,202.56,1,-1,-1,-1
258,16,1533.74,487.55,153.94,161.36,1,-1,-1,-1
258,17,1466.98,580.52,100.87,94.93,1,-1,-1,-1
258,18,1636.40,120.18,101.65,80.69,1,-1,-1,-1
258,19,303.26,119.66,94.34,78.06,1,-1,-1,-1
258,20,0.30,385.91,59.57,107.90,1,-1,-1,-1
258,21,181.42,121.42,94.52,68.51,1,-1,-1,-1
258,22,336.71,56.47,64.12,22.70,1,-1,-1,-1
258,25,217.19,65.03,38.03,20.24,1,-1,-1,-1
258,26,1779.66,373.30,23.68,27.81,1,-1,-1,-1
258,27,260.71,92.11,34.81,16.63,1,-1,-1,-1
258,32,1169.13,888.32,233.98,198.19,1,-1,-1,-1
259,16,1534.96,491.96,155.02,165.62,1,-1,-1,-1
259,17,1467.05,580.31,101.03,95.07,1,-1,-1,-1
259,18,1636.38,120.23,101.66,80.77,1,-1,-1,-1
259,19,303.23,119.74,94.36,78.06,1,-1,-1,-1
259,20,0.19,385.79,59.49,107.84,1,-1,-1,-1
259,21,181.44,121.40,94.42,68.47,1,-1,-1,-1
259,22,336.72,56.47,64.10,22.70,1,-1,-1,-1
259,25,217.18,65.03,38.04,20.24,1,-1,-1,-1
259,26,1779.70,373.18,23.73,27.80,1,-1,-1,-1
259,27,260.71,92.11,34.80,16.62,1,-1,-1,-1
259,32,1150.83,891.25,223.08,194.68,1,-1,-1,-1
260,16,1535.46,493.39,156.30,169.77,1,-1,-1,-1
260,17,1466.96,580.19,100.96,95.15,1,-1,-1,-1
260,18,1636.59,120.21,101.56,80.78,1,-1,-1,-1
260,19,303.20,119.69,94.34,77.95,1,-1,-1,-1
260,20,0.31,385.87,59.63,107.59,1,-1,-1,-1
260,21,181.44,121.41,94.36,68.46,1,-1,-1,-1
260,22,336.71,56.47,64.11,22.70,1,-1,-1,-1
260,25,217.18,65.03,38.04,20.24,1,-1,-1,-1
260,26,1779.67,373.22,23.74,27.78,1,-1,-1,-1
260,27,260.71,92.12,34.80,16.62,1,-1,-1,-1
260,32,1139.90,898.41,211.87,188.94,1,-1,-1,-1
261,16,1535.48,492.84,156.95,172.25,1,-1,-1,-1
261,17,1466.81,580.18,100.87,95.13,1,-1,-1,-1
261,18,1636.56,120.19,101.52,80.77,1,-1,-1,-1
261,19,303.19,119.58,94.31,77.71,1,-1,-1,-1
261,20,0.22,385.69,59.60,108.03,1,-1,-1,-1
261,21,181.44,121.43,94.38,68.44,1,-1,-1,-1
261,22,336.69,56.47,64.11,22.69,1,-1,-1,-1
261,25,217.17,65.04,38.04,20.23,1,-1,-1,-1
261,26,1779.71,373.22,23.68,27.74,1,-1,-1,-1
261,27,260.71,92.12,34.80,16.62,1,-1,-1,-1
261,32,1128.15,929.50,204.69,167.38,1,-1,-1,-1
262,16,1535.45,493.04,157.72,175.30,1,-1,-1,-1
262,17,1466.64,579.89,101.48,95.30,1,-1,-1,-1
262,18,1636.49,120.20,101.54,80.80,1,-1,-1,-1
262,19,303.20,119.58,94.25,77.53,1,-1,-1,-1
262,20,0.26,385.27,59.66,108.33,1,-1,-1,-1
262,21,181.46,121.46,94.47,68.44,1,-1,-1,-1
262,22,336.67,56.47,64.12,22.69,1,-1,-1,-1
262,25,217.18,65.04,38.04,20.22,1,-1,-1,-1
262,26,1779.70,373.30,23.69,27.69,1,-1,-1,-1
262,27,260.71,92.11,34.82,16.62,1,-1,-1,-1
262,32,1113.97,919.46,206.53,167.58,1,-1,-1,-1
263,16,1535.60,493.60,158.51,178.98,1,-1,-1,-1
263,17,1466.67,579.75,101.85,95.39,1,-1,-1,-1
263,18,1636.35,120.21,101.62,80.86,1,-1,-1,-1
263,19,303.21,119.56,94.20,77.31,1,-1,-1,-1
263,20,0.22,384.94,59.65,108.32,1,-1,-1,-1
263,21,181.45,121.50,94.65,68.48,1,-1,-1,-1
263,22,336.67,56.47,64.11,22.68,1,-1,-1,-1
263,25,217.18,65.05,38.04,20.21,1,-1,-1,-1
263,26,1779.71,373.19,23.64,27.69,1,-1,-1,-1
263,27,260.71,92.11,34.83,16.62,1,-1,-1,-1
263,32,1088.34,918.09,198.90,166.13,1,-1,-1,-1
264,16,1535.46,493.05,159.06,181.56,1,-1,-1,-1
264,17,1466.57,579.59,102.11,95.50,1,-1,-1,-1
264,18,1636.30,120.23,101.66,80.94,1,-1,-1,-1
264,19,303.17,119.52,94.16,77.03,1,-1,-1,-1
264,20,0.19,385.35,59.61,108.30,1,-1,-1,-1
264,21,181.45,121.52,94.86,68.54,1,-1,-1,-1
264,22,336.67,56.47,64.11,22.68,1,-1,-1,-1
264,25,217.18,65.05,38.03,20.20,1,-1,-1,-1
264,26,1779.71,373.09,23.60,27.73,1,-1,-1,-1
264,27,260.71,92.11,34.84,16.62,1,-1,-1,-1
264,32,1066.57,919.17,193.77,164.22,1,-1,-1,-1
264,50,409.88,415.55,176.60,148.26,1,-1,-1,-1
265,16,1535.42,492.50,159.47,183.66,1,-1,-1,-1
265,17,1466.57,579.96,101.69,95.38,1,-1,-1,-1
265,18,1636.05,120.21,101.82,80.99,1,-1,-1,-1
265,19,303.21,119.56,94.13,76.85,1,-1,-1,-1
265,20,0.22,385.69,59.64,108.17,1,-1,-1,-1
265,21,181.51,121.46,94.94,68.50,1,-1,-1,-1
265,22,336.66,56.47,64.14,22.68,1,-1,-1,-1
265,25,217.18,65.05,38.04,20.20,1,-1,-1,-1
265,26,1779.73,373.04,23.56,27.72,1,-1,-1,-1
265,27,260.70,92.11,34.85,16.63,1,-1,-1,-1
265,32,1040.71,922.90,193.09,160.94,1,-1,-1,-1
265,50,385.06,423.04,153.19,136.82,1,-1,-1,-1
266,16,1535.45,491.64,159.77,185.25,1,-1,-1,-1
266,17,1466.52,580.37,101.35,95.17,1,-1,-1,-1
266,18,1633.23,120.77,103.47,81.95,1,-1,-1,-1
266,19,302.97,119.75,94.24,76.70,1,-1,-1,-1
266,20,0.11,384.90,59.48,108.26,1,-1,-1,-1
266,21,180.90,121.31,94.83,68.57,1,-1,-1,-1
266,22,336.38,56.41,64.24,22.71,1,-1,-1,-1
266,25,216.92,65.02,38.02,20.26,1,-1,-1,-1
266,26,1779.64,372.53,23.51,27.87,1,-1,-1,-1
266,27,260.67,92.12,35.00,16.64,1,-1,-1,-1
266,50,386.34,423.16,141.10,128.85,1,-1,-1,-1
267,16,1535.43,491.16,160.02,186.64,1,-1,-1,-1
267,17,1466.64,580.55,101.08,95.02,1,-1,-1,-1
267,18,1631.78,120.83,104.72,82.64,1,-1,-1,-1
267,19,302.85,119.82,94.29,76.53,1,-1,-1,-1
267,20,0.07,384.59,59.35,108.32,1,-1,-1,-1
267,21,180.71,121.24,94.78,68.62,1,-1,-1,-1
267,22,336.27,56.38,64.29,22.72,1,-1,-1,-1
267,25,216.82,64.99,38.02,20.29,1,-1,-1,-1
267,26,1779.61,372.29,23.48,27.99,1,-1,-1,-1
267,27,260.64,92.13,35.09,16.65,1,-1,-1,-1
267,50,388.74,423.68,135.94,125.89,1,-1,-1,-1
268,16,1535.35,489.84,159.92,186.58,1,-1,-1,-1
268,17,1466.71,580.71,101.03,94.86,1,-1,-1,-1
268,18,1631.24,120.80,105.59,83.21,1,-1,-1,-1
268,19,302.75,119.93,94.31,76.50,1,-1,-1,-1
268,20,0.21,384.36,59.44,108.80,1,-1,-1,-1
268,21,180.60,121.22,94.83,68.71,1,-1,-1,-1
268,22,336.21,56.36,64.35,22.74,1,-1,-1,-1
268,25,216.79,64.98,38.01,20.32,1,-1,-1,-1
268,26,1779.62,372.17,23.51,28.09,1,-1,-1,-1
268,27,260.61,92.12,35.17,16.66,1,-1,-1,-1
268,50,391.84,425.26,131.80,122.85,1,-1,-1,-1
269,16,1535.12,489.53,160.11,186.69,1,-1,-1,-1
269,17,1467.06,580.38,102.37,95.08,1,-1,-1,-1
269,18,1630.70,120.58,106.35,83.56,1,-1,-1,-1
269,19,302.77,119.95,94.32,76.43,1,-1,-1,-1
269,20,0.20,384.69,59.45,109.29,1,-1,-1,-1
269,21,180.58,121.17,94.76,68.73,1,-1,-1,-1
269,22,336.20,56.36,64.40,22.76,1,-1,-1,-1
269,25,216.77,64.96,38.02,20.35,1,-1,-1,-1
269,26,1779.47,372.53,23.62,28.04,1,-1,-1,-1
269,27,260.58,92.11,35.24,16.68,1,-1,-1,-1
269,50,394.89,425.66,134.03,123.39,1,-1,-1,-1
270,16,1535.09,488.78,160.11,186.05,1,-1,-1,-1
270,17,1466.86,580.25,103.15,95.20,1,-1,-1,-1
270,18,1630.81,120.45,106.62,83.84,1,-1,-1,-1
270,19,302.77,119.92,94.34,76.31,1,-1,-1,-1
270,20,0.06,384.50,59.25,109.70,1,-1,-1,-1
270,21,180.67,121.19,94.66,68.66,1,-1,-1,-1
270,22,336.19,56.36,64.43,22.77,1,-1,-1,-1
270,25,216.76,64.95,38.02,20.37,1,-1,-1,-1
270,26,1779.49,372.54,23.65,28.09,1,-1,-1,-1
270,27,260.58,92.11,35.27,16.69,1,-1,-1,-1
270,50,398.90,425.81,132.47,121.41,1,-1,-1,-1
271,16,1535.07,488.83,160.07,185.80,1,-1,-1,-1
271,17,1466.57,580.26,103.64,95.24,1,-1,-1,-1
271,18,1630.49,120.33,107.06,84.00,1,-1,-1,-1
271,19,302.80,119.89,94.30,76.17,1,-1,-1,-1
271,20,0.07,384.45,59.15,109.41,1,-1,-1,-1
271,21,180.74,121.19,94.51,68.60,1,-1,-1,-1
271,22,336.19,56.36,64.42,22.76,1,-1,-1,-1
271,25,216.76,64.95,38.02,20.37,1,-1,-1,-1
271,26,1779.44,372.54,23.67,28.12,1,-1,-1,-1
271,27,260.56,92.11,35.29,16.69,1,-1,-1,-1
271,50,400.90,425.79,134.81,122.61,1,-1,-1,-1
272,16,1534.93,490.22,160.34,187.76,1,-1,-1,-1
272,17,1467.17,579.96,104.97,95.61,1,-1,-1,-1
272,18,1630.83,120.17,107.13,84.06,1,-1,-1,-1
272,19,302.93,119.96,94.30,76.13,1,-1,-1,-1
272,20,0.20,385.51,59.23,109.11,1,-1,-1,-1
272,21,180.62,121.25,94.59,68.61,1,-1,-1,-1
272,22,336.22,56.37,64.41,22.77,1,-1,-1,-1
272,25,216.75,64.94,38.03,20.39,1,-1,-1,-1
272,26,1779.38,372.48,23.82,28.16,1,-1,-1,-1
272,27,260.55,92.11,35.31,16.70,1,-1,-1,-1
272,50,399.95,429.39,135.01,123.19,1,-1,-1,-1
273,16,1534.50,490.83,160.67,190.04,1,-1,-1,-1
273,17,1467.41,580.23,105.61,95.51,1,-1,-1,-1
273,18,1632.66,119.71,106.19,83.42,1,-1,-1,-1
273,19,303.05,120.22,94.38,76.43,1,-1,-1,-1
273,20,0.22,384.30,59.28,109.90,1,-1,-1,-1
273,21,180.73,121.28,94.61,68.62,1,-1,-1,-1
273,22,336.23,56.36,64.42,22.78,1,-1,-1,-1
273,25,216.74,64.93,38.04,20.42,1,-1,-1,-1
273,26,1779.26,372.79,24.02,28.07,1,-1,-1,-1
273,27,260.55,92.11,35.34,16.72,1,-1,-1,-1
273,50,390.53,434.50,114.73,117.20,1,-1,-1,-1
274,16,1534.29,491.11,160.97,192.11,1,-1,-1,-1
274,17,1467.18,580.31,105.95,95.49,1,-1,-1,-1
274,18,1631.59,120.03,106.70,83.60,1,-1,-1,-1
274,19,303.17,120.32,94.51,76.73,1,-1,-1,-1
274,20,0.36,383.07,59.51,109.70,1,-1,-1,-1
274,21,180.89,121.23,94.42,68.60,1,-1,-1,-1
274,22,336.21,56.34,64.46,22.81,1,-1,-1,-1
274,25,216.75,64.93,38.05,20.43,1,-1,-1,-1
274,26,1779.19,372.64,24.21,27.99,1,-1,-1,-1
274,27,260.55,92.10,35.36,16.72,1,-1,-1,-1
274,50,399.85,430.59,120.63,122.52,1,-1,-1,-1
275,16,1534.43,490.37,161.04,193.22,1,-1,-1,-1
275,17,1466.94,580.19,106.07,95.49,1,-1,-1,-1
275,18,1632.99,119.72,105.86,83.09,1,-1,-1,-1
275,19,303.11,120.16,94.48,76.77,1,-1,-1,-1
275,20,0.24,382.84,59.48,109.76,1,-1,-1,-1
275,21,181.05,121.18,94.25,68.58,1,-1,-1,-1
275,22,336.21,56.33,64.50,22.83,1,-1,-1,-1
275,25,216.75,64.92,38.05,20.45,1,-1,-1,-1
275,26,1779.20,372.71,24.26,27.97,1,-1,-1,-1
275,27,260.55,92.11,35.40,16.73,1,-1,-1,-1
276,16,1534.02,490.05,161.32,194.12,1,-1,-1,-1
276,17,1467.25,580.22,106.58,95.55,1,-1,-1,-1
276,18,1634.11,119.72,104.99,82.73,1,-1,-1,-1
276,19,303.06,119.98,94.36,76.64,1,-1,-1,-1
276,20,0.28,383.52,59.58,109.45,1,-1,-1,-1
276,21,181.27,121.14,94.10,68.49,1,-1,-1,-1
276,22,336.21,56.32,64.51,22.84,1,-1,-1,-1
276,25,216.76,64.92,38.05,20.45,1,-1,-1,-1
276,26,1779.21,372.71,24.28,27.90,1,-1,-1,-1
276,27,260.54,92.11,35.42,16.72,1,-1,-1,-1
276,50,415.59,436.43,123.92,120.10,1,-1,-1,-1
277,16,1534.22,489.34,161.28,194.07,1,-1,-1,-1
277,17,1467.00,580.34,106.48,95.37,1,-1,-1,-1
277,18,1634.60,119.77,104.37,82.45,1,-1,-1,-1
277,19,303.31,119.42,95.04,75.37,1,-1,-1,-1
277,20,0.22,383.70,59.59,109.84,1,-1,-1,-1
277,21,181.35,121.13,94.05,68.43,1,-1,-1,-1
277,22,336.20,56.32,64.54,22.86,1,-1,-1,-1
277,25,216.76,64.92,38.05,20.46,1,-1,-1,-1
277,26,1779.23,372.91,24.32,27.79,1,-1,-1,-1
277,27,260.53,92.11,35.44,16.72,1,-1,-1,-1
277,52,439.55,483.01,34.87,27.46,1,-1,-1,-1
278,16,1534.14,489.15,161.38,194.60,1,-1,-1,-1
278,17,1467.11,580.40,106.70,95.28,1,-1,-1,-1
278,18,1632.83,120.25,105.25,82.96,1,-1,-1,-1
278,19,303.04,120.04,94.76,75.72,1,-1,-1,-1
278,20,0.30,384.34,59.74,109.65,1,-1,-1,-1
278,21,181.34,121.07,94.01,68.38,1,-1,-1,-1
278,22,336.21,56.32,64.55,22.86,1,-1,-1,-1
278,25,216.77,64.92,38.04,20.46,1,-1,-1,-1
278,26,1779.26,372.87,24.25,27.92,1,-1,-1,-1
278,27,260.52,92.10,35.46,16.73,1,-1,-1,-1
278,51,1833.68,377.04,48.08,25.00,1,-1,-1,-1
278,52,445.60,482.23,31.07,26.80,1,-1,-1,-1
279,16,1534.04,488.65,161.37,194.32,1,-1,-1,-1
279,17,1467.27,580.45,107.24,95.28,1,-1,-1,-1
279,18,1631.78,120.35,106.06,83.37,1,-1,-1,-1
279,19,303.20,119.63,95.29,74.71,1,-1,-1,-1
279,20,0.27,384.29,59.80,109.83,1,-1,-1,-1
279,21,181.41,121.09,93.94,68.36,1,-1,-1,-1
279,22,336.21,56.31,64.57,22.87,1,-1,-1,-1
279,25,216.77,64.91,38.04,20.47,1,-1,-1,-1
279,26,1779.26,372.86,24.26,28.03,1,-1,-1,-1
279,27,260.51,92.10,35.48,16.74,1,-1,-1,-1
279,51,1833.74,377.03,48.14,25.03,1,-1,-1,-1
280,16,1534.02,488.87,161.52,194.93,1,-1,-1,-1
280,17,1467.27,580.37,107.56,95.31,1,-1,-1,-1
280,18,1631.28,120.38,106.62,83.75,1,-1,-1,-1
280,19,303.20,119.63,95.64,73.99,1,-1,-1,-1
280,20,0.25,384.19,59.86,109.97,1,-1,-1,-1
280,21,181.50,121.15,93.73,68.39,1,-1,-1,-1
280,22,336.22,56.31,64.59,22.89,1,-1,-1,-1
280,25,216.77,64.91,38.04,20.48,1,-1,-1,-1
280,26,1779.20,372.72,24.33,28.23,1,-1,-1,-1
280,27,260.50,92.10,35.49,16.75,1,-1,-1,-1
280,51,1833.66,376.95,48.66,25.18,1,-1,-1,-1
281,16,1533.92,488.27,161.52,194.50,1,-1,-1,-1
281,17,1467.30,580.41,108.11,95.30,1,-1,-1,-1
281,18,1630.79,120.29,107.20,84.01,1,-1,-1,-1
281,19,303.15,119.78,95.92,73.50,1,-1,-1,-1
281,20,0.18,384.27,59.81,110.12,1,-1,-1,-1
281,21,181.49,121.14,93.66,68.38,1,-1,-1,-1
281,22,336.22,56.30,64.59,22.90,1,-1,-1,-1
281,25,216.78,64.91,38.04,20.48,1,-1,-1,-1
281,26,1779.21,372.73,24.35,28.31,1,-1,-1,-1
281,27,260.50,92.10,35.49,16.75,1,-1,-1,-1
281,51,1833.48,376.90,48.64,25.24,1,-1,-1,-1
282,16,1534.05,488.87,161.61,195.24,1,-1,-1,-1
282,17,1467.02,580.40,108.22,95.35,1,-1,-1,-1
282,18,1630.74,120.17,107.41,84.15,1,-1,-1,-1
282,19,302.82,120.65,95.43,74.50,1,-1,-1,-1
282,20,0.19,384.31,59.83,110.07,1,-1,-1,-1
282,21,181.45,121.23,93.61,68.48,1,-1,-1,-1
282,22,336.24,56.30,64.57,22.90,1,-1,-1,-1
282,25,216.78,64.91,38.03,20.48,1,-1,-1,-1
282,26,1779.19,372.71,24.33,28.36,1,-1,-1,-1
282,27,260.50,92.10,35.48,16.75,1,-1,-1,-1
282,51,1833.53,376.93,48.63,25.19,1,-1,-1,-1
283,16,1534.09,488.05,161.49,193.96,1,-1,-1,-1
283,17,1466.45,580.05,108.77,95.78,1,-1,-1,-1
283,18,1632.48,119.71,106.44,83.53,1,-1,-1,-1
283,19,302.70,120.69,95.05,75.08,1,-1,-1,-1
283,20,0.09,385.15,59.69,109.89,1,-1,-1,-1
283,21,181.52,121.29,93.54,68.55,1,-1,-1,-1
283,22,336.26,56.30,64.55,22.89,1,-1,-1,-1
283,25,216.78,64.91,38.02,20.48,1,-1,-1,-1
283,26,1779.15,372.70,24.34,28.37,1,-1,-1,-1
283,27,260.51,92.09,35.46,16.74,1,-1,-1,-1
283,51,1833.59,376.95,48.66,25.18,1,-1,-1,-1
284,16,1534.01,488.31,161.49,193.67,1,-1,-1,-1
284,17,1466.08,579.81,109.08,96.07,1,-1,-1,-1
284,18,1633.28,119.64,105.75,83.08,1,-1,-1,-1
284,19,302.93,120.03,95.45,74.24,1,-1,-1,-1
284,20,0.08,385.09,59.61,109.84,1,-1,-1,-1
284,21,181.55,121.29,93.51,68.61,1,-1,-1,-1
284,22,336.28,56.30,64.53,22.89,1,-1,-1,-1
284,25,216.78,64.90,38.01,20.48,1,-1,-1,-1
284,26,1779.12,372.74,24.34,28.37,1,-1,-1,-1
284,27,260.51,92.09,35.45,16.74,1,-1,-1,-1
284,51,1833.70,376.85,48.73,25.22,1,-1,-1,-1
285,16,1533.96,487.07,161.25,191.06,1,-1,-1,-1
285,17,1465.40,579.83,108.72,96.14,1,-1,-1,-1
285,18,1633.86,119.69,105.16,82.72,1,-1,-1,-1
285,19,302.93,119.87,95.72,73.55,1,-1,-1,-1
285,20,0.04,385.82,59.46,109.71,1,-1,-1,-1
285,21,181.48,121.33,93.62,68.69,1,-1,-1,-1
285,22,336.27,56.30,64.53,22.89,1,-1,-1,-1
285,25,216.79,64.90,38.01,20.47,1,-1,-1,-1
285,26,1779.09,372.78,24.41,28.29,1,-1,-1,-1
285,27,260.52,92.09,35.45,16.75,1,-1,-1,-1
286,16,1533.92,486.36,160.88,187.91,1,-1,-1,-1
286,17,1464.94,579.84,108.38,96.09,1,-1,-1,-1
286,18,1633.95,119.77,104.85,82.48,1,-1,-1,-1
286,19,302.93,119.95,95.90,73.05,1,-1,-1,-1
286,20,0.00,386.14,59.30,109.78,1,-1,-1,-1
286,21,181.36,121.31,93.69,68.73,1,-1,-1,-1
286,22,336.29,56.30,64.50,22.88,1,-1,-1,-1
286,25,216.78,64.91,38.01,20.47,1,-1,-1,-1
286,26,1779.02,372.77,24.42,28.28,1,-1,-1,-1
286,27,260.53,92.09,35.42,16.75,1,-1,-1,-1
286,51,1833.73,377.06,48.52,25.10,1,-1,-1,-1
286,53,526.62,996.70,159.69,83.37,1,-1,-1,-1
287,16,1533.98,486.49,160.54,185.54,1,-1,-1,-1
287,17,1465.07,579.75,108.06,96.08,1,-1,-1,-1
287,18,1634.14,119.87,104.55,82.32,1,-1,-1,-1
287,19,302.75,120.52,95.41,73.76,1,-1,-1,-1
287,20,0.16,386.71,59.38,109.58,1,-1,-1,-1
287,21,181.29,121.31,93.70,68.73,1,-1,-1,-1
287,22,336.30,56.30,64.48,22.87,1,-1,-1,-1
287,25,216.79,64.91,38.00,20.46,1,-1,-1,-1
287,26,1778.97,372.63,24.47,28.33,1,-1,-1,-1
287,27,260.54,92.08,35.40,16.74,1,-1,-1,-1
287,51,1833.73,376.99,48.55,25.12,1,-1,-1,-1
287,53,516.00,996.22,164.67,84.26,1,-1,-1,-1
288,16,1533.94,485.83,160.24,182.13,1,-1,-1,-1
288,17,1465.45,579.78,108.06,96.05,1,-1,-1,-1
288,18,1634.18,119.94,104.38,82.22,1,-1,-1,-1
288,19,302.81,120.61,95.01,74.28,1,-1,-1,-1
288,20,-0.01,386.72,59.12,109.49,1,-1,-1,-1
288,21,181.18,121.32,93.68,68.76,1,-1,-1,-1
288,22,336.30,56.30,64.47,22.86,1,-1,-1,-1
288,25,216.79,64.91,37.99,20.46,1,-1,-1,-1
288,26,1778.93,372.51,24.38,28.45,1,-1,-1,-1
288,27,260.55,92.08,35.39,16.74,1,-1,-1,-1
288,51,1833.78,377.05,48.57,25.13,1,-1,-1,-1
288,53,501.42,996.25,172.77,84.99,1,-1,-1,-1
289,16,1504.66,491.17,177.57,189.73,1,-1,-1,-1
289,18,1634.20,120.01,104.23,82.14,1,-1,-1,-1
289,19,302.95,120.62,94.74,74.78,1,-1,-1,-1
289,20,0.05,387.69,59.05,108.28,1,-1,-1,-1
289,21,181.11,121.31,93.62,68.79,1,-1,-1,-1
289,22,336.30,56.30,64.47,22.87,1,-1,-1,-1
289,25,216.79,64.92,37.99,20.46,1,-1,-1,-1
289,26,1779.17,372.72,24.27,28.56,1,-1,-1,-1
289,27,260.56,92.08,35.37,16.73,1,-1,-1,-1
289,51,1833.69,377.03,48.59,25.19,1,-1,-1,-1
289,53,491.45,994.39,175.22,86.15,1,-1,-1,-1
290,16,1491.15,492.25,189.76,194.54,1,-1,-1,-1
290,18,1634.21,120.02,104.13,82.04,1,-1,-1,-1
290,19,303.03,120.55,94.55,75.18,1,-1,-1,-1
290,20,0.13,388.37,59.06,107.31,1,-1,-1,-1
290,21,181.13,121.30,93.55,68.81,1,-1,-1,-1
290,22,336.29,56.30,64.47,22.87,1,-1,-1,-1
290,25,216.79,64.92,37.98,20.45,1,-1,-1,-1
290,26,1779.28,372.72,24.24,28.62,1,-1,-1,-1
290,27,260.56,92.08,35.36,16.73,1,-1,-1,-1
290,51,1833.61,377.04,48.55,25.20,1,-1,-1,-1
290,53,488.82,993.71,176.50,86.69,1,-1,-1,-1
291,16,1483.86,492.56,198.74,197.38,1,-1,-1,-1
291,18,1632.14,120.40,105.38,82.73,1,-1,-1,-1
291,19,303.10,120.49,94.38,75.53,1,-1,-1,-1
291,20,0.09,388.19,58.96,107.00,1,-1,-1,-1
291,21,181.18,121.22,93.42,68.73,1,-1,-1,-1
291,22,336.29,56.30,64.46,22.87,1,-1,-1,-1
291,25,216.79,64.92,37.99,20.46,1,-1,-1,-1
291,26,1779.17,372.63,24.27,28.56,1,-1,-1,-1
291,27,260.57,92.08,35.34,16.74,1,-1,-1,-1
291,53,481.66,989.03,181.65,90.31,1,-1,-1,-1
292,16,1508.43,486.13,188.03,192.03,1,-1,-1,-1
292,17,1465.95,579.31,108.06,96.41,1,-1,-1,-1
292,18,1633.33,120.03,104.97,82.45,1,-1,-1,-1
292,19,303.19,120.40,94.19,75.77,1,-1,-1,-1
292,20,0.17,388.06,58.99,106.60,1,-1,-1,-1
292,21,181.28,121.19,93.25,68.71,1,-1,-1,-1
292,22,336.29,56.30,64.47,22.88,1,-1,-1,-1
292,25,216.80,64.91,37.99,20.46,1,-1,-1,-1
292,26,1779.09,372.69,24.28,28.45,1,-1,-1,-1
292,27,260.59,92.09,35.33,16.74,1,-1,-1,-1
292,51,1833.53,377.07,48.34,25.07,1,-1,-1,-1
292,53,477.38,984.98,188.51,94.12,1,-1,-1,-1
293,16,1519.68,484.23,180.10,187.01,1,-1,-1,-1
293,17,1466.19,579.13,108.22,96.64,1,-1,-1,-1
293,18,1633.89,119.95,104.63,82.26,1,-1,-1,-1
293,19,303.21,120.33,94.09,75.97,1,-1,-1,-1
293,20,0.24,387.94,59.10,106.45,1,-1,-1,-1
293,21,181.39,121.19,93.12,68.68,1,-1,-1,-1
293,22,336.31,56.29,64.46,22.89,1,-1,-1,-1
293,25,216.81,64.91,37.97,20.46,1,-1,-1,-1
293,26,1779.10,372.82,24.27,28.29,1,-1,-1,-1
293,27,260.59,92.09,35.32,16.74,1,-1,-1,-1
293,53,470.06,980.82,193.65,97.95,1,-1,-1,-1
294,16,1525.09,483.17,173.90,181.40,1,-1,-1,-1
294,17,1466.18,578.98,108.42,96.80,1,-1,-1,-1
294,18,1634.05,119.95,104.45,82.12,1,-1,-1,-1
294,19,303.21,120.20,94.03,76.03,1,-1,-1,-1
294,20,0.29,388.16,59.22,106.23,1,-1,-1,-1
294,21,181.41,121.13,93.05,68.57,1,-1,-1,-1
294,22,336.30,56.29,64.46,22.90,1,-1,-1,-1
294,25,216.81,64.91,37.97,20.46,1,-1,-1,-1
294,26,1779.10,372.82,24.24,28.26,1,-1,-1,-1
294,27,260.59,92.09,35.32,16.74,1,-1,-1,-1
294,51,1833.69,377.02,48.20,25.03,1,-1,-1,-1
294,53,464.59,978.02,196.96,100.89,1,-1,-1,-1
295,16,1528.37,484.21,169.46,177.72,1,-1,-1,-1
295,17,1466.28,578.98,108.62,96.93,1,-1,-1,-1
295,18,1634.02,119.98,104.39,82.04,1,-1,-1,-1
295,19,303.34,119.64,94.76,74.87,1,-1,-1,-1
295,20,0.10,387.83,59.04,106.45,1,-1,-1,-1
295,21,181.52,121.13,92.97,68.49,1,-1,-1,-1
295,22,336.29,56.29,64.48,22.91,1,-1,-1,-1
295,25,216.81,64.91,37.97,20.47,1,-1,-1,-1
295,26,1779.08,372.80,24.22,28.20,1,-1,-1,-1
295,27,260.59,92.09,35.33,16.75,1,-1,-1,-1
295,51,1833.78,377.03,48.15,25.00,1,-1,-1,-1
295,53,458.67,972.17,199.39,105.58,1,-1,-1,-1
296,16,1530.20,484.63,165.84,174.04,1,-1,-1,-1
296,17,1465.93,579.10,108.36,96.90,1,-1,-1,-1
296,18,1633.98,120.01,104.36,81.98,1,-1,-1,-1
296,19,303.14,120.11,94.54,75.19,1,-1,-1,-1
296,20,0.17,388.03,59.08,106.12,1,-1,-1,-1
296,21,181.71,121.13,92.84,68.40,1,-1,-1,-1
296,22,336.28,56.28,64.49,22.91,1,-1,-1,-1
296,25,216.81,64.91,37.97,20.46,1,-1,-1,-1
296,26,1779.09,372.77,24.21,28.25,1,-1,-1,-1
296,27,260.59,92.09,35.32,16.75,1,-1,-1,-1
296,51,1833.86,377.07,48.07,24.96,1,-1,-1,-1
296,53,454.05,966.68,199.52,110.28,1,-1,-1,-1
297,16,1531.80,486.48,163.36,172.69,1,-1,-1,-1
297,17,1465.79,579.05,107.89,96.88,1,-1,-1,-1
297,18,1631.30,120.38,105.94,82.73,1,-1,-1,-1
297,19,303.10,120.30,94.40,75.52,1,-1,-1,-1
297,20,0.11,387.48,58.99,106.25,1,-1,-1,-1
297,21,181.82,121.17,92.75,68.38,1,-1,-1,-1
297,22,336.28,56.28,64.49,22.91,1,-1,-1,-1
297,25,216.81,64.92,37.97,20.46,1,-1,-1,-1
297,26,1779.10,372.68,24.19,28.30,1,-1,-1,-1
297,27,260.59,92.09,35.32,16.74,1,-1,-1,-1
297,51,1833.89,377.03,47.90,24.94,1,-1,-1,-1
297,53,451.02,962.11,202.36,114.96,1,-1,-1,-1
298,16,1532.77,487.47,161.08,171.63,1,-1,-1,-1
298,17,1465.51,579.29,107.20,96.62,1,-1,-1,-1
298,18,1629.91,120.38,107.13,83.27,1,-1,-1,-1
298,19,303.15,120.41,94.27,75.89,1,-1,-1,-1
298,20,0.10,387.31,58.94,106.40,1,-1,-1,-1
298,21,181.74,121.20,92.71,68.34,1,-1,-1,-1
298,22,336.27,56.29,64.48,22.90,1,-1,-1,-1
298,25,216.80,64.92,37.96,20.45,1,-1,-1,-1
298,26,1779.10,372.60,24.20,28.39,1,-1,-1,-1
298,27,260.58,92.09,35.32,16.73,1,-1,-1,-1
298,51,1833.87,377.02,47.63,24.88,1,-1,-1,-1
298,53,444.39,957.29,202.65,119.55,1,-1,-1,-1
299,16,1532.63,486.29,158.37,168.04,1,-1,-1,-1
299,17,1465.60,579.46,106.96,96.42,1,-1,-1,-1
299,18,1628.88,120.35,108.18,83.68,1,-1,-1,-1
299,19,303.18,120.36,94.12,76.13,1,-1,-1,-1
299,20,0.12,387.10,58.90,106.26,1,-1,-1,-1
299,21,181.78,121.22,92.69,68.31,1,-1,-1,-1
299,22,336.29,56.29,64.46,22.90,1,-1,-1,-1
299,25,216.80,64.92,37.96,20.45,1,-1,-1,-1
299,26,1779.07,372.74,24.23,28.47,1,-1,-1,-1
299,27,260.59,92.10,35.32,16.73,1,-1,-1,-1
299,51,1833.88,377.02,47.36,24.82,1,-1,-1,-1
299,53,440.07,952.98,200.59,123.74,1,-1,-1,-1
300,16,1533.49,487.42,156.75,166.77,1,-1,-1,-1
300,17,1465.56,579.62,106.73,96.21,1,-1,-1,-1
300,18,1628.49,120.25,108.83,83.94,1,-1,-1,-1
300,19,303.23,120.27,94.04,76.29,1,-1,-1,-1
300,20,0.14,387.07,58.89,106.17,1,-1,-1,-1
300,21,181.84,121.24,92.69,68.30,1,-1,-1,-1
300,22,336.29,56.29,64.46,22.90,1,-1,-1,-1
300,25,216.80,64.92,37.96,20.45,1,-1,-1,-1
300,26,1779.04,372.62,24.29,28.50,1,-1,-1,-1
300,27,260.59,92.10,35.31,16.73,1,-1,-1,-1
300,51,1833.84,377.03,47.18,24.79,1,-1,-1,-1
300,53,432.39,947.41,204.51,129.16,1,-1,-1,-1
